mlbam,name
444482,David Peralta
453568,Charlie Blackmon
455117,Martín Maldonado
456781,Donovan Solano
457705,Andrew Mccutchen
457759,Justin Turner
458015,Joey Votto
462101,Elvis Andrus
467055,Pablo Sandoval
467793,Carlos Santana
493329,Yuli Gurriel
500743,Miguel Rojas
500871,Eduardo Escobar
501303,Ehire Adrianza
502054,Tommy Pham
502110,J. d. Martinez
502671,Paul Goldschmidt
506702,Sandy León
514888,José Altuve
516782,Starling Marte
518595,Travis D'arnaud
518692,Freddie Freeman
518735,Yasmani Grandal
518792,Jason Heyward
518934,Dj Lemahieu
519058,Mike Moustakas
519203,Anthony Rizzo
519317,Giancarlo Stanton
521692,Salvador Pérez
527038,Wilmer Flores
541645,Avisaíl García
541650,Hernán Pérez
542194,Christian Bethancourt
542208,Carlos Pérez
542303,Marcell Ozuna
542364,Rafael Ortega
542932,Jon Berti
542963,Rob Brantly
543063,Brandon Crawford
543068,C. j. Cron
543228,Yan Gomes
543257,Robbie Grossman
543281,Josh Harrison
543305,Aaron Hicks
543309,Kyle Higashioka
543510,James Mccann
543518,Scott Mcgough
543543,Brad Miller
543592,Austin Nola
543685,Anthony Rendon
543760,Marcus Semien
543807,George Springer
543877,Christian Vázquez
543939,Kolten Wong
544725,Leury García
545121,Ildemaro Vargas
545341,Randal Grichuk
545350,Jake Marisnick
545358,Max Stassi
545361,Mike Trout
546990,Anthony Alford
546991,Albert Almora
546994,C.J. Hinojosa
547180,Bryce Harper
547379,Roberto Pérez
547989,José Abreu
553869,Elías Díaz
553882,Omar Narváez
553988,Dixon Machado
553993,Eugenio Suárez
570481,Erik González
570482,Gio Urshela
570560,Yolmer Sánchez
571448,Nolan Arenado
571466,Tucker Barnhart
571657,Kyle Farmer
571745,Mitch Haniger
571771,Enrique Hernández
571875,Jake Lamb
571912,Luke Maile
571970,Max Muncy
572008,Chris Owings
572039,Stephen Piscotty
572138,Jon Singleton
572191,Michael Taylor
572204,Trayce Thompson
572228,Luke Voit
572233,Christian Walker
572761,Matt Carpenter
573262,Mike Yastrzemski
575929,Willson Contreras
578428,Jose Iglesias
592178,Kris Bryant
592192,Mark Canha
592200,Curt Casali
592205,Ryan Casteel
592206,Nick Castellanos
592273,Brandon Drury
592325,Ben Gamel
592348,Niko Goodrum
592450,Aaron Judge
592518,Manny Machado
592622,Mark Payton
592626,Joc Pederson
592663,J. t. Realmuto
592669,Hunter Renfroe
592696,Eddie Rosario
592885,Christian Yelich
593160,Whit Merrifield
593428,Xander Bogaerts
593871,Jorge Polanco
593934,Miguel Sanó
594807,Adam Duvall
595281,Kevin Kiermaier
595284,Andrew Knapp
595453,Chad Wallach
595751,Jorge Alfaro
595777,Jurickson Profar
595879,Javier Báez
595909,Jake Cave
595943,Phillip Evans
595956,Cam Gallagher
595978,Austin Hedges
596019,Francisco Lindor
596103,Austin Slater
596115,Trevor Story
596117,Garrett Stubbs
596129,Dan Vogelbach
596142,Gary Sánchez
596146,Max Kepler
596847,Ji man Choi
600869,Jeimer Candelario
602104,Ramón Urías
605113,Nick Ahmed
605119,Brian Anderson
605131,Austin Barnes
605137,Josh Bell
605141,Mookie Betts
605170,Víctor Caratini
605204,J. d. Davis
605244,Aramis Garcia
605346,Jack López
605353,Vimael Machín
605361,Nick Martini
605421,Michael Pérez
605548,Bradley Zimmer
605612,Harold Castro
606019,Esteban Quiroz
606115,Orlando Arcia
606192,Teoscar Hernández
606466,Ketel Marte
606992,Eric Haase
607043,Brandon Nimmo
607054,Jace Peterson
607067,Colin Rea
607208,Trea Turner
607680,Kevin Pillar
607732,Jacob Stallings
608070,José Ramírez
608324,Alex Bregman
608336,Joey Gallo
608348,Carson Kelly
608360,Chris Okey
608369,Corey Seager
608385,Jesse Winker
608422,José Godoy
608596,Tom Murphy
608671,Travis Jankowski
608700,Kevin Plawecki
608701,Rob Refsnyder
608841,Joey Meneses
609274,Elier Hernandez
609280,Miguel Andújar
613546,Angelo Castellano
613564,Jason Vosler
614173,Franchy Cordero
620439,Franklin Barreto
620443,Luis Torrens
621006,Richie Martin
621008,Alex De goti
621020,Dansby Swanson
621028,Kevin Newman
621035,Chris Taylor
621043,Carlos Correa
621311,David Dahl
621433,Brett Phillips
621438,Tyrone Taylor
621439,Byron Buxton
621450,Skye Bolt
621458,Edwin Ríos
621466,Dj Stewart
621493,Taylor Ward
621512,Tomás Nido
621529,Joe Hudson
621532,Anthony Bemboom
621545,Zach Remillard
621550,Patrick Wisdom
621563,Joey Wendle
621566,Matt Olson
622110,Matt Duffy
622268,Donovan Walton
622491,Luis Castillo
622534,Manuel Margot
622569,Pablo Reyes
622761,Jorge Mateo
623168,Tyler Heineman
623205,Andrew Velazquez
623507,Josh Lester
623520,David Bote
623912,Harold Ramírez
623993,Anthony Santander
624413,Pete Alonso
624414,Christian Arroyo
624415,Cavan Biggio
624424,Michael Conforto
624428,Adam Frazier
624431,Jose Trevino
624503,Nick Gordon
624512,Reese Mcguire
624513,Dom Nuñez
624585,Jorge Soler
624641,Edmundo Sosa
628451,Andy Ibáñez
630105,Jake Cronenworth
631222,Michael De La Cruz
640458,Óscar Mercado
640459,Brian Navarreto
640460,Dustin Peterson
640492,José Azocar
640902,Jhonny Pereda
641313,Tim Anderson
641343,Jake Bauers
641355,Cody Bellinger
641432,Willie Calhoun
641487,J. p. Crawford
641505,Jonathan Davis
641511,Jason Delay
641531,Hunter Dozier
641555,J. c. Escarra
641584,Jake Fraley
641598,Mitch Garver
641645,Luis Guillorme
641658,Garrett Hampson
641680,Jonah Heim
641779,Charles Leblanc
641796,Tim Locastro
641820,Trey Mancini
641829,Jason Martin
641856,Billy Mckinney
641857,Ryan Mcmahon
641924,Jacob Nottingham
641933,Tyler O'neill
641943,Joshua Palacios
642020,Chuckie Robinson
642021,Errol Robinson
642082,Chance Sisco
642086,Dominic Smith
642133,Rowdy Tellez
642134,Robbie Tenerowicz
642136,Matt Thaiss
642137,Cody Thomas
642165,Josh Vanmeter
642180,Tyler Wade
642197,Jamie Westbrook
642201,Eli White
642215,Weston Wilson
642336,Francisco Mejía
642350,José Siri
642451,Luis Liberato
642708,Amed Rosario
642715,Willy Adames
642720,Ray-Patrick Didder
642727,Sergio Alcántara
642731,Thairo Estrada
642851,Austin Wynns
643217,Andrew Benintendi
643265,Garrett Cooper
643289,Mauricio Dubón
643348,Caleb Hamilton
643376,Danny Jansen
643393,Tony Kemp
643396,Isiah Kiner-falefa
643446,Jeff Mcneil
643565,Mike Tauchman
644433,Chadwick Tromp
645277,Ozzie Albies
645302,Víctor Robles
645305,Ali Sánchez
645444,José Herrera
645801,Mike Ford
646240,Rafael Devers
647304,Josh Naylor
647351,Abraham Toro
647378,Andy Yerzy
649557,Aledmys Díaz
649966,Luis Urías
650331,Lewin Díaz
650333,Luis Arráez
650391,Eloy Jiménez
650402,Gleyber Torres
650489,Willi Castro
650490,Yandy Díaz
650559,Bryan De la cruz
650859,Luis Rengifo
650907,René Pinto
650968,Yohel Pozo
651016,Matt Lloyd
655316,Andruw Monasterio
656024,Carlos Pérez
656180,Riley Adams
656185,Greg Allen
656248,Sean Bouchard
656305,Matt Chapman
656308,Michael Chavis
656388,Joe Dunand
656413,Stuart Fairchild
656448,Stone Garrett
656462,Isiah Gilliam
656484,Tristan Gray
656495,Dalton Guthrie
656537,Derek Hill
656541,Sam Hilliard
656555,Rhys Hoskins
656577,Alex Jackson
656582,Connor Joe
656627,Mark Kolozsvary
656666,Drew Lugbauer
656669,Jordan Luplow
656716,Zach Mckinstry
656775,Cedric Mullins
656811,Ryan O'hearn
656821,Kevin Padlo
656883,Jakson Reetz
656896,Emmanuel Rivera
656941,Kyle Schwarber
656976,Pavin Smith
657041,Lane Thomas
657061,Cole Tucker
657077,Alex Verdugo
657088,Forrest Wall
657136,Connor Wong
657193,Eddy Alvarez
657247,Brian O'keefe
657557,Paul Dejong
657562,Patrick Dorrian
657656,Ramón Laureano
657709,Michael Papierski
657757,Gavin Sheets
658668,Edward Olivares
659359,Zac Fascia
660162,Yoán Moncada
660271,Shohei Ohtani
660294,Yoshi Tsutsugo
660613,Ronaldo Hernández
660614,Arquímedes Gamboa
660634,Yonny Hernández
660636,Diego Castillo
660644,Vidal Bruján
660670,Ronald Acuña
660688,Keibert Ruiz
660707,Elehuris Montero
660710,Rodolfo Durán
660757,Oscar González
660758,Sandro Fabian
660766,Juan Yepez
660821,Jesús Sánchez
660829,Hoy Park
660844,Leo Rivas
661388,William Contreras
661411,Lorenzo Cedrola
661531,Brian Serven
661733,Max Burt
662139,Daulton Varsho
663330,Jahmai Jones
663368,Blake Perkins
663369,Jeremy Eierman
663457,Lars Nootbaar
663478,Brendon Davis
663494,Bryan Torres
663503,Elih Marrero
663527,Tyler Nevin
663536,Tristin English
663538,Nico Hoerner
663550,Trey Cabbage
663584,Hayden Senger
663586,Austin Riley
663604,Brandon Lockridge
663609,Luken Baker
663611,Nick Madrigal
663616,Trevor Larnach
663624,Ryan Mountcastle
663630,Ryan Mckenna
663647,Ke'bryan Hayes
663656,Kyle Tucker
663662,Daz Cameron
663697,Jonathan India
663698,Joey Bart
663714,Matt Kroon
663727,Scott Kapers
663728,Cal Raleigh
663731,Connor Kaiser
663743,Nick Fortes
663757,Trent Grisham
663796,Coco Montes
663807,Nick Dalesandro
663837,Matt Vierling
663845,Alfonso Rivas
663853,Romy Gonzalez
663886,Tyler Stephenson
663897,Luke Williams
663898,Brendan Rodgers
663905,Travis Blankenhorn
663944,Cody Roberts
663967,César Salazar
663968,Jake Mangum
663979,Kyle Datres
663993,Nathaniel Lowe
664023,Ian Happ
664034,Ty France
664040,Brandon Lowe
664056,Harrison Bader
664058,David Fletcher
664059,Sam Haggerty
664068,Scott Kingery
664104,Tyler Neslony
664119,Austin Allen
664120,Max McDowell
664238,Dylan Moore
664247,Kyle Garlick
664314,Estevan Florial
664332,Moisés Gómez
664670,Alejo López
664702,Myles Straw
664728,Kyle Isbel
664731,P. j. Higgins
664753,Marty Costes
664761,Alec Bohm
664770,Nathan Lukes
664774,Lamonte Wade
664848,Donny Sands
664874,Seby Zavala
664901,Danny Mendick
664913,Seth Brown
664954,Brett Sullivan
664983,Jake Mccarthy
665019,Kody Clemens
665052,Griffin Conine
665120,Jared Walsh
665155,Nick Maton
665161,Jeremy Peña
665180,Ruben Cardenas
665482,Gilberto Celestino
665487,Fernando Tatís
665489,Vladimir Guerrero
665506,Cristian Pache
665561,Rafael Marchán
665648,Ricardo Genovés
665742,Juan Soto
665750,Leody Taveras
665782,Luis De los santos
665804,Miguel Amaya
665828,Oswaldo Cabrera
665833,Oneil Cruz
665839,Enmanuel Valdez
665846,Jesús Bastidas
665856,Jair Camargo
665861,Sebastián Rivero
665862,Jazz Chisholm
665877,José Fermín
665888,Cristopher Navarro
665912,Miguel Hernandez
665922,Símon Muzziotti
665923,Esteury Ruiz
665926,Andrés Giménez
665953,Andrés Chaparro
665966,Carlos Narváez
665975,Lolo Sanchez
665987,Leonel Valera
665989,Shervyen Newton
665998,Ismael Munguia
666018,Jonathan Aranda
666023,Freddy Fermin
666124,Luke Berryhill
666126,Carlos Cortes
666133,Herbert Iser
666134,Nolan Jones
666135,Alex Kirilloff
666139,Josh Lowe
666140,Brandon McIlwain
666149,Tyler Fitzgerald
666150,Dominic Fletcher
666152,David Hamilton
666158,Gavin Lux
666160,Mickey Moniak
666163,Ben Rortvedt
666165,Blake Sabol
666176,Jo Adell
666179,Seth Beer
666181,Will Benson
666182,Bo Bichette
666183,Hunter Bishop
666185,Dylan Carlson
666197,Grae Kessinger
666198,Carter Kieboom
666211,Taylor Trammell
666310,Bo Naylor
666397,Edouard Julien
666464,Jerar Encarnacion
666624,Christopher Morel
666695,Jonathan Guzmán
666703,Eguy Rosario
666783,Yusniel Díaz
666801,Rodolfo Castro
666906,Jake Alu
666915,Bobby Dalbec
666931,Jared Oliva
666969,Adolis García
666971,Lourdes Gurriel
667240,Jason Matthews
667372,Julio E. Rodriguez
667428,Grant Koch
667442,Connor Hollis
667452,Corey Julks
667472,Dane Myers
667663,Hunter Stovall
667670,Brent Rooker
667690,C. j. Stubbs
667803,Ernesto Martinez Jr.
668227,Randy Arozarena
668472,Nick Pratto
668663,Tres Barrera
668664,Chase Strumpf
668667,Daniel Cabrera
668670,Jake Rogers
668709,Jj Bleday
668715,Spencer Steer
668721,Payton Henry
668723,Ryan Vilade
668731,Akil Baddoo
668751,Cal Mitchell
668752,Duke Ellis
668756,Ben Ramirez
668787,Bryce Ball
668791,Anthony Prato
668800,Andrew Knizner
668804,Bryan Reynolds
668824,Logan Wyatt
668832,Kyle Mccann
668833,Morgan McCullough
668842,Michael Berglund
668843,Conner Capel
668845,Aaron Schunk
668853,Austin Shenton
668860,Kale Emshoff
668876,Zach Humphreys
668885,Austin Martin
668901,Mark Vientos
668904,Royce Lewis
668929,Noah Campbell
668930,Brice Turang
668939,Adley Rutschman
668942,Josh Rojas
668952,Ryan Kreidler
668965,Freddy Zamora
668974,Maverick Handley
669002,Connor Scott
669003,Garrett Mitchell
669004,Mj Melendez
669016,Brandon Marsh
669023,Jeter Downs
669065,Kyle Stowers
669087,Sam Huff
669127,Shea Langeliers
669134,Luis Campusano
669137,Armando Alvarez
669200,Mason Mccoy
669208,Ryan Bliss
669221,Sean Murphy
669222,Nick Senzel
669224,Austin Wells
669227,Kendall Simmons
669234,Justyn-henry Malloy
669236,Jeremiah Jackson
669242,Tommy Edman
669256,Nick Solak
669257,Will Smith
669261,Jack Suwinski
669288,Daniel Johnson
669289,Santiago Espinal
669304,José Miranda
669309,Joe Perez
669326,Bryce Teodosio
669336,Joe Gray Jr.
669352,Bubba Thompson
669357,Nolan Gorman
669360,Trei Cruz
669364,Xavier Edwards
669369,Bryce Johnson
669374,Keston Hiura
669384,Raynel Delgado
669386,Trevor Hauver
669392,Samad Taylor
669394,Jake Burger
669397,Nick Allen
669398,Gage Workman
669413,Frainyer Chavez
669432,Trevor Rogers
669439,Drew Swift
669442,Alerick Soularie
669450,Cooper Hummel
669471,Devin Mann
669477,Casey Schmitt
669649,Ty Duvall
669699,Braden Shewmake
669701,Josh Smith
669707,Jared Triolo
669717,Will Wilson
669720,Austin Hays
669722,Logan Davidson
669742,Darick Hall
669743,Alex Call
669899,Ryan Ward
669911,Michael Toglia
669945,Chavez Young
670032,Nicky Lopez
670042,Luke Raley
670076,Lyle Lin
670092,Trenton Brooks
670097,Zack Short
670113,Jim Haley
670128,Taylor Kohlwey
670148,Nate Mondou
670156,Miles Mastrobuoni
670190,Carter Bins
670208,Matt Fraizer
670223,Matt Mervis
670224,Kameron Misner
670231,John Rave
670232,Ramón Rodríguez
670237,Jake Slaughter
670242,Matt Wallner
670276,Cal Stevenson
670351,José Rojas
670541,Yordan Álvarez
670623,Isaac Paredes
670712,Mike Brosseau
670764,Taylor Walls
670768,Luis González
670770,Tj Friedl
670860,Lazaro Armenteros
670868,Abrahan Gutierrez
670869,Livan Soto
670870,Yunior Severino
671056,Iván Herrera
671083,Buddy Kennedy
671088,Tanner Morris
671113,Zach Daniels
671117,Darren Baker
671155,Ivan Johnson
671213,Triston Casas
671218,Heliot Ramos
671221,Drew Waters
671271,Jeisson Rosario
671272,David García
671277,Luis García
671284,Tim Elko
671286,Johnathan Rodríguez
671287,Phil Clarke
671289,Tyler Freeman
671655,George Valera
671732,Lawrence Butler
671739,Michael Harris
671913,Damiano Palmegiani
671956,Noah Myers
671976,Tristan Peters
672012,Tyler Black
672016,Denzel Clarke
672018,Dasan Brown
672275,Patrick Bailey
672279,Michael Siani
672284,Jarred Kelenic
672356,Gabriel Arias
672357,Jordy Barley
672359,Tirso Ornelas
672361,Agustin Ruiz
672373,Jeferson Morales
672386,Alejandro Kirk
672463,Rafael Lantigua
672478,Jordan Diaz
672515,Gabriel Moreno
672537,Dalvy Rosario
672569,Gustavo Campero
672580,Maikel García
672596,Robert Perez Jr.
672613,Eliezer Alfonzo
672640,Otto Lopez
672642,Steward Berroa
672695,Geraldo Perdomo
672696,Francisco Acuna
672701,José Devers
672724,Oswald Peraza
672744,Alexander Canario
672761,Wenceel Pérez
672820,Lenyn Sosa
672832,Israel Pineda
672850,Jorge Caballero
673237,Yainer Diaz
673357,Luis Robert
673490,Ha-seong Kim
673548,Seiya Suzuki
673893,Trevor Schwecke
673901,Vaun Brown
673962,Josh Jung
673990,Andy Thomas
673995,Davis Wendzel
674441,Jacob Hurtubise
674646,Tucker Bradley
674951,Nick Podkul
675085,Jonathon Long
675394,Johnny Olmstead
675448,Blake Hunt
675455,Milan Tolentino
675628,Darius Hill
675656,Kevin Smith
675659,Greg Jones
675662,Matt Whatley
675910,Chris Williams
675915,David Bañuelos
675961,Alika Williams
675986,Canaan Smith-njigba
675994,Devonte Brown
676017,Micael Ramirez
676024,Donta' Williams
676044,Bob Seymour
676045,Casey Martin
676053,Casey Opitz
676059,Jordan Westburg
676070,Jacob Amaya
676113,Zach Deloach
676116,Ryan Noda
676155,Will Frizzell
676198,Chase Pinder
676203,Marcos Castañon
676288,Baron Radcliff
676309,Zach Britton
676332,Caleb Knight
676356,Jonny Deluca
676369,Nelson Velázquez
676391,Ernie Clement
676423,Dylan Rock
676439,Hunter Feduccia
676463,Hayden Cantrelle
676466,Jack Winkler
676473,Lamar Sparks
676475,Alec Burleson
676480,José Barrero
676509,Josh Crouch
676545,Anthony Servideo
676551,Brewer Hicklen
676566,Shawn Ross
676572,Eric Wagaman
676609,José Caballero
676625,Rylan Bannon
676628,Mark Contreras
676632,Bligh Madris
676679,Luis Vázquez
676694,Jake Meyers
676701,Alan Trejo
676724,Jared Young
676801,Chas Mccormick
676811,Quincy Nieporte
676812,Carson Mccusker
676857,Jancarlos Cintron
676882,Chandler Seagle
676896,Chris Roller
676914,Davis Schneider
676939,Jimmy Herron
676946,Matthew Batten
677007,Josh Breaux
677008,Heston Kjerstad
677049,Josh Hatcher
677060,Chad Stevens
677319,Cameron Barstad
677341,Osiris Johnson
677342,Brock Jones
677347,Kyren Paris
677356,Carter Young
677565,Kristian Robinson
677570,Aaron Bracho
677578,Carlos Rodríguez
677581,Cesar Idrogo
677587,Brayan Rocchio
677588,José Tena
677592,Everson Pereira
677594,Julio Rodríguez
677595,Ronny Mauricio
677599,Miguel Hiraldo
677601,Keyber Rodriguez
677649,Ezequiel Duran
677800,Wilyer Abreu
677870,Leo Jimenez
677941,Jordyn Adams
677942,Blaze Alexander
677943,Will Banfield
677950,Alek Thomas
677951,Bobby Witt
677954,Jordan Groshans
677956,Rece Hinds
678006,Nick Decker
678009,Parker Meadows
678010,Nick Schnell
678011,Anthony Seigler
678021,Nicholas Northcut
678099,Gavin Logan
678225,Ji hwan Bae
678232,Jesus Valdez
678246,Miguel Vargas
678285,Fabian Pertuz
678323,Allan Cerda
678391,Jorbit Vivas
678413,Alexfri Planez
678489,Jorge Barrosa
678545,Osleivis Basabe
678554,Curtis Mead
678652,Jesus Chirinos
678662,Ezequiel Tovar
678689,Neyfy Castillo
678706,Reivaj Garcia
678729,Nelson Medina
678742,Rainer Nunez
678746,Diego Hernandez
678760,Eddys Leonard
678807,Carlos Santiago
678828,Dereck Salom
678837,Bladimir Restituyo
678849,Rolando Espinosa
678863,Carlos Arroyo
678877,Jhonkensy Noel
678882,Ceddanne Rafaela
678893,Jefferson Encarnacion
678894,Liover Peguero
678900,Alexander Ovalles
678926,Carlos De La Cruz
678962,Daniel Vellojin
679032,Johan Rojas
679529,Spencer Torkelson
679545,Joe Suozzi
679602,Drew Ehrhard
679631,Terrin Vavra
679663,Stephen Scott
679734,Julio Carreras
679741,Wilderd Patiño
679751,Danny Bautista Jr.
679754,Alberto Rodriguez
679788,Jack Rogers
679821,Rowdey Jordan
679822,Justin Foscue
679845,Nick Loftin
679881,J. p. Martínez
679938,Yoyner Fajardo
680118,Dairon Blanco
680244,Ross Adolph
680273,Chris Meyers
680418,Tyler Cropley
680474,Max Schuemann
680518,Zavier Warren
680552,Travis Swaggerty
680574,Matt Mclain
680577,Dashawn Keirsey
680586,Reidy Mercado
680636,Ramon Mendoza
680642,Darlin Moquete
680643,Juan Mora
680672,Luke Waddell
680683,Jameson Hannah
680690,Korey Holland
680693,Grant Lavigne
680695,Brennen Davis
680700,Richie Palacios
680709,Nick Dunn
680711,Cole Roederer
680716,Jonathan Ornelas
680718,Addison Barger
680719,Niko Decolati
680722,Nick Meyer
680728,Adrian Del castillo
680737,Michael Helman
680753,Adam Hackenberg
680756,Mat Nelson
680757,Steven Kwan
680769,Cj Alexander
680771,Mateo Gil
680776,Jarren Duran
680777,Ryan Jeffers
680779,Henry Davis
680799,Seth Gray
680810,Quincy Hamilton
680814,Peyton Burdick
680815,Damon Dues
680837,Ryan Fitzgerald
680846,Pablo Aliendo
680862,Willie Maciver
680868,Patrick Winkel
680869,Zack Gelof
680881,Niko Hulsizer
680890,Jax Biggers
680906,Josiah Sightler
680911,Owen Miller
680918,Brady Allen
680932,Pedro Martinez
680963,Cody Wilson
680971,Jake Anchia
680977,Brendan Donovan
680996,Luke Mann
681047,Christian Franklin
681068,Jayce Easley
681082,Bryson Stott
681098,Bill Knight
681114,Michael Trautwein
681123,Luca Tresh
681132,Max Ferguson
681142,Justice Thompson
681146,Jonah Bride
681159,Ethan Wilson
681172,Tyler Tolve
681184,Kevin Graham
681198,T.J. Rumfield
681230,BJ Murray Jr.
681286,JT Schwartz
681297,Colton Cowser
681317,Jeremiah Boyd
681323,Alex Binelas
681333,Dru Baker
681348,Hayden Jones
681351,Logan O'hoppe
681357,Cody Morissette
681371,Dominic Keegan
681377,Josh Hood
681393,Connor Norby
681439,Zach Morgan
681460,Brooks Baldwin
681468,Corey Rosier
681481,Kerry Carpenter
681495,Cade Fergus
681508,Mickey Gasper
681526,Bryan Lavastida
681538,Christian Molfetta
681540,Dylan Neuse
681546,James Outman
681580,Michael Turconi
681581,Andy Weber
681584,David Villar
681624,Andy Pages
681679,Stanley Consuegra
681715,Heriberto Hernandez
681807,David Fry
681831,Willie Joe Garry Jr.
681868,Ezequiel Pagan
681909,Justin Dean
681962,Vinny Capra
681987,Nate Eaton
681995,Eric Rodriguez
682011,Tyler Miller
682073,David Hensley
682090,Gionti Turner
682119,Levi Jordan
682177,Daniel Schneemann
682182,J.C. Correa
682183,Drew Avans
682187,Nick Ward
682191,Dawson Dimon
682192,Paul McIntosh
682210,Kody Hoese
682239,Luke Ritter
682265,Wes Clarke
682266,Brett Auerbach
682276,Jose Cordova
682515,Logan Porter
682617,Marco Luciano
682618,Misael Urbina
682619,Orelvis Martinez
682621,Gabriel Rodriguez
682622,Noelvi Marte
682626,Francisco Álvarez
682631,Eduarqui Fernandez
682633,Eduardo Garcia
682634,Kevin Alcántara
682637,Eduardo Lopez
682641,Luis Matos
682650,Malcom Nuñez
682653,Warming Bernabel
682657,Angel Martínez
682662,Rafael Morel
682663,Agustín Ramírez
682668,Luisangel Acuña
682674,Victor Bericoto
682679,Dayan Frias
682692,Miguel Palma
682707,Jeremy De La Rosa
682722,Isaac De León
682725,Cristhian Rodriguez
682728,Luis Chevalier
682729,Jonatan Clase
682732,Gabriel Moncada
682765,Albert Feliz
682796,Eddinson Paulino
682799,Elio Prado
682818,Yohendrick Pinango
682829,Elly De la cruz
682848,Endy Rodríguez
682868,Bryan Ramos
682877,Juan Brito
682927,Ronny Simon
682928,Cj Abrams
682947,Jose Ramos
682983,Jud Fabian
682985,Riley Greene
682987,Spencer Jones
682988,Tyler Locklear
682997,Tyler Callihan
682998,Corbin Carroll
683002,Gunnar Henderson
683004,Jack Leiter
683006,Chris Newell
683007,Darius Perry
683011,Anthony Volpe
683021,Michael Stefanic
683061,Alexander Vargas
683079,Omar Martinez
683083,Nasim Nuñez
683090,Matthew Lugo
683091,Logan Tanner
683104,Trey Faltine
683145,Colin Barber
683146,Brett Baty
683152,Michael Curialle
683172,Joe Naranjo
683227,Cody Freeman
683344,Homer Bush Jr.
683357,Owen Caissie
683427,Omar Hernandez
683447,Gabriel Martinez
683481,Nerwilian Cedeño
683485,Nelson Beltran
683490,J.J. D'Orazio
683493,William Lugo
683500,Maikol Escotto
683532,Christopher Familia
683539,Cristopher Barete
683610,Leandro Pineda
683616,Rodolfo Nolasco
683679,Jesus Rodriguez
683734,Andrew Vaughn
683735,Will Holland
683737,Michael Busch
683748,Victor Mesa
683766,Christian Koss
683770,Will Robertson
684081,Erick Brito
684519,Omar De Los Santos
684543,Daniel Cope
684576,Alex Isola
684712,Wilber Sanchez
684715,Nic Kent
684852,Geraldo Quintero
684922,Dalton Shuffield
685084,Jordan Brewer
685087,Jordan Nwogu
685091,Parker Chavers
685096,Scott McKeon
685127,Alex McGarry
685133,Wade Meckler
685277,Nick Kahle
685298,Cade Bunnell
685300,Grant Richardson
685301,Matt Gorski
685313,Elijah Dunham
685332,Carlos Mendoza
685382,Andrew Navigato
685388,Colin Simpson
685392,Trevor Boone
685580,Cristian More
685744,Kenedy Corona
686217,Sal Frelick
686251,Brady Lindsly
686438,Rubel Cespedes
686452,Drew Millas
686469,Vinnie Pasquantino
686475,Tyler Tolbert
686482,Logan Driscoll
686490,Cam Eden
686523,Peyton Wilson
686527,Dominic Canzone
686531,Andre Lipcius
686546,Matthew Dyer
686551,Christian Cairo
686554,Oliver Dunn
686555,Isaac Collins
686577,Keoni Cavaco
686611,Dylan Crews
686668,Brenton Doyle
686673,Will Bartlett
686676,Korey Lee
686677,Landon Stephens
686681,Michael Massey
686759,Tj Hopkins
686765,Nick Sogard
686766,William Simoneit
686780,Pedro Pagés
686781,Brandon Lewis
686797,Brooks Lee
686798,Yordys Valdes
686823,Will Brennan
686863,Daniel Mateo
686894,Joey Wiemer
686912,Maxwell Romero Jr.
686948,Drake Baldwin
686958,Jose Torres
686976,Silas Ardoin
686977,Bradlee Beesley
686981,Brenden Dixon
686984,Marcus Lee Sang
686989,James Free
687005,Kellen Strahm
687012,Tayler Aguilar
687020,Mason Auer
687036,Zach Zubia
687066,Eric Yang
687069,Josh Rivera
687071,Shane Sasaki
687073,Yan Contreras
687093,Vaughn Grissom
687136,Spencer Henson
687144,Corey Joyce
687152,Darrien Miller
687201,Kevin Kilpatrick Jr.
687206,Tres Gonzalez
687208,Nathan Hickey
687210,Nathan Martorella
687221,Dalton Rushing
687231,Darell Hernaiz
687248,Keshawn Ogans
687260,Brian Kalmer
687263,Zach Neto
687272,Tucker Flint
687282,Gabriel Rincones Jr.
687310,Will Simpson
687331,Quincy McAfee
687363,Victor Scott
687394,Jack Brannigan
687401,Joey Ortiz
687426,Glenn Santiago
687431,Hudson Head
687462,Spencer Horwitz
687470,Chandler Redmond
687478,Cam Devanney
687493,Luke Brown
687515,Colby Thomas
687521,Eric Brown Jr.
687526,Marcus Smith
687529,Grant Mccray
687551,Drew Gilbert
687554,DJ Gladney
687567,Jorel Ortega
687573,Nic Ready
687588,Micah Pries
687597,Jordan Beck
687605,Andrew Pinckney
687608,Liam Spence
687625,Kai Murphy
687627,Kody Huff
687637,Dylan Beavers
687659,Kaden Polcovich
687724,Jake Holton
687730,Caleb Cali
687731,Trevor Werner
687749,Jase Bowen
687783,Matthew Wood
687799,Cade Marlowe
687823,Aaron Shackelford
687833,Shayne Fontana
687859,Troy Johnston
687862,Cody Milligan
687867,Clay Dungan
687942,Torin Montgomery
687952,Christian Encarnacion-strand
687957,Dustin Harris
687981,John Rhodes
687982,Carson Jones
688005,Francisco Urbaez
688032,Matt Scheffler
688311,Drake Osborn
688363,Graham Pauley
688392,Terence Doston
688449,TT Bowens
688457,Gavin Cross
688460,Josh Kasevich
688507,Frank Nigro
688556,Brandon Parker
688682,Cooper Bowman
688714,Ryan Cermak
688760,Blaine Crim
688808,David Martin
688869,Justin Dirden
688907,Pres Cavenaugh
688963,William Sullivan
689041,Rhylan Thomas
689047,Jacob Wetzel
689070,Spencer Packard
689141,Anthony Hall
689172,Brett Wisely
689200,Jacob Melton
689288,Matt Koperniak
689302,Karson Simas
689355,Brett Roberts
689414,Liam Hicks
689531,Brett Squires
689651,Phillip Sikes
689688,Ethan Workinger
689731,Cole Roberts
689750,Jacob Buchberger
689763,Kyler Castillo
689858,Carmine Lane
689931,Peyton Graham
689959,Caeden Trenkle
689984,Zach Arnold
690022,Ryan Ritter
690107,Jackson Glenn
690180,Bryce Windham
690291,Jace Jung
690443,Mike Antico
690448,Mike Jarvis
690474,Tommy Sacco Jr.
690841,Matt O'Neill
690904,Cameron Masterman
690914,Brody Moore
690924,Braxton Fulford
690958,Drew Bowser
690961,Enrique Bradfield Jr.
690969,Kellum Clark
690976,Alex Freeland
690983,Hunter Haas
690984,Petey Halpin
690985,Colby Halter
690987,Robert Hassell
690988,Austin Hendrick
690992,Ed Howard
690993,Colt Keith
691001,Robert Moore
691002,Yohandy Morales
691003,Tre' Morgan
691011,Drew Romo
691016,Tyler Soderstrom
691019,Kyle Teel
691021,A.J. Vukovich
691023,Jordan Walker
691026,Masyn Winn
691176,Jasson Domínguez
691181,Emmanuel Rodriguez
691182,Adael Amador
691183,Kevin Made
691185,Maximo Acosta
691186,Arol Vera
691191,Jose Salas
691252,Jhon Diaz
691267,Alex Ramírez
691268,Yiddi Cappe
691269,Adrian Placencia
691277,Deyvison De Los Santos
691283,Sheng-Ping Chen
691369,Allan Castro
691370,Juan Chacon
691373,Jhostynxon Garcia
691392,Johnny Ascanio
691398,Yerlin Confidan
691406,Junior Caminero
691408,Maick Collado
691410,Jose Devers
691442,Wilfred Veras
691458,Blaze Jordan
691503,Yolbert Sanchez
691558,Yeiner Fernandez
691586,Renny Hidalgo
691594,Javier Sanoja
691601,Brenny Escanio
691616,Hedbert Perez
691620,Jeferson Quero
691621,Jheremy Vargas
691708,Junior Tilien
691710,Vincent Perozo
691718,Pete Crow-armstrong
691720,Kyle Karros
691723,Coby Mayo
691726,Kevin Sim
691728,Zac Veen
691740,Daniel Susac
691770,Braylon Bishop
691775,Ryan Clifford
691777,Max Muncy
691781,Brady House
691783,Jordan Lawlar
691785,Marcelo Mayer
691788,Joe Mack
691797,Ryan Spikes
691858,Jared Serna
691907,Tsung-che Cheng
691913,Jesus Castillo
691919,Ewry Espinal
691938,Willy Vasquez
691939,Jake DeLeo
692031,George Feliz
692044,Luis Suisbel
692046,Axel Sanchez
692118,Nathaniel Ochoa Leyva
692190,Donovan Antonia
692216,C. j. Kayfus
692225,Kristian Campbell
692390,Jose Cordoba
692405,Jeremy Rivas
692412,Elis Barreat
692416,Christian Cerda
692422,Odalys Peguero
692478,Victor Arias
692556,Kelvin Diaz
692562,Alexis Hernandez
692568,Miguel Ugueto
692585,Yanquiel Fernández
692657,Omar Alfonzo
692670,Jhonson Pena
693049,Oscar Colás
693073,Clayton Campbell
693304,Nick Gonzales
693306,Aaron Sabato
693307,Dillon Dingler
693409,César Prieto
693819,Kyle Nevin
693850,Kala'i Rosario
694025,Felix Reyes
694175,Pedro León
694181,Carlos Colmenarez
694182,Armando Cruz
694184,Cristian Santana
694185,Danny De Andrade
694186,Shalin Polanco
694192,Jackson Chourio
694193,Victor Acosta
694196,Diego Velasquez
694200,Ariel Almonte
694202,Manuel Beltre
694203,Denzer Guzman
694206,Daniel Guilarte
694208,Moisés Ballesteros
694211,Manuel Pena
694212,Samuel Basallo
694214,Samuel Zavala
694222,Ambioris Tavarez
694224,Gabriel Gonzalez
694249,Cole Carrigg
694266,D'Andre Smith
694271,R.J. Yeager
694292,Jeffrey Wehler
694304,Cole Fontenelle
694351,Jacob Berry
694355,Tyler Gentry
694359,Niko Kavadas
694362,Blake Dunn
694368,Jimmy Glowenke
694371,Tommy Troy
694374,Tim Tawa
694376,Shay Whitcomb
694377,Nick Yorke
694384,Nolan Schanuel
694385,Brock Wilken
694388,Joey Loperfido
694420,Tatem Levins
694425,Justice Bigbie
694444,Tavian Josenberger
694497,Evan Carter
694514,Sterlin Thompson
694580,Kemp Alderman
694671,Wyatt Langford
694673,Abimelec Ortiz
694689,Dominic Pitelli
694728,Brice Matthews
694749,Dylan Campbell
694754,Sabin Ceballos
694757,Maui Ahuna
694812,Tyler McDonough
694815,Jack Hurley
694829,Connor Burns
694838,Joe Vetrano
694848,Sam Brown
694930,Carson Taylor
694966,Brayden Taylor
694974,Colby Shade
694976,Osvaldo Tovalin
695013,Kalae Harrison
695020,Tanner Murray
695031,Josh Zamora
695068,Landon Wallace
695078,Jean Walters
695238,Will Wagner
695257,Billy Cook
695299,Terrell Tatum
695312,Aaron Palensky
695336,Thomas Saggese
695342,Colin Davis
695358,Jonny Butler
695372,Jake Gelof
695391,Brett Harris
695415,Bryson Worrell
695461,Harrison Spohn
695462,Cal Conley
695481,Jay Allen II
695490,Edwin Arroyo
695506,Jac Caglianone
695508,Cameron Cauley
695521,Gavin Conticello
695578,James Wood
695587,Bryson Horne
695596,Nick Raposo
695600,Carter Jensen
695603,Benny Montgomery
695604,T.J. White
695653,Noah Miller
695657,Colson Montgomery
695670,Harry Ford
695681,Christian Moore
695692,Cooper Kinney
695707,Brennon McNair
695734,Daylen Lile
695780,Jake Fox
695930,Frederick Bencosme
696020,Raudelis Martinez
696030,Alejandro Osuna
696100,Hunter Goodman
696135,Kahlil Watson
696140,Ethan Murray
696145,Lonnie White Jr.
696160,Jake Rucker
696264,Tyler Whitaker
696281,Wyatt Young
696285,Jacob Young
696291,Jordan McCants
696501,Mark Coley II
696521,Garrett Spain
698933,Ronald Hernandez
698941,Angel Tejada
699013,Esmerlyn Valdez
699014,Eddy Rodriguez
699031,Anyelo Encarnacion
699073,Thayron Liranzo
699082,Yhoangel Aponte
699097,Yeuni Munoz
699114,Leo Balcazar
699126,Gregory Barrios
699130,Jadher Areinamo
699144,Luis Ravelo
699157,Ahbram Liendo
699228,Jakey Josepha
699232,Anderdson Rojas
699293,Yohairo Cuevas
699302,Héctor Rodríguez
699305,Diego Mosquera
699393,Pedro Ramirez
699471,Ivan Melendez
699625,Jimmy Crooks
699912,Jose Fernandez
700081,Jake Thompson
700242,Trey Sweeney
700246,Carson Williams
700250,Ben Rice
700337,Edgar Quero
700341,Kenny Castillo
700358,Narbe Cruz
700652,Kenny Piper
700658,Chris Rotondo
700681,Nick Lorusso
700731,Keiner Delgado
700840,Christian Olivo
700845,Adam Zebrowski
700932,Kyle Manzardo
700936,Collin Burns
701162,Ben Malgeri
701295,Benjamin Blackwell
701305,Zach Dezenzo
701327,Elijah Green
701350,Roman Anthony
701358,Cam Smith
701398,Sal Stewart
701437,Jaden Rudd
701496,Ben Cowles
701538,Jackson Merrill
701544,Andy Blake
701618,Damon Keith
701634,Connor Kokx
701648,Aaron Zavala
701649,James Triantos
701655,Reed Trimble
701675,Nathan Church
701678,Hao-Yu  Lee
701762,Nick Kurtz
701778,Jace Avina
701817,River Town
702068,Cole Gabrielson
702112,Hogan Windish
702176,Alan Roden
702222,Justin Crawford
702253,Cam Collier
702258,Druw Jones
702261,Termarr Johnson
702283,Tucker Toman
702284,Cole Young
702292,Chase Luttrell
702302,RJ Schreck
702311,Angel Zarate
702315,Bennett Hostetler
702328,Wade Stauss
702332,Caleb Durbin
702333,Haydn McGeary
702358,Trey Lipscomb
702409,Jorge Ruiz
702472,Austin Callahan
702518,Jett Williams
702616,Jackson Holliday
702685,Brenner Cox
702690,Cutter Coffey
702708,Emaarion Boyd
702726,Luke Adams
702789,Austin Gauthier
702977,Dillon Head
703143,Cristhian Vaquero
703149,Roderick Arias
703150,Ricky Cabrera
703151,William Bergolla
703152,Anthony Gutierrez
703153,Samuel Munoz
703155,Lazaro Montes
703159,Simon Juan
703185,Nelson Rada
703197,Michael Arroyo
703245,Andres Sosa
703430,Anthony Scull
703520,Brett Bateman
703607,Henry Bolte
703612,Nick Peoples
703715,Wyatt Hoffman
703766,Dakota Harris
703920,Alsander Womack
800029,Modeifi Marte
800050,Chase Delauter
800051,Austin Charles
800056,Jace Grady
800060,Xavier Isaac
800194,Capri Ortiz
800195,Jorgelys Mota
800198,Cristofer Torin
800209,Estuar Suero
800231,Won-Bin Cho
800232,Luis Baez
800253,Jeffrey Mercedes
800294,Waner Luciano
800306,Jansel Luis
800316,Alexander Albertus
800325,Luis Lara
800343,Jose Sanabria
800345,Juan Baez
800357,Ricardo Gonzalez
800419,Jeral Perez
800440,Narciso Polanco
800473,Jefferson Rojas
800516,Alberto Hernandez
800522,Josue Briceño
800542,Angel Pierre
800543,Josue De Paula
800597,Nik McClaughry
800617,Reece Walling
800685,Sonny DiChiara
800765,Carter Howell
800959,Nick Goodwin
801039,John Garcia
801076,Justin Wishkoski
801126,Brock Rodden
801176,Cam Fisher
801194,Max Anderson
801442,Jack Pineda
801464,Andrew Pintar
801501,Nate Furman
801507,Jake Cunningham
801600,Bryce Willits
801670,Mike Boeve
801740,Karell Paz
801822,Jackson Feltner
802066,Yaisel Ramos
802407,Joe Lampe
802415,Chandler Simpson
802504,Myles Naylor
802506,Dylan O'Rae
802544,Brock Vradenburg
802991,E.J. Exposito
803033,Matthew Etzel
803385,Jay Harry
803745,Adrian Santana
804240,Jacob Burke
804588,Bubba Alleyne
804614,Marco Vargas
804645,Caden Connor
804668,Rafael Flores
804710,Brennan Orf
804858,Bryan Rincon
805168,Alejandro Nunez
805234,Tyler Robertson
805249,Otto Kemp
805280,Alex Iadisernia
805297,Alec Sayre
805300,Jakob Marsee
805339,Nick Clarno
805367,Chase Meidroth
805373,Nacho Alvarez
805672,Collin Price
805701,Angelo DiSpigna
805704,Keaton Anthony
805779,Jacob Wilson
805795,Aidan Miller
805796,Arjun Nimmala
805810,Blake Mitchell
805811,Bryce Eldridge
805834,Javier Vaz
805842,Brett Johnson
805865,Guy Lipscomb
805891,Taylor Young
805904,Zach Cole
805999,A.J. Ewing
806005,Ryan McCarty
806012,Taishi Nakawake
806061,Isaiah Drake
806068,Colt Emerson
806071,Jonny Farmelo
806077,Kendall George
806146,George Lombard Jr.
806191,Tai Peete
806198,Cooper Pratt
806210,Alfonsin Rosario
806223,Aidan Smith
806267,Jake Zitella
806273,Adam Retzbach
806368,Maddux Houghton
806639,Joshuan Sandoval
806956,Ethan Salas
806958,Felnin Celesten
806962,Enmanuel Bonilla
806964,Sebastian Walcott
806983,Yophery Rodriguez
807712,Luke Keaschall
807713,Matt Shaw
807720,Garret Forrester
807727,Charles McAdoo
807742,Colton Ledbetter
807746,Kade Kern
807747,Rikuu Nishida
807751,Ethan O'Donnell
807799,Masataka Yoshida
808516,Andres Valor
808975,Hyeseong Kim
808982,Jung hoo Lee
809846,Wyatt Crenshaw
809945,Jonah Advincula
810938,Ben Williamson
811210,Kade Kretzschmar
811287,Carson Roccaforte
812470,Joe Redfield
813852,Trey Paige
813860,Charlie Pagliarini
814154,Scott Bandura
814307,Zyhir Hope
814431,Jackson Castillo
814806,Barrett Riebock
814816,Johnny Tincher
815151,Mac McCroskey
815694,Lou Albrecht
815842,JT Mabry
815888,Leo De Vries
829272,Shinnosuke Ogasawara
