Player,R_nk,n
MLBAM_668227,0.834619625137817,757
MLBAM_596019,0.834619625137817,757
MLBAM_656941,0.8337028824833703,752
MLBAM_677594,0.830890642615558,737
MLBAM_621566,0.8306997742663657,736
MLBAM_663728,0.8305084745762712,735
MLBAM_672695,0.8301245753114382,733
MLBAM_624413,0.8295454545454546,730
MLBAM_660271,0.8295454545454546,730
MLBAM_680776,0.8295454545454546,730
MLBAM_680757,0.8285714285714286,725
MLBAM_682985,0.8265895953757225,715
MLBAM_665742,0.8259860788863109,712
MLBAM_682829,0.8257839721254355,711
MLBAM_670770,0.8255813953488372,710
MLBAM_695578,0.8253783469150174,709
MLBAM_641355,0.8253783469150174,709
MLBAM_646240,0.8251748251748252,708
MLBAM_671218,0.8251748251748252,708
MLBAM_667670,0.8235294117647058,700
MLBAM_679529,0.8235294117647058,700
MLBAM_665487,0.8235294117647058,700
MLBAM_553993,0.8235294117647058,700
MLBAM_665489,0.8235294117647058,700
MLBAM_592450,0.823321554770318,699
MLBAM_642715,0.8226950354609929,696
MLBAM_641487,0.8222748815165877,694
MLBAM_650333,0.8220640569395018,693
MLBAM_677951,0.8212157330154947,689
MLBAM_664023,0.8212157330154947,689
MLBAM_686469,0.8210023866348448,688
MLBAM_650402,0.8210023866348448,688
MLBAM_592518,0.8207885304659498,687
MLBAM_645277,0.8199279711884754,683
MLBAM_621493,0.8197115384615384,682
MLBAM_596115,0.8188405797101449,678
MLBAM_672580,0.8188405797101449,678
MLBAM_608070,0.8186215235792019,677
MLBAM_605141,0.8186215235792019,677
MLBAM_673548,0.8186215235792019,677
MLBAM_607208,0.8177399756986634,673
MLBAM_621020,0.8175182481751825,672
MLBAM_661388,0.8175182481751825,672
MLBAM_668930,0.8168498168498168,669
MLBAM_691718,0.8166259168704156,668
MLBAM_702616,0.8164014687882497,667
MLBAM_691406,0.8159509202453987,665
MLBAM_663538,0.8152709359605911,662
MLBAM_668804,0.815043156596794,661
MLBAM_592885,0.8145859085290482,659
MLBAM_650490,0.8145859085290482,659
MLBAM_514888,0.8143564356435643,658
MLBAM_671739,0.8141263940520446,657
MLBAM_682928,0.8141263940520446,657
MLBAM_607043,0.8138957816377171,656
MLBAM_671732,0.8129675810473815,652
MLBAM_681624,0.8125,650
MLBAM_682998,0.8117942283563363,647
MLBAM_647304,0.8117942283563363,647
MLBAM_521692,0.8117942283563363,647
MLBAM_518692,0.8115577889447236,646
MLBAM_543807,0.8106060606060606,642
MLBAM_683011,0.8106060606060606,642
MLBAM_694192,0.8106060606060606,642
MLBAM_691016,0.8103666245259166,641
MLBAM_663993,0.8098859315589354,639
MLBAM_666182,0.8091603053435115,636
MLBAM_669364,0.8091603053435115,636
MLBAM_686217,0.8076923076923077,630
MLBAM_641857,0.8074454428754814,629
MLBAM_663757,0.8071979434447301,628
MLBAM_683002,0.8059508408796895,623
MLBAM_683737,0.8054474708171206,621
MLBAM_663656,0.8051948051948052,620
MLBAM_687597,0.8044328552803129,617
MLBAM_808982,0.804177545691906,616
MLBAM_572233,0.803921568627451,615
MLBAM_592206,0.803921568627451,615
MLBAM_678246,0.8023715415019763,609
MLBAM_678882,0.8023715415019763,609
MLBAM_542303,0.8021108179419525,608
MLBAM_663457,0.8018494055482166,607
MLBAM_681082,0.8015873015873016,606
MLBAM_672640,0.8013245033112583,605
MLBAM_680574,0.8007968127490039,603
MLBAM_547180,0.800531914893617,602
MLBAM_676391,0.800531914893617,602
MLBAM_621043,0.7997329773030708,599
MLBAM_666176,0.7997329773030708,599
MLBAM_696100,0.7997329773030708,599
MLBAM_663616,0.7986577181208053,595
MLBAM_700250,0.7964721845318861,587
MLBAM_657757,0.7964721845318861,587
MLBAM_694384,0.7961956521739131,586
MLBAM_663697,0.7953615279672579,583
MLBAM_606192,0.7950819672131147,582
MLBAM_663647,0.7948016415868673,581
MLBAM_694671,0.7945205479452054,580
MLBAM_592663,0.7936726272352133,577
MLBAM_621439,0.7936726272352133,577
MLBAM_606466,0.7933884297520661,576
MLBAM_656811,0.7933884297520661,576
MLBAM_669701,0.7931034482758621,575
MLBAM_664040,0.7928176795580111,574
MLBAM_575929,0.7922437673130194,572
MLBAM_673237,0.7919556171983356,571
MLBAM_593428,0.7919556171983356,571
MLBAM_545361,0.7919556171983356,571
MLBAM_573262,0.7916666666666666,570
MLBAM_665862,0.7916666666666666,570
MLBAM_700932,0.7907949790794979,567
MLBAM_593871,0.7905027932960894,566
MLBAM_682663,0.7902097902097902,565
MLBAM_686668,0.7899159663865546,564
MLBAM_457705,0.7896213183730715,563
MLBAM_656716,0.7896213183730715,563
MLBAM_805779,0.7890295358649789,561
MLBAM_676475,0.7887323943661971,560
MLBAM_666969,0.7887323943661971,560
MLBAM_672820,0.7884344146685472,559
MLBAM_502671,0.7884344146685472,559
MLBAM_664761,0.788135593220339,558
MLBAM_543760,0.7878359264497878,557
MLBAM_668715,0.7878359264497878,557
MLBAM_605137,0.7875354107648725,556
MLBAM_665161,0.7872340425531915,555
MLBAM_666971,0.786628733997155,553
MLBAM_671277,0.786628733997155,553
MLBAM_691026,0.786628733997155,553
MLBAM_650859,0.7860199714693296,551
MLBAM_702332,0.7857142857142857,550
MLBAM_656305,0.7854077253218884,549
MLBAM_665833,0.7847919655667145,547
MLBAM_676572,0.7847919655667145,547
MLBAM_805367,0.7832369942196532,542
MLBAM_673962,0.782608695652174,540
MLBAM_672386,0.7816593886462883,537
MLBAM_686797,0.7813411078717201,536
MLBAM_687401,0.7807017543859649,534
MLBAM_630105,0.780380673499268,533
MLBAM_664056,0.7800586510263929,532
MLBAM_681481,0.7800586510263929,532
MLBAM_680977,0.7800586510263929,532
MLBAM_608324,0.7790868924889544,529
MLBAM_669127,0.7787610619469026,528
MLBAM_666158,0.7784342688330872,527
MLBAM_687263,0.7771173848439822,523
MLBAM_693307,0.7761194029850746,520
MLBAM_596146,0.7737556561085973,513
MLBAM_656775,0.7734138972809668,512
MLBAM_690993,0.773071104387292,511
MLBAM_664034,0.7720364741641338,508
MLBAM_680718,0.7720364741641338,508
MLBAM_701358,0.7713414634146342,506
MLBAM_701538,0.7709923664122137,505
MLBAM_467793,0.7706422018348624,504
MLBAM_669224,0.7706422018348624,504
MLBAM_527038,0.7702909647779479,503
MLBAM_682657,0.7692307692307693,500
MLBAM_672356,0.7667185069984448,493
MLBAM_660821,0.7663551401869159,492
MLBAM_657656,0.7663551401869159,492
MLBAM_624424,0.765625,490
MLBAM_677950,0.765625,490
MLBAM_668901,0.7652582159624414,489
MLBAM_595879,0.7648902821316614,488
MLBAM_687363,0.7641509433962265,486
MLBAM_663586,0.7626582278481012,482
MLBAM_666160,0.7619047619047619,480
MLBAM_643396,0.7615262321144675,479
MLBAM_665966,0.7603833865814696,476
MLBAM_680777,0.7603833865814696,476
MLBAM_502054,0.7596153846153846,474
MLBAM_701762,0.7588424437299035,472
MLBAM_683734,0.7584541062801933,471
MLBAM_670623,0.7580645161290323,470
MLBAM_807713,0.7580645161290323,470
MLBAM_669016,0.7576736672051696,469
MLBAM_624428,0.7576736672051696,469
MLBAM_681351,0.7576736672051696,469
MLBAM_672275,0.7568881685575365,467
MLBAM_669065,0.7564935064935064,466
MLBAM_571448,0.7564935064935064,466
MLBAM_683146,0.7560975609756098,465
MLBAM_650489,0.7549019607843137,462
MLBAM_666018,0.7549019607843137,462
MLBAM_691176,0.7536945812807881,459
MLBAM_686948,0.7536945812807881,459
MLBAM_671056,0.7532894736842105,458
MLBAM_641680,0.7532894736842105,458
MLBAM_643217,0.7528830313014827,457
MLBAM_669257,0.7520661157024794,455
MLBAM_664770,0.7516556291390728,454
MLBAM_666139,0.75,450
MLBAM_643446,0.75,450
MLBAM_666310,0.7495826377295493,449
MLBAM_671289,0.7487437185929648,447
MLBAM_686555,0.7487437185929648,447
MLBAM_673357,0.7483221476510067,446
MLBAM_608348,0.7483221476510067,446
MLBAM_682177,0.7470489038785835,443
MLBAM_608369,0.7470489038785835,443
MLBAM_802415,0.7457627118644068,440
MLBAM_669397,0.7427101200686106,433
MLBAM_666134,0.7422680412371134,432
MLBAM_663968,0.7418244406196214,431
MLBAM_669720,0.7413793103448276,430
MLBAM_669357,0.7413793103448276,430
MLBAM_665926,0.7386759581881533,424
MLBAM_669242,0.7386759581881533,424
MLBAM_669394,0.7382198952879581,423
MLBAM_664728,0.7373029772329247,421
MLBAM_693304,0.7363796133567663,419
MLBAM_677800,0.7359154929577465,418
MLBAM_670242,0.7345132743362832,415
MLBAM_571970,0.7335701598579041,413
MLBAM_678662,0.732620320855615,411
MLBAM_643289,0.7316636851520573,409
MLBAM_677587,0.7316636851520573,409
MLBAM_676694,0.7311827956989247,408
MLBAM_660670,0.7311827956989247,408
MLBAM_676609,0.7307001795332136,407
MLBAM_665019,0.7307001795332136,407
MLBAM_602104,0.7302158273381295,406
MLBAM_605170,0.72875226039783,403
MLBAM_700337,0.7282608695652174,402
MLBAM_691023,0.7282608695652174,402
MLBAM_689414,0.7282608695652174,402
MLBAM_686780,0.7272727272727273,400
MLBAM_668904,0.7272727272727273,400
MLBAM_672761,0.7272727272727273,400
MLBAM_669707,0.7232472324723247,392
MLBAM_696285,0.7222222222222222,390
MLBAM_687462,0.7201492537313433,386
MLBAM_663624,0.7201492537313433,386
MLBAM_669911,0.7185741088180112,383
MLBAM_668939,0.7175141242937854,381
MLBAM_681393,0.7169811320754716,380
MLBAM_681297,0.7169811320754716,380
MLBAM_621438,0.7159090909090909,378
MLBAM_643565,0.714828897338403,376
MLBAM_609280,0.7137404580152672,374
MLBAM_666023,0.7131931166347992,373
MLBAM_686611,0.7126436781609196,372
MLBAM_700242,0.7120921305182342,371
MLBAM_595777,0.7115384615384616,370
MLBAM_691594,0.7109826589595376,369
MLBAM_663698,0.7098646034816247,367
MLBAM_669289,0.7093023255813954,366
MLBAM_668709,0.70703125,362
MLBAM_669743,0.70703125,362
MLBAM_656555,0.70703125,362
MLBAM_667472,0.70703125,362
MLBAM_624585,0.7058823529411765,360
MLBAM_643376,0.7053045186640472,359
MLBAM_682622,0.7041420118343196,357
MLBAM_669477,0.7035573122529645,356
MLBAM_578428,0.7035573122529645,356
MLBAM_676059,0.7023809523809523,354
MLBAM_649966,0.7023809523809523,354
MLBAM_695734,0.7017892644135189,353
MLBAM_663853,0.7017892644135189,353
MLBAM_663886,0.6963562753036437,344
MLBAM_681460,0.6951219512195121,342
MLBAM_572191,0.6945010183299389,341
MLBAM_516782,0.6945010183299389,341
MLBAM_642133,0.6932515337423313,339
MLBAM_666624,0.691358024691358,336
MLBAM_543309,0.6907216494845361,335
MLBAM_672515,0.6907216494845361,335
MLBAM_500743,0.6887966804979253,332
MLBAM_670764,0.6868475991649269,329
MLBAM_656976,0.6855345911949685,327
MLBAM_571657,0.6835443037974683,324
MLBAM_624431,0.6828752642706131,323
MLBAM_592626,0.6815286624203821,321
MLBAM_669221,0.6794871794871795,318
MLBAM_641598,0.6794871794871795,318
MLBAM_686681,0.6794871794871795,318
MLBAM_701350,0.6781115879828327,316
MLBAM_620443,0.6760259179265659,313
MLBAM_545341,0.6746203904555315,311
MLBAM_664702,0.6724890829694323,308
MLBAM_692225,0.6710526315789473,306
MLBAM_660688,0.6703296703296703,305
MLBAM_672724,0.6703296703296703,305
MLBAM_691723,0.6696035242290749,304
MLBAM_810938,0.6688741721854304,303
MLBAM_553869,0.6688741721854304,303
MLBAM_681715,0.668141592920354,302
MLBAM_571771,0.668141592920354,302
MLBAM_662139,0.668141592920354,302
MLBAM_656180,0.6666666666666666,300
MLBAM_660162,0.6644295302013423,297
MLBAM_695336,0.6644295302013423,297
MLBAM_519317,0.6629213483146067,295
MLBAM_647351,0.6629213483146067,295
MLBAM_691019,0.6606334841628959,292
MLBAM_680779,0.6598639455782312,291
MLBAM_642201,0.6575342465753424,288
MLBAM_678554,0.6567505720823799,287
MLBAM_686527,0.6559633027522935,286
MLBAM_624641,0.6559633027522935,286
MLBAM_666149,0.6559633027522935,286
MLBAM_664774,0.6519721577726219,281
MLBAM_664238,0.6495327102803738,278
MLBAM_623993,0.647887323943662,276
MLBAM_666181,0.6462264150943396,274
MLBAM_691781,0.6445497630331753,272
MLBAM_672744,0.6420047732696897,269
MLBAM_682626,0.6420047732696897,269
MLBAM_670042,0.6402877697841727,267
MLBAM_663743,0.6385542168674698,265
MLBAM_695657,0.6332518337408313,259
MLBAM_691777,0.6314496314496314,257
MLBAM_664983,0.6296296296296297,255
MLBAM_666185,0.6277915632754343,253
MLBAM_641343,0.6268656716417911,252
MLBAM_666397,0.6240601503759399,249
MLBAM_694497,0.6231155778894473,248
MLBAM_702284,0.6231155778894473,248
MLBAM_657557,0.6221662468513854,247
MLBAM_695506,0.6212121212121212,246
MLBAM_678009,0.620253164556962,245
MLBAM_677649,0.620253164556962,245
MLBAM_518595,0.6192893401015228,244
MLBAM_676914,0.6183206106870229,243
MLBAM_671221,0.6173469387755102,242
MLBAM_677942,0.6153846153846154,240
MLBAM_543877,0.6153846153846154,240
MLBAM_641584,0.6153846153846154,240
MLBAM_670224,0.6143958868894601,239
MLBAM_606115,0.6113989637305699,236
MLBAM_682668,0.6103896103896104,235
MLBAM_666152,0.608355091383812,233
MLBAM_694374,0.608355091383812,233
MLBAM_807799,0.6073298429319371,232
MLBAM_608701,0.6073298429319371,232
MLBAM_641933,0.6052631578947368,230
MLBAM_642086,0.6052631578947368,230
MLBAM_682641,0.6031746031746031,228
MLBAM_628451,0.601063829787234,226
MLBAM_670541,0.601063829787234,226
MLBAM_642708,0.6,225
MLBAM_645444,0.6,225
MLBAM_680474,0.6,225
MLBAM_642136,0.5978552278820375,223
MLBAM_668942,0.5945945945945946,220
MLBAM_805249,0.5934959349593496,219
MLBAM_665750,0.5912806539509536,217
MLBAM_690987,0.5912806539509536,217
MLBAM_805300,0.589041095890411,215
MLBAM_683766,0.5879120879120879,214
MLBAM_690022,0.5879120879120879,214
MLBAM_657077,0.5867768595041323,213
MLBAM_595978,0.585635359116022,212
MLBAM_679845,0.5844875346260388,211
MLBAM_456781,0.5844875346260388,211
MLBAM_679032,0.5844875346260388,211
MLBAM_807712,0.5810055865921788,208
MLBAM_677008,0.5786516853932584,206
MLBAM_657136,0.576271186440678,204
MLBAM_670156,0.576271186440678,204
MLBAM_457759,0.5750708215297451,203
MLBAM_678877,0.5738636363636364,202
MLBAM_570482,0.5726495726495726,201
MLBAM_664059,0.5726495726495726,201
MLBAM_695681,0.5702005730659025,199
MLBAM_687231,0.5689655172413793,198
MLBAM_668885,0.5652173913043478,195
MLBAM_656537,0.5652173913043478,195
MLBAM_677588,0.5652173913043478,195
MLBAM_805373,0.5652173913043478,195
MLBAM_696030,0.5588235294117647,190
MLBAM_623168,0.5535714285714286,186
MLBAM_688363,0.5535714285714286,186
MLBAM_657041,0.5522388059701493,185
MLBAM_455117,0.5508982035928144,184
MLBAM_808975,0.5508982035928144,184
MLBAM_669261,0.5495495495495496,183
MLBAM_695238,0.5481927710843374,182
MLBAM_645302,0.5454545454545454,180
MLBAM_677347,0.5454545454545454,180
MLBAM_663330,0.5440729483282675,179
MLBAM_670231,0.5440729483282675,179
MLBAM_687952,0.5426829268292683,178
MLBAM_663604,0.5384615384615384,175
MLBAM_669236,0.5384615384615384,175
MLBAM_673490,0.5384615384615384,175
MLBAM_670223,0.5370370370370371,174
MLBAM_677595,0.5356037151702786,173
MLBAM_691720,0.5356037151702786,173
MLBAM_668670,0.5341614906832298,172
MLBAM_669234,0.5341614906832298,172
MLBAM_672016,0.5327102803738317,171
MLBAM_642731,0.5327102803738317,171
MLBAM_596103,0.53125,170
MLBAM_666163,0.5297805642633229,169
MLBAM_681146,0.5297805642633229,169
MLBAM_650968,0.5238095238095238,165
MLBAM_681546,0.5238095238095238,165
MLBAM_691785,0.5222929936305732,164
MLBAM_665828,0.5222929936305732,164
MLBAM_663898,0.5207667731629393,163
MLBAM_642180,0.5176848874598071,161
MLBAM_655316,0.5176848874598071,161
MLBAM_641943,0.5161290322580645,160
MLBAM_687221,0.511400651465798,157
MLBAM_545121,0.511400651465798,157
MLBAM_592192,0.5098039215686274,156
MLBAM_702176,0.5098039215686274,156
MLBAM_663368,0.5098039215686274,156
MLBAM_607732,0.5081967213114754,155
MLBAM_686765,0.506578947368421,154
MLBAM_621028,0.504950495049505,153
MLBAM_692585,0.5016611295681063,151
MLBAM_687637,0.5,150
MLBAM_676801,0.4983277591973244,149
MLBAM_671213,0.4983277591973244,149
MLBAM_621035,0.4983277591973244,149
MLBAM_694212,0.4966442953020134,148
MLBAM_681807,0.494949494949495,147
MLBAM_518934,0.4915254237288136,145
MLBAM_681962,0.4915254237288136,145
MLBAM_624512,0.4915254237288136,145
MLBAM_656896,0.4897959183673469,144
MLBAM_605361,0.4880546075085324,143
MLBAM_665561,0.4880546075085324,143
MLBAM_701305,0.4880546075085324,143
MLBAM_641555,0.4863013698630137,142
MLBAM_691182,0.4863013698630137,142
MLBAM_592669,0.4863013698630137,142
MLBAM_681508,0.4827586206896552,140
MLBAM_641313,0.4791666666666667,138
MLBAM_669450,0.4791666666666667,138
MLBAM_680728,0.47735191637630664,137
MLBAM_669326,0.47735191637630664,137
MLBAM_596142,0.4755244755244755,136
MLBAM_687515,0.47368421052631576,135
MLBAM_660844,0.47183098591549294,134
MLBAM_692216,0.46619217081850534,131
MLBAM_665052,0.4642857142857143,130
MLBAM_700246,0.4642857142857143,130
MLBAM_642851,0.46236559139784944,129
MLBAM_680869,0.46236559139784944,129
MLBAM_518792,0.46236559139784944,129
MLBAM_681987,0.460431654676259,128
MLBAM_682729,0.4584837545126354,127
MLBAM_682653,0.4584837545126354,127
MLBAM_542932,0.45652173913043476,126
MLBAM_683227,0.45454545454545453,125
MLBAM_600869,0.45454545454545453,125
MLBAM_641658,0.45054945054945056,123
MLBAM_680862,0.45054945054945056,123
MLBAM_690924,0.45054945054945056,123
MLBAM_680737,0.4485294117647059,122
MLBAM_543510,0.4485294117647059,122
MLBAM_665839,0.44649446494464945,121
MLBAM_683083,0.44649446494464945,121
MLBAM_669717,0.4444444444444444,120
MLBAM_680577,0.4444444444444444,120
MLBAM_666211,0.4423791821561338,119
MLBAM_687859,0.43609022556390975,116
MLBAM_669003,0.43609022556390975,116
MLBAM_624415,0.43609022556390975,116
MLBAM_642215,0.4339622641509434,115
MLBAM_694362,0.4339622641509434,115
MLBAM_656248,0.4339622641509434,115
MLBAM_640902,0.4318181818181818,114
MLBAM_656577,0.4318181818181818,114
MLBAM_665804,0.4318181818181818,114
MLBAM_656582,0.4318181818181818,114
MLBAM_665877,0.4296577946768061,113
MLBAM_660644,0.42748091603053434,112
MLBAM_683090,0.4230769230769231,110
MLBAM_669369,0.4186046511627907,108
MLBAM_694388,0.4186046511627907,108
MLBAM_682927,0.4186046511627907,108
MLBAM_669004,0.4186046511627907,108
MLBAM_664913,0.4186046511627907,108
MLBAM_608385,0.4186046511627907,108
MLBAM_687551,0.4140625,106
MLBAM_672284,0.4140625,106
MLBAM_676044,0.4140625,106
MLBAM_668800,0.4094488188976378,104
MLBAM_656484,0.40711462450592883,103
MLBAM_676439,0.40476190476190477,102
MLBAM_606992,0.40476190476190477,102
MLBAM_656541,0.40239043824701193,101
MLBAM_671286,0.4,100
MLBAM_666126,0.39759036144578314,99
MLBAM_682988,0.39759036144578314,99
MLBAM_660757,0.3951612903225806,98
MLBAM_689172,0.3951612903225806,98
MLBAM_691783,0.39271255060728744,97
MLBAM_663584,0.39271255060728744,97
MLBAM_694377,0.39271255060728744,97
MLBAM_665155,0.3902439024390244,96
MLBAM_676070,0.3902439024390244,96
MLBAM_622761,0.3902439024390244,96
MLBAM_677592,0.38271604938271603,93
MLBAM_678391,0.38271604938271603,93
MLBAM_665953,0.375,90
MLBAM_689200,0.375,90
MLBAM_656413,0.3723849372384937,89
MLBAM_669087,0.3723849372384937,89
MLBAM_650559,0.3697478991596639,88
MLBAM_686894,0.3697478991596639,88
MLBAM_666464,0.3697478991596639,88
MLBAM_663837,0.3670886075949367,87
MLBAM_691728,0.3670886075949367,87
MLBAM_669304,0.3644067796610169,86
MLBAM_686475,0.3617021276595745,85
MLBAM_682848,0.3617021276595745,85
MLBAM_607680,0.358974358974359,84
MLBAM_676356,0.358974358974359,84
MLBAM_695391,0.358974358974359,84
MLBAM_690976,0.3562231759656652,83
MLBAM_676679,0.3562231759656652,83
MLBAM_670097,0.35344827586206895,82
MLBAM_688760,0.35344827586206895,82
MLBAM_676116,0.35344827586206895,82
MLBAM_678489,0.35344827586206895,82
MLBAM_690291,0.35064935064935066,81
MLBAM_678894,0.34782608695652173,80
MLBAM_668952,0.34782608695652173,80
MLBAM_671284,0.34782608695652173,80
MLBAM_683770,0.34782608695652173,80
MLBAM_701398,0.34497816593886466,79
MLBAM_686554,0.34497816593886466,79
MLBAM_663609,0.34497816593886466,79
MLBAM_680700,0.34210526315789475,78
MLBAM_701675,0.34210526315789475,78
MLBAM_695600,0.34210526315789475,78
MLBAM_669722,0.3392070484581498,77
MLBAM_622569,0.3333333333333333,75
MLBAM_687957,0.3333333333333333,75
MLBAM_694208,0.3273542600896861,73
MLBAM_608671,0.3273542600896861,73
MLBAM_642350,0.3212669683257919,71
MLBAM_669208,0.3181818181818182,70
MLBAM_678011,0.3181818181818182,70
MLBAM_493329,0.3150684931506849,69
MLBAM_676480,0.3150684931506849,69
MLBAM_691185,0.3150684931506849,69
MLBAM_670092,0.3119266055045872,68
MLBAM_671083,0.3119266055045872,68
MLBAM_672569,0.3087557603686636,67
MLBAM_592178,0.3087557603686636,67
MLBAM_663662,0.3055555555555556,66
MLBAM_571912,0.3055555555555556,66
MLBAM_676701,0.3023255813953488,65
MLBAM_668845,0.3023255813953488,65
MLBAM_687478,0.3023255813953488,65
MLBAM_668974,0.29906542056074764,64
MLBAM_678225,0.29577464788732394,63
MLBAM_686676,0.29245283018867924,62
MLBAM_681584,0.2890995260663507,61
MLBAM_680837,0.2857142857142857,60
MLBAM_595751,0.2822966507177033,59
MLBAM_666150,0.27884615384615385,58
MLBAM_605131,0.27884615384615385,58
MLBAM_543592,0.2753623188405797,57
MLBAM_669288,0.2753623188405797,57
MLBAM_680911,0.2753623188405797,57
MLBAM_685301,0.27184466019417475,56
MLBAM_672012,0.2682926829268293,55
MLBAM_671655,0.2682926829268293,55
MLBAM_694728,0.2682926829268293,55
MLBAM_672279,0.2682926829268293,55
MLBAM_621512,0.2647058823529412,54
MLBAM_687529,0.2647058823529412,54
MLBAM_663897,0.2647058823529412,54
MLBAM_669200,0.2647058823529412,54
MLBAM_676724,0.2647058823529412,54
MLBAM_686452,0.2647058823529412,54
MLBAM_677870,0.26108374384236455,53
MLBAM_677956,0.26108374384236455,53
MLBAM_805904,0.26108374384236455,53
MLBAM_674441,0.26108374384236455,53
MLBAM_672359,0.25742574257425743,52
MLBAM_640492,0.25742574257425743,52
MLBAM_694203,0.2537313432835821,51
MLBAM_622534,0.2537313432835821,51
MLBAM_686823,0.2537313432835821,51
MLBAM_664068,0.2537313432835821,51
MLBAM_644433,0.25,50
MLBAM_682183,0.24623115577889448,49
MLBAM_694376,0.24623115577889448,49
MLBAM_699625,0.24623115577889448,49
MLBAM_641645,0.24242424242424243,48
MLBAM_605204,0.24242424242424243,48
MLBAM_605353,0.24242424242424243,48
MLBAM_669134,0.24242424242424243,48
MLBAM_666915,0.23857868020304568,47
MLBAM_680769,0.23469387755102042,46
MLBAM_669398,0.23469387755102042,46
MLBAM_683021,0.2268041237113402,44
MLBAM_670276,0.2268041237113402,44
MLBAM_668723,0.22279792746113988,43
MLBAM_666703,0.21875,42
MLBAM_665923,0.21465968586387435,41
MLBAM_665861,0.21465968586387435,41
MLBAM_572138,0.21465968586387435,41
MLBAM_663796,0.21052631578947367,40
MLBAM_682868,0.20634920634920634,39
MLBAM_605612,0.20634920634920634,39
MLBAM_571466,0.20212765957446807,38
MLBAM_670869,0.20212765957446807,38
MLBAM_805811,0.20212765957446807,38
MLBAM_683748,0.20212765957446807,38
MLBAM_622268,0.19786096256684493,37
MLBAM_676812,0.1935483870967742,36
MLBAM_553882,0.1891891891891892,35
MLBAM_667452,0.1891891891891892,35
MLBAM_665998,0.1891891891891892,35
MLBAM_624414,0.18478260869565216,34
MLBAM_605113,0.18478260869565216,34
MLBAM_669374,0.18478260869565216,34
MLBAM_670032,0.18032786885245902,33
MLBAM_666165,0.18032786885245902,33
MLBAM_623205,0.17582417582417584,32
MLBAM_695257,0.17582417582417584,32
MLBAM_572204,0.17582417582417584,32
MLBAM_660766,0.17582417582417584,32
MLBAM_671976,0.1712707182320442,31
MLBAM_687093,0.1712707182320442,31
MLBAM_624513,0.16666666666666666,30
MLBAM_621466,0.16666666666666666,30
MLBAM_702574,0.16666666666666666,30
MLBAM_694359,0.16666666666666666,30
MLBAM_645305,0.16666666666666666,30
MLBAM_506702,0.16666666666666666,30
MLBAM_672642,0.16201117318435754,29
MLBAM_656185,0.16201117318435754,29
MLBAM_669256,0.16201117318435754,29
MLBAM_542963,0.16201117318435754,29
MLBAM_663536,0.16201117318435754,29
MLBAM_642020,0.16201117318435754,29
MLBAM_672373,0.16201117318435754,29
MLBAM_663967,0.16201117318435754,29
MLBAM_650391,0.16201117318435754,29
MLBAM_668843,0.15730337078651685,28
MLBAM_643265,0.15730337078651685,28
MLBAM_680118,0.15730337078651685,28
MLBAM_640458,0.15730337078651685,28
MLBAM_669137,0.15730337078651685,28
MLBAM_592273,0.15730337078651685,28
MLBAM_677943,0.15730337078651685,28
MLBAM_682877,0.15730337078651685,28
MLBAM_683357,0.15254237288135594,27
MLBAM_663731,0.15254237288135594,27
MLBAM_645801,0.14772727272727273,26
MLBAM_685382,0.14772727272727273,26
MLBAM_665782,0.14285714285714285,25
MLBAM_680716,0.14285714285714285,25
MLBAM_695020,0.14285714285714285,25
MLBAM_571875,0.14285714285714285,25
MLBAM_664954,0.14285714285714285,25
MLBAM_702358,0.13793103448275862,24
MLBAM_668853,0.13793103448275862,24
MLBAM_693409,0.13793103448275862,24
MLBAM_546991,0.13793103448275862,24
MLBAM_695670,0.13793103448275862,24
MLBAM_687208,0.13793103448275862,24
MLBAM_687605,0.13793103448275862,24
MLBAM_676466,0.1329479768786127,23
MLBAM_682634,0.1329479768786127,23
MLBAM_676113,0.1329479768786127,23
MLBAM_686551,0.1329479768786127,23
MLBAM_666801,0.1329479768786127,23
MLBAM_592325,0.12790697674418605,22
MLBAM_686531,0.12790697674418605,22
MLBAM_804668,0.12790697674418605,22
MLBAM_675961,0.12790697674418605,22
MLBAM_670712,0.12280701754385964,21
MLBAM_624503,0.12280701754385964,21
MLBAM_664670,0.12280701754385964,21
MLBAM_641856,0.12280701754385964,21
MLBAM_605244,0.12280701754385964,21
MLBAM_694815,0.12280701754385964,21
MLBAM_669392,0.12280701754385964,21
MLBAM_682987,0.12280701754385964,21
MLBAM_545350,0.12280701754385964,21
MLBAM_608841,0.11764705882352941,20
MLBAM_805672,0.11764705882352941,20
MLBAM_668472,0.11764705882352941,20
MLBAM_685133,0.11764705882352941,20
MLBAM_676632,0.11764705882352941,20
MLBAM_691373,0.11764705882352941,20
MLBAM_642197,0.11764705882352941,20
MLBAM_641820,0.11242603550295859,19
MLBAM_699073,0.11242603550295859,19
MLBAM_681198,0.11242603550295859,19
MLBAM_592696,0.11242603550295859,19
MLBAM_666177,0.10714285714285714,18
MLBAM_691907,0.10714285714285714,18
MLBAM_657088,0.10714285714285714,18
MLBAM_668731,0.10714285714285714,18
MLBAM_701678,0.10714285714285714,18
MLBAM_640459,0.10714285714285714,18
MLBAM_700652,0.10714285714285714,18
MLBAM_668752,0.10714285714285714,18
MLBAM_687201,0.10714285714285714,18
MLBAM_695462,0.10714285714285714,18
MLBAM_680810,0.10714285714285714,18
MLBAM_657247,0.10714285714285714,18
MLBAM_545358,0.10714285714285714,18
MLBAM_687282,0.10179640718562874,17
MLBAM_695490,0.10179640718562874,17
MLBAM_669384,0.10179640718562874,17
MLBAM_596117,0.10179640718562874,17
MLBAM_682997,0.10179640718562874,17
MLBAM_676369,0.10179640718562874,17
MLBAM_677060,0.10179640718562874,17
MLBAM_689288,0.10179640718562874,17
MLBAM_620449,0.10179640718562874,17
MLBAM_694410,0.10179640718562874,17
MLBAM_668751,0.10179640718562874,17
MLBAM_623520,0.0963855421686747,16
MLBAM_664874,0.0963855421686747,16
MLBAM_687588,0.0963855421686747,16
MLBAM_690984,0.0963855421686747,16
MLBAM_689041,0.0963855421686747,16
MLBAM_688682,0.0963855421686747,16
MLBAM_814439,0.0963855421686747,16
MLBAM_665846,0.0963855421686747,16
MLBAM_682515,0.0963855421686747,16
MLBAM_675448,0.0963855421686747,16
MLBAM_687867,0.09090909090909091,15
MLBAM_702679,0.09090909090909091,15
MLBAM_679822,0.09090909090909091,15
MLBAM_682619,0.09090909090909091,15
MLBAM_663714,0.09090909090909091,15
MLBAM_684852,0.09090909090909091,15
MLBAM_806146,0.09090909090909091,15
MLBAM_676551,0.09090909090909091,15
MLBAM_695521,0.09090909090909091,15
MLBAM_621529,0.09090909090909091,15
MLBAM_672463,0.08536585365853659,14
MLBAM_694661,0.08536585365853659,14
MLBAM_641511,0.08536585365853659,14
MLBAM_703607,0.08536585365853659,14
MLBAM_801442,0.08536585365853659,14
MLBAM_642727,0.08536585365853659,14
MLBAM_696135,0.07975460122699386,13
MLBAM_688500,0.07975460122699386,13
MLBAM_678742,0.07975460122699386,13
MLBAM_691001,0.07975460122699386,13
MLBAM_677007,0.07975460122699386,13
MLBAM_680868,0.07975460122699386,13
MLBAM_702333,0.07975460122699386,13
MLBAM_801276,0.07975460122699386,13
MLBAM_694304,0.07975460122699386,13
MLBAM_681047,0.07975460122699386,13
MLBAM_694754,0.07975460122699386,13
MLBAM_665648,0.07975460122699386,13
MLBAM_814791,0.07975460122699386,13
MLBAM_656448,0.07975460122699386,13
MLBAM_553988,0.07975460122699386,13
MLBAM_592348,0.07975460122699386,13
MLBAM_675455,0.07975460122699386,13
MLBAM_691024,0.07975460122699386,13
MLBAM_676946,0.07975460122699386,13
MLBAM_691003,0.07975460122699386,13
MLBAM_675085,0.07975460122699386,13
MLBAM_703601,0.07975460122699386,13
MLBAM_666931,0.07975460122699386,13
MLBAM_682073,0.07975460122699386,13
MLBAM_665856,0.07975460122699386,13
MLBAM_681134,0.07975460122699386,13
MLBAM_595453,0.07407407407407407,12
MLBAM_691788,0.07407407407407407,12
MLBAM_800957,0.07407407407407407,12
MLBAM_666198,0.07407407407407407,12
MLBAM_669742,0.07407407407407407,12
MLBAM_702258,0.07407407407407407,12
MLBAM_702068,0.07407407407407407,12
MLBAM_800325,0.07407407407407407,12
MLBAM_800522,0.07407407407407407,12
MLBAM_802139,0.07407407407407407,12
MLBAM_703155,0.07407407407407407,12
MLBAM_656308,0.07407407407407407,12
MLBAM_668663,0.07407407407407407,12
MLBAM_703185,0.07407407407407407,12
MLBAM_686523,0.07407407407407407,12
MLBAM_681123,0.07407407407407407,12
MLBAM_656627,0.07407407407407407,12
MLBAM_806198,0.07407407407407407,12
MLBAM_701496,0.07407407407407407,12
MLBAM_678323,0.07407407407407407,12
MLBAM_805808,0.07407407407407407,12
MLBAM_605346,0.06832298136645963,11
MLBAM_689070,0.06832298136645963,11
MLBAM_682119,0.06832298136645963,11
MLBAM_687069,0.06832298136645963,11
MLBAM_683145,0.06832298136645963,11
MLBAM_685091,0.06832298136645963,11
MLBAM_693049,0.06832298136645963,11
MLBAM_687627,0.06832298136645963,11
MLBAM_703151,0.06832298136645963,11
MLBAM_668721,0.06832298136645963,11
MLBAM_668832,0.06832298136645963,11
MLBAM_681581,0.06832298136645963,11
MLBAM_675915,0.06832298136645963,11
MLBAM_608336,0.06832298136645963,11
MLBAM_688005,0.06832298136645963,11
MLBAM_677605,0.06832298136645963,11
MLBAM_683953,0.06832298136645963,11
MLBAM_688457,0.06832298136645963,11
MLBAM_703198,0.06832298136645963,11
MLBAM_701649,0.06832298136645963,11
MLBAM_656883,0.06832298136645963,11
MLBAM_621458,0.06832298136645963,11
MLBAM_695603,0.0625,10
MLBAM_666632,0.0625,10
MLBAM_677565,0.0625,10
MLBAM_806252,0.0625,10
MLBAM_800060,0.0625,10
MLBAM_802117,0.0625,10
MLBAM_685744,0.0625,10
MLBAM_670868,0.0625,10
MLBAM_691002,0.0625,10
MLBAM_666197,0.0625,10
MLBAM_650907,0.0625,10
MLBAM_687248,0.0625,10
MLBAM_668664,0.0625,10
MLBAM_677954,0.0625,10
MLBAM_680753,0.0625,10
MLBAM_691011,0.0625,10
MLBAM_694271,0.0625,10
MLBAM_702906,0.0625,10
MLBAM_691021,0.0625,10
MLBAM_687862,0.0625,10
MLBAM_687625,0.05660377358490566,9
MLBAM_699130,0.05660377358490566,9
MLBAM_695501,0.05660377358490566,9
MLBAM_695735,0.05660377358490566,9
MLBAM_694425,0.05660377358490566,9
MLBAM_677941,0.05660377358490566,9
MLBAM_592200,0.05660377358490566,9
MLBAM_671117,0.05660377358490566,9
MLBAM_814307,0.05660377358490566,9
MLBAM_686798,0.05660377358490566,9
MLBAM_800765,0.05660377358490566,9
MLBAM_694371,0.05660377358490566,9
MLBAM_699024,0.05660377358490566,9
MLBAM_803033,0.05660377358490566,9
MLBAM_641779,0.05660377358490566,9
MLBAM_689688,0.05660377358490566,9
MLBAM_686744,0.05660377358490566,9
MLBAM_694876,0.05660377358490566,9
MLBAM_685298,0.05660377358490566,9
MLBAM_683679,0.05660377358490566,9
MLBAM_675910,0.05660377358490566,9
MLBAM_694689,0.05660377358490566,9
MLBAM_688449,0.05660377358490566,9
MLBAM_675662,0.05660377358490566,9
MLBAM_694673,0.05063291139240506,8
MLBAM_693459,0.05063291139240506,8
MLBAM_702302,0.05063291139240506,8
MLBAM_642137,0.05063291139240506,8
MLBAM_814431,0.05063291139240506,8
MLBAM_810891,0.05063291139240506,8
MLBAM_689651,0.05063291139240506,8
MLBAM_702112,0.05063291139240506,8
MLBAM_684222,0.05063291139240506,8
MLBAM_680996,0.05063291139240506,8
MLBAM_694514,0.05063291139240506,8
MLBAM_815039,0.05063291139240506,8
MLBAM_682679,0.05063291139240506,8
MLBAM_682192,0.05063291139240506,8
MLBAM_669699,0.05063291139240506,8
MLBAM_683061,0.05063291139240506,8
MLBAM_694249,0.05063291139240506,8
MLBAM_608360,0.05063291139240506,8
MLBAM_679631,0.05063291139240506,8
MLBAM_815154,0.05063291139240506,8
MLBAM_680672,0.05063291139240506,8
MLBAM_680709,0.05063291139240506,8
MLBAM_701158,0.05063291139240506,8
MLBAM_805704,0.05063291139240506,8
MLBAM_673995,0.05063291139240506,8
MLBAM_675628,0.05063291139240506,8
MLBAM_813896,0.05063291139240506,8
MLBAM_805796,0.05063291139240506,8
MLBAM_702472,0.05063291139240506,8
MLBAM_694320,0.05063291139240506,8
MLBAM_692039,0.05063291139240506,8
MLBAM_806230,0.05063291139240506,8
MLBAM_806263,0.05063291139240506,8
MLBAM_804858,0.05063291139240506,8
MLBAM_681184,0.05063291139240506,8
MLBAM_676205,0.05063291139240506,8
MLBAM_691292,0.05063291139240506,8
MLBAM_691442,0.05063291139240506,8
MLBAM_694378,0.05063291139240506,8
MLBAM_806068,0.05063291139240506,8
MLBAM_678746,0.05063291139240506,8
MLBAM_815152,0.044585987261146494,7
MLBAM_800050,0.044585987261146494,7
MLBAM_702693,0.044585987261146494,7
MLBAM_694966,0.044585987261146494,7
MLBAM_677578,0.044585987261146494,7
MLBAM_696160,0.044585987261146494,7
MLBAM_807747,0.044585987261146494,7
MLBAM_807957,0.044585987261146494,7
MLBAM_694838,0.044585987261146494,7
MLBAM_678232,0.044585987261146494,7
MLBAM_699228,0.044585987261146494,7
MLBAM_678173,0.044585987261146494,7
MLBAM_542194,0.044585987261146494,7
MLBAM_670232,0.044585987261146494,7
MLBAM_694848,0.044585987261146494,7
MLBAM_666183,0.044585987261146494,7
MLBAM_695720,0.044585987261146494,7
MLBAM_683006,0.044585987261146494,7
MLBAM_800448,0.044585987261146494,7
MLBAM_675659,0.044585987261146494,7
MLBAM_815589,0.044585987261146494,7
MLBAM_689531,0.044585987261146494,7
MLBAM_667803,0.044585987261146494,7
MLBAM_690985,0.044585987261146494,7
MLBAM_806212,0.044585987261146494,7
MLBAM_815888,0.044585987261146494,7
MLBAM_682650,0.044585987261146494,7
MLBAM_694974,0.044585987261146494,7
MLBAM_815464,0.044585987261146494,7
MLBAM_828335,0.044585987261146494,7
MLBAM_679734,0.044585987261146494,7
MLBAM_624523,0.044585987261146494,7
MLBAM_663494,0.044585987261146494,7
MLBAM_804606,0.044585987261146494,7
MLBAM_687394,0.044585987261146494,7
MLBAM_699302,0.044585987261146494,7
MLBAM_571745,0.044585987261146494,7
MLBAM_800056,0.044585987261146494,7
MLBAM_678577,0.044585987261146494,7
MLBAM_690474,0.044585987261146494,7
MLBAM_702331,0.038461538461538464,6
MLBAM_691410,0.038461538461538464,6
MLBAM_676545,0.038461538461538464,6
MLBAM_802355,0.038461538461538464,6
MLBAM_800198,0.038461538461538464,6
MLBAM_677049,0.038461538461538464,6
MLBAM_806441,0.038461538461538464,6
MLBAM_699127,0.038461538461538464,6
MLBAM_814299,0.038461538461538464,6
MLBAM_683169,0.038461538461538464,6
MLBAM_800203,0.038461538461538464,6
MLBAM_694217,0.038461538461538464,6
MLBAM_691186,0.038461538461538464,6
MLBAM_815089,0.038461538461538464,6
MLBAM_701162,0.038461538461538464,6
MLBAM_671155,0.038461538461538464,6
MLBAM_690804,0.038461538461538464,6
MLBAM_806534,0.038461538461538464,6
MLBAM_694369,0.038461538461538464,6
MLBAM_696141,0.038461538461538464,6
MLBAM_702140,0.038461538461538464,6
MLBAM_702540,0.038461538461538464,6
MLBAM_694187,0.038461538461538464,6
MLBAM_683493,0.038461538461538464,6
MLBAM_666194,0.038461538461538464,6
MLBAM_695481,0.038461538461538464,6
MLBAM_801126,0.038461538461538464,6
MLBAM_814172,0.038461538461538464,6
MLBAM_691262,0.038461538461538464,6
MLBAM_681132,0.038461538461538464,6
MLBAM_681909,0.038461538461538464,6
MLBAM_664731,0.038461538461538464,6
MLBAM_686810,0.038461538461538464,6
MLBAM_694355,0.038461538461538464,6
MLBAM_814409,0.038461538461538464,6
MLBAM_800051,0.038461538461538464,6
MLBAM_696513,0.038461538461538464,6
MLBAM_700681,0.038461538461538464,6
MLBAM_694185,0.038461538461538464,6
MLBAM_693850,0.038461538461538464,6
MLBAM_687071,0.038461538461538464,6
MLBAM_691449,0.038461538461538464,6
MLBAM_808236,0.038461538461538464,6
MLBAM_690961,0.038461538461538464,6
MLBAM_806210,0.038461538461538464,6
MLBAM_804241,0.038461538461538464,6
MLBAM_805234,0.038461538461538464,6
MLBAM_694196,0.038461538461538464,6
MLBAM_692150,0.038461538461538464,6
MLBAM_680518,0.038461538461538464,6
MLBAM_694930,0.038461538461538464,6
MLBAM_683494,0.038461538461538464,6
MLBAM_660613,0.038461538461538464,6
MLBAM_686438,0.038461538461538464,6
MLBAM_699912,0.038461538461538464,6
MLBAM_694224,0.03225806451612903,5
MLBAM_681172,0.03225806451612903,5
MLBAM_815299,0.03225806451612903,5
MLBAM_676203,0.03225806451612903,5
MLBAM_701587,0.03225806451612903,5
MLBAM_670148,0.03225806451612903,5
MLBAM_703804,0.03225806451612903,5
MLBAM_800232,0.03225806451612903,5
MLBAM_683610,0.03225806451612903,5
MLBAM_808768,0.03225806451612903,5
MLBAM_672696,0.03225806451612903,5
MLBAM_702328,0.03225806451612903,5
MLBAM_696521,0.03225806451612903,5
MLBAM_801881,0.03225806451612903,5
MLBAM_681098,0.03225806451612903,5
MLBAM_676939,0.03225806451612903,5
MLBAM_681370,0.03225806451612903,5
MLBAM_692405,0.03225806451612903,5
MLBAM_695612,0.03225806451612903,5
MLBAM_641796,0.03225806451612903,5
MLBAM_691858,0.03225806451612903,5
MLBAM_814091,0.03225806451612903,5
MLBAM_686984,0.03225806451612903,5
MLBAM_692044,0.03225806451612903,5
MLBAM_802407,0.03225806451612903,5
MLBAM_692368,0.03225806451612903,5
MLBAM_687799,0.03225806451612903,5
MLBAM_802459,0.03225806451612903,5
MLBAM_694351,0.03225806451612903,5
MLBAM_688617,0.03225806451612903,5
MLBAM_694194,0.03225806451612903,5
MLBAM_682793,0.03225806451612903,5
MLBAM_703150,0.03225806451612903,5
MLBAM_815793,0.03225806451612903,5
MLBAM_671913,0.03225806451612903,5
MLBAM_672537,0.03225806451612903,5
MLBAM_808129,0.03225806451612903,5
MLBAM_800440,0.03225806451612903,5
MLBAM_671272,0.03225806451612903,5
MLBAM_682799,0.03225806451612903,5
MLBAM_642082,0.03225806451612903,5
MLBAM_678760,0.03225806451612903,5
MLBAM_691740,0.03225806451612903,5
MLBAM_685474,0.03225806451612903,5
MLBAM_806983,0.03225806451612903,5
MLBAM_806005,0.03225806451612903,5
MLBAM_695692,0.03225806451612903,5
MLBAM_695731,0.03225806451612903,5
MLBAM_680642,0.03225806451612903,5
MLBAM_823703,0.03225806451612903,5
MLBAM_683079,0.03225806451612903,5
MLBAM_805865,0.03225806451612903,5
MLBAM_693819,0.03225806451612903,5
MLBAM_699114,0.03225806451612903,5
MLBAM_691601,0.03225806451612903,5
MLBAM_802531,0.03225806451612903,5
MLBAM_822578,0.03225806451612903,5
MLBAM_681230,0.03225806451612903,5
MLBAM_682796,0.03225806451612903,5
MLBAM_682210,0.03225806451612903,5
MLBAM_683454,0.03225806451612903,5
MLBAM_807742,0.03225806451612903,5
MLBAM_680636,0.03225806451612903,5
MLBAM_694025,0.03225806451612903,5
MLBAM_806368,0.03225806451612903,5
MLBAM_803475,0.03225806451612903,5
MLBAM_699157,0.03225806451612903,5
MLBAM_808516,0.03225806451612903,5
MLBAM_702789,0.03225806451612903,5
MLBAM_805268,0.03225806451612903,5
MLBAM_669899,0.03225806451612903,5
MLBAM_691775,0.03225806451612903,5
MLBAM_681526,0.03225806451612903,5
MLBAM_682633,0.03225806451612903,5
MLBAM_667690,0.03225806451612903,5
MLBAM_702977,0.025974025974025976,4
MLBAM_824028,0.025974025974025976,4
MLBAM_805795,0.025974025974025976,4
MLBAM_814458,0.025974025974025976,4
MLBAM_668791,0.025974025974025976,4
MLBAM_805891,0.025974025974025976,4
MLBAM_685332,0.025974025974025976,4
MLBAM_621008,0.025974025974025976,4
MLBAM_678010,0.025974025974025976,4
MLBAM_691621,0.025974025974025976,4
MLBAM_687152,0.025974025974025976,4
MLBAM_614173,0.025974025974025976,4
MLBAM_687192,0.025974025974025976,4
MLBAM_687210,0.025974025974025976,4
MLBAM_802991,0.025974025974025976,4
MLBAM_684081,0.025974025974025976,4
MLBAM_665506,0.025974025974025976,4
MLBAM_676882,0.025974025974025976,4
MLBAM_676463,0.025974025974025976,4
MLBAM_703159,0.025974025974025976,4
MLBAM_692046,0.025974025974025976,4
MLBAM_687714,0.025974025974025976,4
MLBAM_806965,0.025974025974025976,4
MLBAM_815306,0.025974025974025976,4
MLBAM_691285,0.025974025974025976,4
MLBAM_803011,0.025974025974025976,4
MLBAM_689302,0.025974025974025976,4
MLBAM_703194,0.025974025974025976,4
MLBAM_681488,0.025974025974025976,4
MLBAM_674976,0.025974025974025976,4
MLBAM_695524,0.025974025974025976,4
MLBAM_800540,0.025974025974025976,4
MLBAM_701392,0.025974025974025976,4
MLBAM_688394,0.025974025974025976,4
MLBAM_694385,0.025974025974025976,4
MLBAM_701831,0.025974025974025976,4
MLBAM_801464,0.025974025974025976,4
MLBAM_687521,0.025974025974025976,4
MLBAM_699115,0.025974025974025976,4
MLBAM_641924,0.025974025974025976,4
MLBAM_804588,0.025974025974025976,4
MLBAM_691939,0.025974025974025976,4
MLBAM_813860,0.025974025974025976,4
MLBAM_803745,0.025974025974025976,4
MLBAM_694580,0.025974025974025976,4
MLBAM_657193,0.025974025974025976,4
MLBAM_677338,0.025974025974025976,4
MLBAM_701648,0.025974025974025976,4
MLBAM_695031,0.025974025974025976,4
MLBAM_692390,0.025974025974025976,4
MLBAM_703430,0.025974025974025976,4
MLBAM_806367,0.025974025974025976,4
MLBAM_802959,0.025974025974025976,4
MLBAM_691645,0.025974025974025976,4
MLBAM_684922,0.025974025974025976,4
MLBAM_809945,0.025974025974025976,4
MLBAM_542208,0.025974025974025976,4
MLBAM_677342,0.025974025974025976,4
MLBAM_687272,0.025974025974025976,4
MLBAM_684519,0.025974025974025976,4
MLBAM_695508,0.025974025974025976,4
MLBAM_815697,0.025974025974025976,4
MLBAM_801822,0.025974025974025976,4
MLBAM_682618,0.025974025974025976,4
MLBAM_703202,0.025974025974025976,4
MLBAM_680552,0.025974025974025976,4
MLBAM_692489,0.025974025974025976,4
MLBAM_691458,0.025974025974025976,4
MLBAM_681333,0.025974025974025976,4
MLBAM_815874,0.025974025974025976,4
MLBAM_801406,0.025974025974025976,4
MLBAM_696501,0.025974025974025976,4
MLBAM_806956,0.025974025974025976,4
MLBAM_690469,0.025974025974025976,4
MLBAM_801194,0.025974025974025976,4
MLBAM_686982,0.025974025974025976,4
MLBAM_681879,0.025974025974025976,4
MLBAM_691949,0.025974025974025976,4
MLBAM_694193,0.025974025974025976,4
MLBAM_687526,0.025974025974025976,4
MLBAM_800724,0.025974025974025976,4
MLBAM_695299,0.025974025974025976,4
MLBAM_682674,0.025974025974025976,4
MLBAM_800194,0.025974025974025976,4
MLBAM_687724,0.025974025974025976,4
MLBAM_694200,0.025974025974025976,4
MLBAM_814413,0.025974025974025976,4
MLBAM_680890,0.025974025974025976,4
MLBAM_691616,0.025974025974025976,4
MLBAM_813841,0.025974025974025976,4
MLBAM_805834,0.025974025974025976,4
MLBAM_675994,0.0196078431372549,3
MLBAM_803172,0.0196078431372549,3
MLBAM_687431,0.0196078431372549,3
MLBAM_701177,0.0196078431372549,3
MLBAM_701860,0.0196078431372549,3
MLBAM_815067,0.0196078431372549,3
MLBAM_805058,0.0196078431372549,3
MLBAM_807643,0.0196078431372549,3
MLBAM_684541,0.0196078431372549,3
MLBAM_694222,0.0196078431372549,3
MLBAM_701689,0.0196078431372549,3
MLBAM_696264,0.0196078431372549,3
MLBAM_682617,0.0196078431372549,3
MLBAM_683104,0.0196078431372549,3
MLBAM_695461,0.0196078431372549,3
MLBAM_703205,0.0196078431372549,3
MLBAM_682732,0.0196078431372549,3
MLBAM_686981,0.0196078431372549,3
MLBAM_800377,0.0196078431372549,3
MLBAM_804446,0.0196078431372549,3
MLBAM_800478,0.0196078431372549,3
MLBAM_811289,0.0196078431372549,3
MLBAM_694211,0.0196078431372549,3
MLBAM_695930,0.0196078431372549,3
MLBAM_682942,0.0196078431372549,3
MLBAM_702550,0.0196078431372549,3
MLBAM_694186,0.0196078431372549,3
MLBAM_805126,0.0196078431372549,3
MLBAM_806077,0.0196078431372549,3
MLBAM_660710,0.0196078431372549,3
MLBAM_805319,0.0196078431372549,3
MLBAM_694977,0.0196078431372549,3
MLBAM_688875,0.0196078431372549,3
MLBAM_808083,0.0196078431372549,3
MLBAM_702391,0.0196078431372549,3
MLBAM_669219,0.0196078431372549,3
MLBAM_821270,0.0196078431372549,3
MLBAM_694806,0.0196078431372549,3
MLBAM_805346,0.0196078431372549,3
MLBAM_687783,0.0196078431372549,3
MLBAM_681468,0.0196078431372549,3
MLBAM_702315,0.0196078431372549,3
MLBAM_692657,0.0196078431372549,3
MLBAM_807727,0.0196078431372549,3
MLBAM_691277,0.0196078431372549,3
MLBAM_694444,0.0196078431372549,3
MLBAM_692944,0.0196078431372549,3
MLBAM_670867,0.0196078431372549,3
MLBAM_702501,0.0196078431372549,3
MLBAM_808265,0.0196078431372549,3
MLBAM_678218,0.0196078431372549,3
MLBAM_691437,0.0196078431372549,3
MLBAM_680519,0.0196078431372549,3
MLBAM_689959,0.0196078431372549,3
MLBAM_698933,0.0196078431372549,3
MLBAM_686758,0.0196078431372549,3
MLBAM_676024,0.0196078431372549,3
MLBAM_802504,0.0196078431372549,3
MLBAM_680690,0.0196078431372549,3
MLBAM_821262,0.0196078431372549,3
MLBAM_683233,0.0196078431372549,3
MLBAM_698929,0.0196078431372549,3
MLBAM_688311,0.0196078431372549,3
MLBAM_814435,0.0196078431372549,3
MLBAM_691726,0.0196078431372549,3
MLBAM_702463,0.0196078431372549,3
MLBAM_691267,0.0196078431372549,3
MLBAM_682646,0.0196078431372549,3
MLBAM_808326,0.0196078431372549,3
MLBAM_806958,0.0196078431372549,3
MLBAM_681114,0.0196078431372549,3
MLBAM_811965,0.0196078431372549,3
MLBAM_800345,0.0196078431372549,3
MLBAM_687567,0.0196078431372549,3
MLBAM_687554,0.0196078431372549,3
MLBAM_682616,0.0196078431372549,3
MLBAM_683353,0.0196078431372549,3
MLBAM_667240,0.0196078431372549,3
MLBAM_620439,0.0196078431372549,3
MLBAM_806964,0.0196078431372549,3
MLBAM_800508,0.0196078431372549,3
MLBAM_701548,0.0196078431372549,3
MLBAM_685392,0.0196078431372549,3
MLBAM_669002,0.0196078431372549,3
MLBAM_692238,0.0196078431372549,3
MLBAM_686445,0.0196078431372549,3
MLBAM_801430,0.0196078431372549,3
MLBAM_703177,0.0196078431372549,3
MLBAM_682239,0.0196078431372549,3
MLBAM_702518,0.0196078431372549,3
MLBAM_675394,0.0196078431372549,3
MLBAM_803385,0.0196078431372549,3
MLBAM_800617,0.0196078431372549,3
MLBAM_806223,0.0196078431372549,3
MLBAM_690988,0.0196078431372549,3
MLBAM_694387,0.0196078431372549,3
MLBAM_685274,0.0196078431372549,3
MLBAM_802544,0.0196078431372549,3
MLBAM_805347,0.0196078431372549,3
MLBAM_699471,0.0196078431372549,3
MLBAM_702685,0.0196078431372549,3
MLBAM_679821,0.0196078431372549,3
MLBAM_825761,0.0196078431372549,3
MLBAM_824615,0.0196078431372549,3
MLBAM_699232,0.0196078431372549,3
MLBAM_672635,0.0196078431372549,3
MLBAM_683735,0.0196078431372549,3
MLBAM_682265,0.0196078431372549,3
MLBAM_676063,0.0196078431372549,3
MLBAM_677570,0.0196078431372549,3
MLBAM_683341,0.0196078431372549,3
MLBAM_694834,0.0196078431372549,3
MLBAM_806995,0.0196078431372549,3
MLBAM_668785,0.0196078431372549,3
MLBAM_691789,0.0196078431372549,3
MLBAM_691284,0.0196078431372549,3
MLBAM_806957,0.0196078431372549,3
MLBAM_669439,0.0196078431372549,3
MLBAM_699305,0.0196078431372549,3
MLBAM_815304,0.0196078431372549,3
MLBAM_808767,0.0196078431372549,3
MLBAM_702461,0.0196078431372549,3
MLBAM_815908,0.0196078431372549,3
MLBAM_701394,0.0196078431372549,3
MLBAM_669432,0.013157894736842105,2
MLBAM_828599,0.013157894736842105,2
MLBAM_825334,0.013157894736842105,2
MLBAM_700243,0.013157894736842105,2
MLBAM_694183,0.013157894736842105,2
MLBAM_694266,0.013157894736842105,2
MLBAM_681159,0.013157894736842105,2
MLBAM_815268,0.013157894736842105,2
MLBAM_687918,0.013157894736842105,2
MLBAM_691794,0.013157894736842105,2
MLBAM_685300,0.013157894736842105,2
MLBAM_686952,0.013157894736842105,2
MLBAM_801938,0.013157894736842105,2
MLBAM_680711,0.013157894736842105,2
MLBAM_814188,0.013157894736842105,2
MLBAM_806993,0.013157894736842105,2
MLBAM_686793,0.013157894736842105,2
MLBAM_701481,0.013157894736842105,2
MLBAM_683172,0.013157894736842105,2
MLBAM_806611,0.013157894736842105,2
MLBAM_701327,0.013157894736842105,2
MLBAM_690841,0.013157894736842105,2
MLBAM_682648,0.013157894736842105,2
MLBAM_682983,0.013157894736842105,2
MLBAM_680273,0.013157894736842105,2
MLBAM_681868,0.013157894736842105,2
MLBAM_676038,0.013157894736842105,2
MLBAM_828319,0.013157894736842105,2
MLBAM_690970,0.013157894736842105,2
MLBAM_702270,0.013157894736842105,2
MLBAM_695604,0.013157894736842105,2
MLBAM_800195,0.013157894736842105,2
MLBAM_661531,0.013157894736842105,2
MLBAM_814442,0.013157894736842105,2
MLBAM_802506,0.013157894736842105,2
MLBAM_672613,0.013157894736842105,2
MLBAM_672018,0.013157894736842105,2
MLBAM_813844,0.013157894736842105,2
MLBAM_660634,0.013157894736842105,2
MLBAM_682685,0.013157894736842105,2
MLBAM_690443,0.013157894736842105,2
MLBAM_695538,0.013157894736842105,2
MLBAM_699061,0.013157894736842105,2
MLBAM_694484,0.013157894736842105,2
MLBAM_702222,0.013157894736842105,2
MLBAM_699615,0.013157894736842105,2
MLBAM_687310,0.013157894736842105,2
MLBAM_691897,0.013157894736842105,2
MLBAM_701805,0.013157894736842105,2
MLBAM_805951,0.013157894736842105,2
MLBAM_686766,0.013157894736842105,2
MLBAM_702488,0.013157894736842105,2
MLBAM_695342,0.013157894736842105,2
MLBAM_808864,0.013157894736842105,2
MLBAM_682266,0.013157894736842105,2
MLBAM_674951,0.013157894736842105,2
MLBAM_691398,0.013157894736842105,2
MLBAM_691006,0.013157894736842105,2
MLBAM_691370,0.013157894736842105,2
MLBAM_800257,0.013157894736842105,2
MLBAM_702726,0.013157894736842105,2
MLBAM_683344,0.013157894736842105,2
MLBAM_800169,0.013157894736842105,2
MLBAM_696486,0.013157894736842105,2
MLBAM_694742,0.013157894736842105,2
MLBAM_682276,0.013157894736842105,2
MLBAM_691408,0.013157894736842105,2
MLBAM_682662,0.013157894736842105,2
MLBAM_807714,0.013157894736842105,2
MLBAM_696281,0.013157894736842105,2
MLBAM_680918,0.013157894736842105,2
MLBAM_703149,0.013157894736842105,2
MLBAM_681375,0.013157894736842105,2
MLBAM_694953,0.013157894736842105,2
MLBAM_805931,0.013157894736842105,2
MLBAM_703204,0.013157894736842105,2
MLBAM_807746,0.013157894736842105,2
MLBAM_807759,0.013157894736842105,2
MLBAM_803175,0.013157894736842105,2
MLBAM_694214,0.013157894736842105,2
MLBAM_679788,0.013157894736842105,2
MLBAM_806191,0.013157894736842105,2
MLBAM_680935,0.013157894736842105,2
MLBAM_690914,0.013157894736842105,2
MLBAM_683569,0.013157894736842105,2
MLBAM_672013,0.013157894736842105,2
MLBAM_806953,0.013157894736842105,2
MLBAM_802005,0.013157894736842105,2
MLBAM_663905,0.013157894736842105,2
MLBAM_686541,0.013157894736842105,2
MLBAM_815915,0.013157894736842105,2
MLBAM_687005,0.013157894736842105,2
MLBAM_801075,0.013157894736842105,2
MLBAM_806394,0.013157894736842105,2
MLBAM_808267,0.013157894736842105,2
MLBAM_814806,0.013157894736842105,2
MLBAM_807751,0.013157894736842105,2
MLBAM_641468,0.013157894736842105,2
MLBAM_687206,0.013157894736842105,2
MLBAM_807728,0.013157894736842105,2
MLBAM_814451,0.013157894736842105,2
MLBAM_699144,0.013157894736842105,2
MLBAM_682775,0.013157894736842105,2
MLBAM_807722,0.013157894736842105,2
MLBAM_811765,0.013157894736842105,2
MLBAM_800683,0.013157894736842105,2
MLBAM_800253,0.013157894736842105,2
MLBAM_700321,0.013157894736842105,2
MLBAM_687066,0.013157894736842105,2
MLBAM_804240,0.013157894736842105,2
MLBAM_805075,0.013157894736842105,2
MLBAM_690448,0.013157894736842105,2
MLBAM_694829,0.013157894736842105,2
MLBAM_687749,0.013157894736842105,2
MLBAM_671956,0.013157894736842105,2
MLBAM_691605,0.013157894736842105,2
MLBAM_806963,0.013157894736842105,2
MLBAM_800406,0.013157894736842105,2
MLBAM_701682,0.013157894736842105,2
MLBAM_800176,0.013157894736842105,2
MLBAM_800266,0.013157894736842105,2
MLBAM_828473,0.013157894736842105,2
MLBAM_692564,0.013157894736842105,2
MLBAM_812470,0.013157894736842105,2
MLBAM_814430,0.013157894736842105,2
MLBAM_702889,0.013157894736842105,2
MLBAM_686958,0.013157894736842105,2
MLBAM_686960,0.013157894736842105,2
MLBAM_827665,0.013157894736842105,2
MLBAM_800434,0.013157894736842105,2
MLBAM_692348,0.013157894736842105,2
MLBAM_802541,0.013157894736842105,2
MLBAM_676280,0.013157894736842105,2
MLBAM_686639,0.013157894736842105,2
MLBAM_813922,0.013157894736842105,2
MLBAM_694181,0.013157894736842105,2
MLBAM_808291,0.013157894736842105,2
MLBAM_699013,0.013157894736842105,2
MLBAM_678837,0.013157894736842105,2
MLBAM_700936,0.013157894736842105,2
MLBAM_703154,0.013157894736842105,2
MLBAM_813894,0.013157894736842105,2
MLBAM_702690,0.013157894736842105,2
MLBAM_691588,0.013157894736842105,2
MLBAM_687982,0.013157894736842105,2
MLBAM_687942,0.013157894736842105,2
MLBAM_686638,0.013157894736842105,2
MLBAM_813852,0.013157894736842105,2
MLBAM_681275,0.013157894736842105,2
MLBAM_801629,0.013157894736842105,2
MLBAM_702708,0.013157894736842105,2
MLBAM_806152,0.013157894736842105,2
MLBAM_664332,0.013157894736842105,2
MLBAM_693832,0.013157894736842105,2
MLBAM_703197,0.013157894736842105,2
MLBAM_682003,0.013157894736842105,2
MLBAM_694215,0.013157894736842105,2
MLBAM_800421,0.013157894736842105,2
MLBAM_695596,0.013157894736842105,2
MLBAM_607067,0.006622516556291391,1
MLBAM_683004,0.006622516556291391,1
MLBAM_800543,0.006622516556291391,1
MLBAM_807257,0.006622516556291391,1
MLBAM_691116,0.006622516556291391,1
MLBAM_808288,0.006622516556291391,1
MLBAM_671217,0.006622516556291391,1
MLBAM_703639,0.006622516556291391,1
MLBAM_694170,0.006622516556291391,1
MLBAM_807267,0.006622516556291391,1
MLBAM_678099,0.006622516556291391,1
MLBAM_696286,0.006622516556291391,1
MLBAM_681623,0.006622516556291391,1
MLBAM_803174,0.006622516556291391,1
MLBAM_692371,0.006622516556291391,1
MLBAM_809244,0.006622516556291391,1
MLBAM_694749,0.006622516556291391,1
MLBAM_800306,0.006622516556291391,1
MLBAM_699027,0.006622516556291391,1
MLBAM_805366,0.006622516556291391,1
MLBAM_682818,0.006622516556291391,1
MLBAM_703715,0.006622516556291391,1
MLBAM_694318,0.006622516556291391,1
MLBAM_687285,0.006622516556291391,1
MLBAM_680740,0.006622516556291391,1
MLBAM_668756,0.006622516556291391,1
MLBAM_681580,0.006622516556291391,1
MLBAM_801525,0.006622516556291391,1
MLBAM_800357,0.006622516556291391,1
MLBAM_691252,0.006622516556291391,1
MLBAM_669413,0.006622516556291391,1
MLBAM_695491,0.006622516556291391,1
MLBAM_689750,0.006622516556291391,1
MLBAM_691922,0.006622516556291391,1
MLBAM_694380,0.006622516556291391,1
MLBAM_800393,0.006622516556291391,1
MLBAM_827264,0.006622516556291391,1
MLBAM_695467,0.006622516556291391,1
MLBAM_676045,0.006622516556291391,1
MLBAM_701696,0.006622516556291391,1
MLBAM_815694,0.006622516556291391,1
MLBAM_694065,0.006622516556291391,1
MLBAM_694227,0.006622516556291391,1
MLBAM_800506,0.006622516556291391,1
MLBAM_805804,0.006622516556291391,1
MLBAM_811287,0.006622516556291391,1
MLBAM_682801,0.006622516556291391,1
MLBAM_814194,0.006622516556291391,1
MLBAM_815734,0.006622516556291391,1
MLBAM_687144,0.006622516556291391,1
MLBAM_690944,0.006622516556291391,1
MLBAM_683529,0.006622516556291391,1
MLBAM_700032,0.006622516556291391,1
MLBAM_810053,0.006622516556291391,1
MLBAM_701701,0.006622516556291391,1
MLBAM_700731,0.006622516556291391,1
MLBAM_700283,0.006622516556291391,1
MLBAM_681377,0.006622516556291391,1
MLBAM_670208,0.006622516556291391,1
MLBAM_814154,0.006622516556291391,1
MLBAM_686196,0.006622516556291391,1
MLBAM_702556,0.006622516556291391,1
MLBAM_684976,0.006622516556291391,1
MLBAM_806921,0.006622516556291391,1
MLBAM_801256,0.006622516556291391,1
MLBAM_699014,0.006622516556291391,1
MLBAM_691392,0.006622516556291391,1
MLBAM_801978,0.006622516556291391,1
MLBAM_668860,0.006622516556291391,1
MLBAM_696142,0.006622516556291391,1
MLBAM_684712,0.006622516556291391,1
MLBAM_821171,0.006622516556291391,1
MLBAM_815653,0.006622516556291391,1
MLBAM_702467,0.006622516556291391,1
MLBAM_800106,0.006622516556291391,1
MLBAM_815904,0.006622516556291391,1
MLBAM_686404,0.006622516556291391,1
MLBAM_827628,0.006622516556291391,1
MLBAM_807276,0.006622516556291391,1
MLBAM_821657,0.006622516556291391,1
MLBAM_699229,0.006622516556291391,1
MLBAM_700658,0.006622516556291391,1
MLBAM_702920,0.006622516556291391,1
MLBAM_803015,0.006622516556291391,1
MLBAM_687730,0.006622516556291391,1
MLBAM_814445,0.006622516556291391,1
MLBAM_701784,0.006622516556291391,1
MLBAM_688551,0.006622516556291391,1
MLBAM_695023,0.006622516556291391,1
MLBAM_679663,0.006622516556291391,1
MLBAM_815150,0.006622516556291391,1
MLBAM_699475,0.006622516556291391,1
MLBAM_651016,0.006622516556291391,1
MLBAM_825924,0.006622516556291391,1
MLBAM_691269,0.006622516556291391,1
MLBAM_675430,0.006622516556291391,1
MLBAM_699053,0.006622516556291391,1
MLBAM_683447,0.006622516556291391,1
MLBAM_806176,0.006622516556291391,1
MLBAM_693306,0.006622516556291391,1
MLBAM_808279,0.006622516556291391,1
MLBAM_814528,0.006622516556291391,1
MLBAM_647378,0.006622516556291391,1
MLBAM_681400,0.006622516556291391,1
MLBAM_691405,0.006622516556291391,1
MLBAM_809331,0.006622516556291391,1
MLBAM_804645,0.006622516556291391,1
MLBAM_694420,0.006622516556291391,1
MLBAM_694230,0.006622516556291391,1
MLBAM_805062,0.006622516556291391,1
MLBAM_701807,0.006622516556291391,1
MLBAM_683427,0.006622516556291391,1
MLBAM_700845,0.006622516556291391,1
MLBAM_676053,0.006622516556291391,1
MLBAM_680846,0.006622516556291391,1
MLBAM_800449,0.006622516556291391,1
MLBAM_690983,0.006622516556291391,1
MLBAM_698916,0.006622516556291391,1
MLBAM_691416,0.006622516556291391,1
MLBAM_677673,0.006622516556291391,1
MLBAM_814440,0.006622516556291391,1
MLBAM_670076,0.006622516556291391,1
MLBAM_699166,0.006622516556291391,1
MLBAM_678926,0.006622516556291391,1
MLBAM_702253,0.006622516556291391,1
MLBAM_685341,0.006622516556291391,1
MLBAM_807007,0.006622516556291391,1
MLBAM_702662,0.006622516556291391,1
MLBAM_687470,0.006622516556291391,1
MLBAM_803142,0.006622516556291391,1
MLBAM_680971,0.006622516556291391,1
MLBAM_801471,0.006622516556291391,1
MLBAM_669386,0.006622516556291391,1
MLBAM_691938,0.006622516556291391,1
MLBAM_701401,0.006622516556291391,1
MLBAM_813883,0.006622516556291391,1
MLBAM_681941,0.006622516556291391,1
MLBAM_694049,0.006622516556291391,1
MLBAM_681080,0.006622516556291391,1
MLBAM_811312,0.006622516556291391,1
MLBAM_694182,0.006622516556291391,1
MLBAM_678854,0.006622516556291391,1
MLBAM_805999,0.006622516556291391,1
MLBAM_691411,0.006622516556291391,1
MLBAM_693309,0.006622516556291391,1
MLBAM_694197,0.006622516556291391,1
MLBAM_815551,0.006622516556291391,1
MLBAM_692416,0.006622516556291391,1
MLBAM_683091,0.006622516556291391,1
MLBAM_702114,0.006622516556291391,1
MLBAM_684715,0.006622516556291391,1
MLBAM_691944,0.006622516556291391,1
MLBAM_682707,0.006622516556291391,1
MLBAM_690107,0.006622516556291391,1
MLBAM_694206,0.006622516556291391,1
MLBAM_689355,0.006622516556291391,1
MLBAM_692446,0.006622516556291391,1
MLBAM_687012,0.006622516556291391,1
MLBAM_806988,0.006622516556291391,1
MLBAM_700720,0.006622516556291391,1
MLBAM_681142,0.006622516556291391,1
MLBAM_802353,0.006622516556291391,1
MLBAM_703606,0.006622516556291391,1
MLBAM_687036,0.006622516556291391,1
MLBAM_700164,0.006622516556291391,1
MLBAM_814444,0.006622516556291391,1
MLBAM_804603,0.006622516556291391,1
MLBAM_702544,0.006622516556291391,1
MLBAM_694808,0.006622516556291391,1
MLBAM_683490,0.006622516556291391,1
MLBAM_800356,0.006622516556291391,1
MLBAM_696140,0.006622516556291391,1
MLBAM_800254,0.006622516556291391,1
MLBAM_570560,0.006622516556291391,1
MLBAM_700081,0.006622516556291391,1
MLBAM_694070,0.006622516556291391,1
MLBAM_687751,0.006622516556291391,1
MLBAM_687628,0.006622516556291391,1
MLBAM_800959,0.006622516556291391,1
MLBAM_829272,0.006622516556291391,1
MLBAM_669194,0.006622516556291391,1
MLBAM_641302,0.006622516556291391,1
