Player,R
"Abel, Mick",0.897498956351915
"Abeyta, Blane",0.4749030645036122
"Abner, Philip",0.6208648933216308
"Abreu, Albert",0.40021621525532153
"Abreu, Bryan",0.9540727437173601
"Acosta, Daison",0.5047950309831267
"Acton, Garrett",0.5357197938675712
"Adam, Jason",0.9366439209309843
"Adames, Jose",0.435218569118125
"Adams, Austin",0.6739312019038283
"Adams, Cooper",0.4749568433393306
"Adams, Mason",0.6187886679272454
"Adams, Travis",0.8683383408682942
"Adcock, Ty",0.5750205629830368
"Adler, Eric",0.5273285428515487
"Adon, Joan",0.534425636078541
"Agnos, Zach",0.8684192476687429
"Ahlstrom, Robby",0.4368062035341332
"Akin, Keegan",0.9336680715122978
"Alcala, Jorge",0.9361898337474766
"Alcantara, Raúl",0.39741561477355913
"Alcantara, Sandy",0.9683453950331199
"Aldegheri, Sam",0.8172428425304737
"Alexander, Jason",0.9317243628217959
"Alexander, Scott",0.8041466113021245
"Alexander, Tyler",0.9434843401455242
"Alford, Peyton",0.3829207388599283
"Allard, Kolby",0.9035644414937162
"Allen, Logan",0.9658660544454096
"Altavilla, Dan",0.8923832975503273
"Alvarado, Elvis",0.9254867946900814
"Alvarado, José",0.9013501062749711
"Alvarez, Andrew",0.8280162356517781
"Alvarez, Jhosmer",0.433629411381772
"Alvarez, Nelson L.",0.5439472273692924
"Amalfi, Alex",0.44830269520260985
"Amendt, Kyle",0.6236533434407411
"Anderson, Grant",0.943312902517717
"Anderson, Ian",0.8553101430811969
"Anderson, Jack",0.5003717411955759
"Anderson, Justin",0.6718479033955371
"Anderson, Nick",0.7409103876461121
"Anderson, Ryan",0.43845463126677664
"Anderson, Shaun",0.7751274091010446
"Anderson, Tyler",0.9602411335626438
"Angelo, Roman",0.4106046027741609
"Aoyagi, Koyo",0.6034100507488677
"Arguelles, Anthony",0.496572556197039
"Arias, Luarbert",0.7462271391531936
"Arias, Michael",0.6013883372828372
"Arias, Wander",0.3732784670564064
"Armstrong, Sam",0.5594921029191713
"Armstrong, Shawn",0.9419446146922654
"Arrighetti, Spencer",0.9207269032865958
"Ash, Konnor",0.39793980400582896
"Ashby, Aaron",0.939695225787551
"Ashcraft, Braxton",0.9319244557056066
"Ashcraft, Graham",0.9411808421421953
"Askew, Keyshawn",0.4808392543735037
"Assad, Javier",0.857531290641192
"Austin, Cade",0.4339745598405385
"Avila, Luinder",0.7851048557878694
"Ayers, Cole",0.4001185543743557
"Bachar, Lake",0.9426684120101109
"Bachman, Sam",0.8201721007488327
"Backhus, Kyle",0.8440949703266334
"Baker, Bryan",0.9390762929067964
"Balazovic, Jordan",0.513152014161986
"Banda, Anthony",0.9320634159274813
"Banks, Tanner",0.9212480832007726
"Barco, Hunter",0.5367040043473205
"Barlow, Joe",0.5327752236221048
"Barlow, Scott",0.9485660797241672
"Barnes, Jacob",0.6836374346823053
"Barnes, Zach",0.5418415504351312
"Barnett, Mason",0.82416135975467
"Barnhart, Tucker",0.37324808504101376
"Barnhart, Zane",0.4455082761703209
"Bash, Andrew",0.5571960693229931
"Bassitt, Chris",0.9724655165725131
"Basso, Brady",0.7263468064965082
"Bauers, Jake",0.5473076600223195
"Baum, Tyler",0.4288462297131024
"Bautista, Félix",0.9289381397131529
"Bayless, Jarod",0.40742548770335413
"Baz, Shane",0.9727777966963169
"Bazardo, Eduard",0.9436446404423009
"Bechtold, Andrew",0.5638263373939779
"Beck, Tristan",0.9005011017322533
"Bednar, David",0.9440568444865741
"Beeks, Jalen",0.91111867783827
"Beeter, Clayton",0.8754488351767111
"Beilenson, Charlie",0.4118670892908061
"Belgrave, Nigel",0.4764042110653195
"Bello, Brayan",0.9652745442261319
"Bellozo, Valente",0.9339026739771622
"Bender, Anthony",0.9140311997082972
"Benjamin, Wes",0.5935823696820322
"Benschoter, Sam",0.37326965885223806
"Bergert, Ryan",0.940722921046181
"Bergin, Jesse",0.5866965742634922
"Bergner, Austin",0.37324943074901606
"Bernardino, Brennan",0.9257765704995078
"Berríos, José",0.9685868957047605
"Berti, Jon",0.48062529822304484
"Bibee, Tanner",0.9708140406114832
"Bickford, Phil",0.4752503485877969
"Bido, Osvaldo",0.9477704417093434
"Bieber, Shane",0.8798949389511713
"Bielak, Brandon",0.43840091687416916
"Bierman, Gabe",0.4711676767551491
"Bigge, Hunter",0.7978219119474905
"Bird, Jake",0.9403182669284692
"Birdsong, Hayden",0.9476160977847495
"Bivens, Spencer",0.9375178227222541
"Black, Mason",0.516004563450217
"Blackburn, Paul",0.902053764077862
"Blalock, Bradley",0.9037817459805634
"Blanco, Ronel",0.9262359585259512
"Blewett, Scott",0.9014278969844227
"Bloss, Jake",0.6330351179871437
"Blubaugh, AJ",0.888131919464469
"Boehm, Gage",0.37326043795525277
"Bolton, Cody",0.4736786194782034
"Booser, Cam",0.9077679622227961
"Borucki, Ryan",0.8918735742995071
"Bosiokovic, Jacob",0.5673824054601746
"Boushley, Caleb",0.9124051007484467
"Bowden, Ben",0.6527516942159027
"Bowlan, Jonathan",0.9130404877919052
"Bowman, Kaleb",0.43840230619250353
"Bowman, Matt",0.8571095490190903
"Boyd, Matthew",0.9691459928111164
"Boyer, Logan",0.37386768050700564
"Boyle, Joe",0.9422341933900442
"Boyle, Sean",0.6677129669675183
"Bradford, Cody",0.39945935242326003
"Bradish, Kyle",0.8976868894211967
"Bradley, Taj",0.9666996337011597
"Bradt, Tyler",0.400307272429286
"Bragg, Kade",0.4409718875651456
"Brand, Jonathan",0.3780282486495737
"Brash, Matt",0.9244750022913916
"Brasier, Ryan",0.793115338589456
"Braun, Lucas",0.5326432537453102
"Brazobán, Huascar",0.9399551213423194
"Brebbia, John",0.8858203765600628
"Brentz, Jake",0.477466765695116
"Brewer, Colten",0.6456584568401162
"Brian, Will",0.440685591211132
"Briceno, Endrys",0.4002015602359514
"Bride, Jonah",0.5729326560711965
"Brieske, Beau",0.8502923044215352
"Brigham, Jeff",0.7282739967259685
"Brito, Jhony",0.3734712462132938
"Brito, Raul",0.45235173341246204
"Brogdon, Connor",0.903595654690558
"Brown, Aaron",0.4778321587445797
"Brown, Ben",0.961039855511337
"Brown, Hunter",0.975786154219563
"Brown, McCade",0.8733294279001748
"Brubaker, JT",0.8249805436609086
"Bruihl, Justin",0.7992691853011704
"Bruján, Vidal",0.3732574563638331
"Bryant, Tyler",0.5670526489331785
"Bryant, Zach",0.3734327134395181
"Brzykcy, Zach",0.844875325578137
"Bubic, Kris",0.96346404516287
"Buchanan, David",0.4741450859167584
"Buehler, Walker",0.9605757498806687
"Bummer, Aaron",0.9233681741058923
"Burdi, Nick",0.6164974602136355
"Burgos, Juan",0.7987419270492592
"Burgos, Raymond",0.3732509216686426
"Burke, Brock",0.9152110314380676
"Burke, Sean",0.9676349084746706
"Burleson, Alec",0.37334647318066655
"Burnes, Corbin",0.9415471923925421
"Burns, Chase",0.917941076810146
"Burns, Tanner",0.475254953388283
"Burr, Ryan",0.48128935994529587
"Burrows, Mike",0.9490305120929675
"Busenitz, Alan",0.3991286231979095
"Buttó, José",0.9306496033089812
"Caballero, José",0.37325540334192947
"Cabrera, Edward",0.966289237697662
"Cabrera, Génesis",0.9030121825256076
"Cabrera, Jean",0.47328442441896607
"Cameron, Noah",0.9591017763098517
"Campbell, Isaiah",0.5871120072104012
"Campos, Chris",0.42703514152332817
"Canning, Griffin",0.9493472052568969
"Cannon, Jonathan",0.9527259336684233
"Cano, Yennier",0.9219366610974077
"Cantillo, Joey",0.9603830781843422
"Capra, Vinny",0.3732576869581286
"Carey, Jack",0.40014020259230815
"Carlson, Sam",0.5415107735855684
"Carrasco, Carlos",0.9141733296226302
"Carrillo, Alex",0.5746637860014894
"Casparius, Ben",0.9358492592248067
"Castaño, Blas",0.48097252926296896
"Castellano, Eiberson",0.738875099760115
"Castillo, Diego",0.7356957901724102
"Castillo, José",0.8779047609071765
"Castillo, Luis",0.9705400874292586
"Castillo, Luis F.",0.7137989867795365
"Castro, Kervin",0.5038827658820295
"Castro, Manuel",0.37442600635953965
"Castro, Miguel",0.7441675310310273
"Cavalli, Cade",0.8867987254274352
"Cease, Dylan",0.9781697156761525
"Cecconi, Slade",0.955205219759998
"Cellucci, Brendan",0.5098541001260305
"Cerantola, Eric",0.4028411366657204
"Chafin, Andrew",0.907133441010765
"Chandler, Bubba",0.8628192669737945
"Chapman, Aroldis",0.942989425715615
"Chargois, JT",0.39652659178401023
"Chavez, Jesse",0.7950253631817393
"Chirino, Harold",0.5611080084432383
"Chivilli, Angel",0.9171258604854438
"Church, Marc",0.7749644098690327
"Cienfuegos, Miguel",0.37325204789356986
"Civale, Aaron",0.9448887469411453
"Clark, Chris",0.3973658842043048
"Clarke, Taylor",0.8956426051644738
"Clase, Emmanuel",0.9168578856759482
"Cleavinger, Garrett",0.9422958214083108
"Clevinger, Mike",0.7536869797364459
"Coffey, Adisyn",0.40278536474897547
"Cohen, Harrison",0.3986220577998694
"Cole, Gerrit",0.40014020259230776
"Coleman, Dylan",0.5311331178611676
"Collins, Bryce",0.47464599806670066
"Contreras, Luis",0.8394386098585181
"Contreras, Roansy",0.7615938076594885
"Cooper, Riley",0.4858987538616624
"Copen, Patrick",0.3974514602665241
"Corbin, Patrick",0.9627377031549624
"Corniell, Jose",0.39863300021527265
"Cornielly, Joshua",0.37327432622502743
"Cortes, Nestor",0.9000413189210967
"Cosgrove, Tom",0.5949227601687166
"Costello, Chase",0.39936417503975913
"Coulombe, Danny",0.907068447798012
"Covey, Dylan",0.5038423747687888
"Cox, Austin",0.8226077347915137
"Craig, Luke",0.4366123929364028
"Cranton, Hunter",0.43931999463635535
"Cranz, Robert",0.4074955076534621
"Crawford, Brooks",0.40765279084683337
"Crismatt, Nabil",0.8595914491457926
"Criswell, Cooper",0.8059460384109702
"Crochet, Garrett",0.9791047289861877
"Cronin, Declan",0.5143801967582855
"Crouse, Hans",0.513880576119733
"Cruz, Fernando",0.9449333605299364
"Cruz, Nicolas",0.3997441794588067
"Cruz, Omar",0.7023615507656668
"Cruz, Steven",0.8978222122645662
"Cruz, Yovanny",0.45060745603155816
"Cuas, Jose",0.5047549844030197
"Cuenca, Angel",0.38339570750483476
"Cuevas, Jonny",0.4005634655093714
"Cuevas, Michael",0.37328578727009737
"Curry, Xzavion",0.6378027131889309
"Curtiss, John",0.8563927338479896
"Curvelo, Luis",0.814588401587708
"Cusick, Ryan",0.3970116375003018
"Dale, Elijah",0.40477906612092857
"Dallas, Jack",0.42795349006803296
"Dallas, Micah",0.5022141826654551
"Dalquist, Andrew",0.48077146436444035
"Dana, Caden",0.8966769158411557
"Daniel, Davis",0.7369695295875321
"Danner, Hagen",0.3733938710906798
"Darnell, Dugan",0.6399887623269214
"Darrell-Hicks, Michael",0.777133120195135
"Darvish, Yu",0.9331479402094002
"Dashwood, Jack",0.4359264031129432
"Davidson, Logan",0.3732483570865667
"Davis, Austin",0.5061917883280871
"Davis, Noah",0.8262205018047781
"Davis, Tyler",0.5368116298200425
"De León, José",0.6581571288648648
"De León, Luis",0.4350080983643091
"De Los Santos, Enyel",0.9331230775631486
"De los Santos, Yerry",0.8909384450961252
"DeSclafani, Anthony",0.8777745900495509
"DeVito, Ricky",0.37408447980056375
"Dees, Bailey",0.47787789024085486
"Denholm, Trenton",0.3733939768613515
"Denoyer, Noah",0.5099884800061038
"Detmers, Reid",0.9431473425261121
"Devenski, Chris",0.8184513401490646
"Diamond, Derek",0.3732715631024729
"Diaz, Indigo",0.479721139802703
"Diekman, Jake",0.6086989696704828
"Dion, Will",0.5905270518311628
"Dipoto, Jonah",0.4338304847233221
"Dobbins, Hunter",0.9063794216221861
"Dobnak, Randy",0.6716615953903666
"Dodd, Dylan",0.8294286274099525
"Dodson, Tanner",0.5340828755023269
"Dollander, Chase",0.959180748974483
"Dombkowski, Nick",0.44181618589510147
"Domingo, Vicarte",0.398747142845651
"Domínguez, Seranthony",0.9499997681815437
"Doval, Camilo",0.9458976923579558
"Dreyer, Jack",0.937361694643409
"Driver, Jay",0.37378339577118974
"Drohan, Shane",0.4417426607864846
"Dubin, Shawn",0.863393951450003
"Dunn, Justin",0.4007299926372821
"Dunning, Dane",0.8679772353081338
"Duran, Carlos",0.4419574280110388
"Duran, Jhoan",0.9454917989882027
"Díaz, Alexis",0.8543897188622895
"Díaz, Edwin",0.9511958912267995
"Díaz, Jhonathan",0.5414757660470297
"Díaz, Miguel",0.5321741538270008
"Díaz, Yilber",0.6697771739238058
"Early, Connelly",0.8626091171025109
"Eder, Jake",0.8087546958349615
"Edwards Jr., Carl",0.6211152862365226
"Effross, Scott",0.5989297143554221
"Eflin, Zach",0.9210248456228006
"Eisert, Brandon",0.9357623418254141
"Ekness, Josh",0.45940557771774915
"Elder, Bryce",0.9657280743240203
"Ellard, Fraser",0.8989165701559063
"Ellerts, Magnus",0.5160331381987124
"Emanuels, Stevie",0.39968641388188136
"Englert, Mason",0.9045432797064581
"Enns, Dietrich",0.8970408488393649
"Enright, Nic",0.8663815350522438
"Eovaldi, Nathan",0.9578992147675846
"Erceg, Lucas",0.9202036061590562
"Erla, Mason",0.4002118643372366
"Espada, Jose",0.5143383054788139
"Estanista, Jaydenn",0.5104025092352625
"Estes, Joey",0.8028481337440724
"Estrada, Jeremiah",0.9534507841673048
"Estrada, Lazaro",0.7899183767828954
"Estévez, Carlos",0.9184538001161303
"Evans, Logan",0.933907238566758
"Faedo, Alex",0.48065298130701145
"Faherty, Jake",0.40018011978494
"Fairbanks, Pete",0.9245982667888292
"Falter, Bailey",0.9522856332492844
"Farmer, Buck",0.5719581310176495
"Farris, Mitch",0.8479560455863847
"Faucher, Calvin",0.9295443534543212
"Fausnaught, Braeden",0.3742871081076341
"Fedde, Erick",0.959717282485143
"Feliz, Neftalí",0.3774399752591567
"Fellows, Drake",0.40032680275050786
"Feltner, Ryan",0.902728178655406
"Ferguson, Caleb",0.9332081586282183
"Ferguson, Tyler",0.9352061043580504
"Fermin, José",0.9091625386084331
"Fernandez, Ryan",0.8878617854513542
"Fernández, Julian",0.5986266659985564
"Fernández, Junior",0.4365438192164098
"Ferrer, Jose A.",0.9362974584402609
"Ferris, Jackson",0.6581067182248839
"Festa, David",0.9284128243230889
"Festa, Matt",0.9218893799352974
"Feyereisen, J.P.",0.5112128507654032
"Finley, Jackson",0.40036601804292155
"Finnegan, Kyle",0.918529021229694
"Fisher, Braydon",0.9262097534007941
"Fitts, Richard",0.9146545417298338
"Flaherty, Jack",0.9761001281311273
"Fleming, Josh",0.38009322726126754
"Fleury, Jose",0.4706802807804166
"Flexen, Chris",0.8543393721683777
"Fluharty, Mason",0.9296878690307844
"Flynn, Michael",0.44580621550569804
"Foley, Jason",0.6121966304896898
"Fondtain, T.J.",0.40223023892077026
"Ford, Grant",0.39954263538299895
"Foster, Cameron",0.3978760590787856
"Fox, Phil",0.43972956049398354
"France, J.P.",0.5741175413335218
"Francis, Bowden",0.9395936678452848
"Francisco, Carlos A.",0.43320608211051115
"Franklin, Zach",0.4000792100147714
"Freeland, Kyle",0.9636041146776017
"Freeman, Caleb",0.574818522968821
"Fried, Max",0.9744921838288303
"Fruit, Zach",0.649772612475848
"Frías, Luis",0.4005055085388137
"Fuentes, Didier",0.7645728671035472
"Fujinami, Shintaro",0.622019543779412
"Fulmer, Carson",0.8410583909022049
"Fulmer, Michael",0.7096258750576834
"Fulton, Dax",0.4005669504502146
"Funderburk, Kody",0.9101409988417503
"Gaddis, Hunter",0.9361714297630063
"Gage, Matt",0.8512144560203813
"Gallegos, Giovanny",0.39758491113040695
"Gallen, Zac",0.9716212728775714
"Gambrell, Grant",0.37327702073626956
"Garabito, Gerson",0.7323213777697476
"Garcia, Brandyn",0.8146328032997531
"Garcia, Luis",0.598096347810932
"Garcia, Rico",0.8891685998004966
"Garcia, Robert",0.9307985075746461
"Garcia, Victor",0.37427591098869056
"García, Deivi",0.6922670777038195
"García, Luis",0.9132521371812203
"García, Yimi",0.8743433811800727
"Garkow, Nate",0.5111745859031939
"Garrett, Reed",0.9333830922062407
"Garza, Justin",0.4805282939713678
"Gasser, Robert",0.6740665727972421
"Gastelum, Luis",0.4754381115082015
"Gausman, Kevin",0.9726895376257059
"Geraldo, José",0.5485217524420455
"Gerber, Joey",0.6429291595302191
"Gervase, Paul",0.7333328835647653
"Gibaut, Ian",0.8393838863221081
"Gibson, Cade",0.9050575352896404
"Gibson, Kyle",0.7375909418518934
"Gibson, Trey",0.4745608347431027
"Gil, Luis",0.9129598305381894
"Gilbert, Geoffrey",0.3986372962782365
"Gilbert, Logan",0.9704149034545272
"Gilbert, Tyler",0.9205522856762303
"Gilbreath, Lucas",0.4386975729109848
"Gillaspie, Logan",0.7303081307452742
"Gillispie, Connor",0.8773218900690954
"Ginkel, Kevin",0.8794647463481149
"Ginn, J.T.",0.9516136327166878
"Giolito, Lucas",0.9621245737779591
"Gipson-Long, Sawyer",0.8412980862311273
"Glasnow, Tyler",0.9611729480397033
"Gomber, Austin",0.865737191279309
"Gomez, Cesar",0.40075202515165004
"Gomez, Michael",0.436381623530888
"Gomez, Miguel",0.43597232980425943
"Gonsolin, Tony",0.8985545697625531
"Gonzalez, Domingo",0.37334839642265183
"González, Luis",0.4701038158064971
"González, Victor",0.565851556354183
"González, Wikelman",0.8513044744701895
"Gordon, Colton",0.9289450207587218
"Gordon, Tanner",0.9260912750027881
"Gore, MacKenzie",0.9750924153754956
"Gose, Anthony",0.5712649289812256
"Goss, JJ",0.3732595179333883
"Gowdy, Kevin",0.511392681197337
"Graceffo, Gordon",0.8971656764831341
"Grammes, Conor",0.5029047000222894
"Granillo, Andre",0.8379187369254576
"Graveman, Kendall",0.7152098999701735
"Gray, Jon",0.7375640481634135
"Gray, Sonny",0.9735678061285553
"Green, Chad",0.8906368088413682
"Green, Mason",0.373267179656866
"Greene, Hunter",0.9658674059966014
"Griswold, Rob",0.4397049215931752
"Guante, Wander",0.37366681889397946
"Guenther, Sean",0.7357734780726577
"Guerrero, Luis",0.8524273437366592
"Guilfoil, Tyler",0.5305266009865587
"Gusto, Ryan",0.9553193359367409
"Gutierrez, Gerardo",0.47635698152832245
"Guzman, Carlos",0.4712504434514449
"Gómez, Yoendrys",0.9369531124558932
"Hader, Josh",0.9379715363289405
"Hagenman, Justin",0.8236818919158244
"Hahn, Jesse",0.6393422804481261
"Hall, DL",0.8635693770831193
"Halligan, Patrick",0.37325564581934223
"Halvorsen, Seth",0.908551295886305
"Hamel, Dom",0.400531424904938
"Hamilton, Ian",0.9110731788319052
"Hancock, Emerson",0.9430085258966269
"Hanifee, Brenan",0.9063807562109143
"Hanner, Bradley",0.5066092113016226
"Harbin, Ryan",0.4782505020755859
"Harlow, Josh",0.5742964559129942
"Harper, Daniel",0.4757628064789016
"Harper, Landon",0.4379513298287532
"Harrington, Thomas",0.7618791174889361
"Harris, Ben",0.3970791170476496
"Harris, Hayden",0.5060962634328023
"Harris, Hogan",0.9404385341416736
"Harris, Trent",0.43686869876965484
"Harrison, Kyle",0.8987883350052638
"Hart, Kyle",0.9031292731061891
"Hartlieb, Geoff",0.7898834436992878
"Hartman, Jack",0.39934989510328067
"Hartwig, Grant",0.4776977526168156
"Harvey, Hunter",0.7561160949883091
"Hatch, Thomas",0.8545222468946677
"Hawkins, Dakota",0.3995352078800083
"Headrick, Brent",0.8826348576028262
"Heaney, Andrew",0.9545605058081814
"Heasley, Jonathan",0.4050570312183306
"Hebbert, Duque",0.40715961412641244
"Hedges, Austin",0.4007320929784193
"Heid, Dylan",0.4715645358808965
"Heineman, Tyler",0.40055210630535076
"Helsley, Ryan",0.9293921421597602
"Helvey, Clay",0.6131571619630798
"Hence, Tink",0.43398120018595465
"Henderson, Logan",0.8720314778115202
"Hendricks, Kyle",0.9599783509020776
"Hendriks, Liam",0.7853071943510734
"Hendrix, Ryan",0.5010243804703733
"Henley, Blair",0.476096294843747
"Henriquez, Edgardo",0.7989226676006982
"Henriquez, Ronny",0.9504668775573688
"Henry, Cole",0.9325288706498572
"Henry, Tommy",0.6752888816352176
"Herberholz, Christian",0.4342670353059341
"Herget, Jimmy",0.9472942909738041
"Herget, Kevin",0.674486978733219
"Hernandez, Allan",0.5118591463824955
"Hernandez, Jose E.",0.4272246467178373
"Hernandez, Nick",0.7969020215948475
"Hernández, Carlos",0.9131622757036254
"Hernández, Daysbel",0.9177671206425063
"Hernández, Enrique",0.620585186572261
"Hernández, Jonathan",0.4356997525165727
"Herrin, Tim",0.9317886926256891
"Herz, DJ",0.5975712343956481
"Heuer, Codi",0.6200324123321366
"Hickman, Mason",0.6033950330363436
"Hicks, James",0.5098403269472118
"Hicks, Jordan",0.9390740944385877
"Higginbotham, Jake",0.5071627928823259
"Hill, Jaden",0.8935586704186765
"Hill, Rich",0.6749214436436286
"Hill, Tim",0.8925456034712719
"Hiraldo, Yaramil",0.8152522574891423
"Hjelle, Sean",0.8146444916139687
"Hjerpe, Cooper",0.5141680030447077
"Hodge, Porter",0.9097685022886828
"Hoeing, Bryan",0.5995175111507689
"Hoffman, Jeff",0.9482420519343303
"Hoffman, Nolan",0.44194736321764166
"Hoffmann, Andrew",0.8067967953619539
"Hoglund, Gunnar",0.8582518946215875
"Holderman, Colin",0.8710291389913567
"Hollowell, Gavin",0.7373836415781532
"Holman, Grant",0.8249507816117881
"Holmes, Clay",0.9699673291645832
"Holmes, Grant",0.9664480456928337
"Holton, Tyler",0.9287596906269908
"Holub, Blake",0.437149057265454
"Horn, Bailey",0.7470169009293878
"Horton, Cade",0.951501486173987
"Houck, Tanner",0.9095250054556497
"Houser, Adrian",0.9551304625492752
"Hudson, Bryan",0.8437924188263147
"Hughes, Brandon",0.46477145697732286
"Hughes, Gabriel",0.3732497627754546
"Hughes, Jonathan",0.4388929537788971
"Hummel, Cooper",0.37334604359116713
"Hunley, Sean",0.3965668484131082
"Hunt, K.C.",0.40050321235969033
"Hurtado, Joel",0.3994814384498775
"Hurter, Brant",0.9395648571558486
"Iglesias, Raisel",0.9326672019094028
"Imanaga, Shota",0.9574633692441762
"Ingram, Kolton",0.37325835491603315
"Iriarte, Jairo",0.5738882169641931
"Irvin, Jake",0.9667737893445484
"Isea, Edgar",0.437139481177848
"Jackson, Alex",0.40043000702529286
"Jackson, Luke",0.9136877133777854
"Jacob, Alek",0.891106586486958
"Jacobs, Zach",0.3733635341602956
"Jacques, Joe",0.43639986895386224
"Jameson, Drey",0.6262355020863252
"Jankowski, Travis",0.4005200625415541
"Jansen, Kenley",0.9198278288345236
"Jarvis, Bryce",0.8828467771781631
"Javier, Cristian",0.8817281309484178
"Jax, Griffin",0.9476950224944529
"Jay, Tyler",0.3971134195955869
"Jeffrey, Madison",0.39805904410047277
"Jennings, Ryan",0.43978704484150044
"Jensen, Ryan",0.5037756818958377
"Jimenez, Antonio",0.37471900415613985
"Jimenez, Marco",0.42712159124138527
"Jimenez, Yeuris",0.39745418776277447
"Jiménez, Dany",0.40940071686151464
"Jobe, Jackson",0.9244880995811876
"Johnson, Colton",0.43884163555014166
"Johnson, Pierce",0.9224670118687028
"Johnson, Preston",0.37325345476698313
"Johnson, Ryan",0.813904906734089
"Johnson, Seth",0.726574402166547
"Jones, Jared",0.7589211297837971
"Jones, Nick",0.5178555951478093
"Jones, Stephen",0.4411248630377456
"Jose, Bernard",0.43402047016986967
"Joyce, Ben",0.7811125635767093
"Joyce, Jimmy",0.40341460824061376
"Jozwiak, Chandler",0.511414549281604
"Juarez, Daniel",0.3975111519793259
"Juenger, Hayden",0.4774463956892802
"Jump, Gage",0.39997786078315917
"Junis, Jakob",0.9228494212656051
"Junk, Janson",0.9362392731254329
"Justice, Evan",0.4458471913965101
"Kahnle, Tommy",0.9293746820694988
"Karinchak, James",0.7229719155139223
"Karros, Jared",0.3979313664776316
"Kavadas, Niko",0.40020026864580516
"Keating, Matt",0.4075481658689317
"Keener, Seth",0.5117058278400841
"Keller, Brad",0.9452830799242583
"Keller, Mitch",0.9691656881775491
"Kelly, Casey",0.476458400123549
"Kelly, Kevin",0.8915961589786254
"Kelly, Merrill",0.9694411320747708
"Kelly, Michael",0.8634952353079485
"Kelly, Zack",0.8943235317120923
"Kempner, William",0.5064173793467709
"Kent, Zak",0.8090768528196847
"Kerkering, Orion",0.9384596153985225
"Kershaw, Clayton",0.9455559947832417
"Kiest, Tanner",0.40048714366261595
"Kikuchi, Yusei",0.9734911631977328
"Kilian, Caleb",0.5146229370782599
"Kimbrel, Craig",0.7934407511054961
"King, Bryan",0.9310546146123667
"King, John",0.8773901798840439
"King, Michael",0.9502843579159812
"Kingery, Scott",0.3732525434217025
"Kingsbury, Jimmy",0.3950973921724002
"Kinley, Tyler",0.9399476185601874
"Kirby, George",0.9628368317876702
"Kitchen, Austin",0.47173479250310657
"Kittredge, Andrew",0.9152417912608742
"Klassen, George",0.433303901049081
"Klein, Will",0.8538537364991946
"Knack, Landon",0.9098140718584324
"Knowles, Antonio",0.4344206824888961
"Knowlton, Sam",0.4710741075648031
"Kochanowicz, Jack",0.9534773866402346
"Koenig, Jared",0.9362778686542738
"Kolek, Stephen",0.9501019998746705
"Komar, Brandon",0.5368275882879164
"Kopech, Michael",0.7983621729856699
"Kopps, Kevin",0.5230424175293752
"Kowar, Jackson",0.7800414477353265
"Kranick, Max",0.8720473880328327
"Kravetz, Evan",0.44024770067715785
"Krehbiel, Joey",0.40069700120156687
"Kremer, Dean",0.9676281734045639
"Kriske, Brooks",0.8352310385484886
"Krook, Matt",0.6284824588480952
"Kudrna, Ben",0.4021690599394671
"Kuhl, Chad",0.37342615658486994
"Kuhnel, Joel",0.5043071784653695
"Kuncl, Trevor",0.39875449267131874
"La Sorsa, Joe",0.6849356432285567
"Lancaster, Jackson",0.4005946612917909
"Lange, Alex",0.400576396193043
"Lao, Sauryn",0.7233841750836387
"Lara, Andry",0.7245182445167662
"Laskey, Adam",0.43971910004367953
"Latz, Jacob",0.9426579402553525
"Lauer, Eric",0.9517473693458691
"Law, Derek",0.37486678411919994
"Laweryson, Cody",0.6572557864995054
"Lawrence, Casey",0.7462751343088251
"Lawrence, Justin",0.8429658706360836
"Lazar, Max",0.8564135942550968
"Leahy, Kyle",0.9437974894921292
"Leal, David",0.37330065559495257
"Leasure, Jordan",0.9468423588390923
"Leclerc, José",0.8020204339954364
"Lee, Chase",0.879349798794584
"Lee, Dylan",0.9327678672131988
"Lee, Korey",0.40027587553227745
"Leftwich, Jack",0.43131988916598113
"Legumina, Casey",0.9245362213219205
"Leibrandt, Brandon",0.5467654853481868
"Leigh, Zac",0.435157659724725
"Leiter Jr., Mark",0.9236289103198317
"Leiter, Jack",0.9716247387427943
"Liberatore, Matthew",0.9622575275683615
"Linarez, Valentin",0.4749679735980886
"Littell, Zack",0.9621253126329802
"Little, Brendon",0.9532140396446388
"Little, Jack",0.5451867268408896
"Little, Luke",0.674576936936314
"Lively, Ben",0.9004074371333973
"Liñan, Sean Paul",0.3735762600851368
"Lockhart, Lael",0.399875326508803
"Lodolo, Nick",0.968455613768713
"Long, Sam",0.9001480492857599
"Lonsway, Seth",0.37367342682263005
"Lopez, Jacob",0.9563942068752151
"Lopez, Nicky",0.37452626593175153
"Lord, Brad",0.9580443984509471
"Lorenzen, Michael",0.964067000654949
"Loutos, Ryan",0.7471491328413823
"Lovelady, Richard",0.8269206212755077
"Loáisiga, Jonathan",0.8412870169051597
"Lucas, Easton",0.8626801309231286
"Lucchesi, Joey",0.8798339121549765
"Lugo, Seth",0.9660182519214094
"Lunsford-Shenkman, Wyatt",0.43626911340193175
"Luzardo, Jesús",0.9767828596637055
"Lynch IV, Daniel",0.9283619048853926
"López, Jorge",0.8413363132434343
"López, Pablo",0.9472140999835147
"López, Reynaldo",0.6193088313521352
"Maciejewski, Josh",0.4363542906022366
"Madden, Ty",0.4807330477646621
"Maeda, Kenta",0.8313321046103992
"Magno, Andrew",0.39951471260519483
"Mahle, Tyler",0.942465610487689
"Maile, Luke",0.3733822778653226
"Maldonado, Anthony",0.6963583058252447
"Manaea, Sean",0.929725320604617
"Manning, Matt",0.6148888617599865
"Mantiply, Joe",0.7760316660076143
"Marinaccio, Ron",0.8282441595553698
"Marrero, Andrew",0.4345830737801143
"Martin, Chris",0.8914793305963367
"Martin, Corbin",0.8613237826917919
"Martin, Davis",0.9580415405436831
"Martin, Trevor",0.43734709510189457
"Martinez, Justin",0.8764837452967893
"Martinez, Nick",0.9625210731236163
"Martinez, Rodolfo",0.5410340369461295
"Martinez, Seth",0.6814289981813465
"Martinez, Xavier",0.3966560763352616
"Mastrobuoni, Miles",0.40069302495786246
"Mata, Bryan",0.6046949742217288
"Mateo, Jorge",0.4415006977584342
"Mathews, Quinn",0.583311392989437
"Maton, Jacob",0.4367039218658927
"Maton, Phil",0.941400891686963
"Matsui, Yuki",0.9353459268898858
"Matthews, Zebby",0.9426219822850146
"Mattson, Isaac",0.9098421356423717
"Matz, Steven",0.9263197683677054
"Matzek, Tyler",0.6740809550614052
"Maxwell, Zach",0.7960729745794384
"May, Dustin",0.9660135954974245
"Mayer, Gunner",0.37341637071812533
"Mayza, Tim",0.8128396499655618
"Mazur, Adam",0.8371768994865715
"McCambley, Zach",0.5435153438783716
"McCaughan, Darren",0.6885969808617824
"McClanahan, Shane",0.6214944372767813
"McCormick, Chas",0.5157043522655288
"McCullers Jr., Lance",0.9410360610447823
"McDaniels, Garrett",0.7797594265899003
"McDermott, Chayce",0.779870918308565
"McDonald, Trevor",0.7351046945131543
"McFarland, T.J.",0.7557105448392021
"McGarry, Griff",0.4780090815265462
"McGee, Easton",0.7965320941983568
"McGough, Scott",0.8380625453418644
"McGreevy, Michael",0.923642155619158
"McGuire, Reese",0.37324901511594955
"McKendry, Evan",0.3733538734030027
"McKenzie, Triston",0.7927718772029662
"McLaughlin, Mark",0.37372459553728227
"McLean, Nolan",0.9173931685644204
"McLoughlin, Trey",0.5804900386032442
"McMillon, John",0.5687134937847311
"McSteen, Jake",0.4457587164814665
"McWilliams, Sam",0.6654988072420643
"Meachem, Xavier",0.43244031895102
"Mears, Nick",0.9037345354226114
"Mederos, Victor",0.820271922079509
"Medina, Adonis",0.43575501799735994
"Megill, Trevor",0.9251617070885122
"Megill, Tylor",0.9567115213496524
"Mejia, Juan",0.9324964550498192
"Melton, Troy",0.8960654297488909
"Mena, Cristian",0.7028025536712533
"Menendez, Antonio",0.5007045750294743
"Mercado, Michael",0.7233182253942639
"Mercedes, Juan",0.4999333935709878
"Merda, Hayden",0.4352663973154984
"Merkel, Nick",0.4343451422998756
"Merryweather, Julian",0.810164455543995
"Messick, Parker",0.870225639691418
"Messinger, Zach",0.39705600210579056
"Mey, Luis",0.8539142257801471
"Meyer, Max",0.9368700583833502
"Middendorf, Ryan",0.4806529912586146
"Mikolas, Miles",0.9571230885099627
"Miley, Wade",0.702345988471845
"Miller, Bobby",0.619709326114973
"Miller, Bryce",0.949428319002547
"Miller, Erik",0.8834282559307194
"Miller, Mason",0.9539452104016376
"Miller, Ryan",0.40741453302308467
"Miller, Shelby",0.9216186767133742
"Miller, Simon",0.4000969802506999
"Miller, Tyson",0.5114474390079446
"Mills, Wyatt",0.5578877641977475
"Mills, Zane",0.5259244753631235
"Milner, Hoby",0.9228074389697822
"Minacci, Camden",0.44116873418492625
"Minter, A.J.",0.7969404247977169
"Misiaszek, Andrew",0.4873695741898138
"Misiewicz, Anthony",0.7339874298626692
"Misiorowski, Jacob",0.9519501587182678
"Missaki, Daniel",0.3799661980819146
"Mize, Casey",0.9683451759309183
"Mlodzinski, Carmen",0.9480226933878086
"Molina, Anthony",0.820057594052966
"Moll, Sam",0.8615852680024342
"Money, Blake",0.3996581499390065
"Montas, Frankie",0.8657998054334132
"Montero, Keider",0.9503461013816805
"Montero, Rafael",0.9405485782631663
"Montes De Oca, Christian",0.586759990503882
"Monteverde, Patrick",0.6815672482352456
"Montgomery, Jordan",0.4413118928386842
"Montgomery, Mason",0.9356032548770687
"Moore, Andrew",0.5038893863149966
"Moore, Matt",0.49015382335573954
"Morales, Luis",0.9033044648572023
"Moran, Brian",0.5887057256924211
"Morehouse, Zane",0.5542580494289364
"Morejon, Adrian",0.9299359333907644
"Moreno, Luis",0.47680296177122783
"Moreta, Dauri",0.747287213790593
"Morgan, David",0.9132651581366977
"Morgan, Eli",0.5921025426137941
"Morgan, Tyler",0.4737517811657111
"Morillo, Juan",0.9093747198804966
"Morrill, Hueston",0.3732607581408591
"Morris, Andrew",0.5141803781996499
"Morris, Kade",0.4658344577636329
"Morton, Charlie",0.9705543211667439
"Morán, Jovani",0.5979736381842753
"Mosqueda, Oddanier",0.46885312139768265
"Murdock, Noah",0.8839236265248924
"Murfee, Penn",0.8057815723350046
"Murphy, Chris",0.8708257626218388
"Murphy, John",0.4339151501354009
"Murphy, Luke",0.37520949542044035
"Murphy, Patrick",0.6111356670585795
"Murphy, Shane",0.43405163885141096
"Murray, Jayden",0.658125274199136
"Mushinski, Parker",0.5612936604908249
"Muñoz, Andrés",0.9473117867198529
"Muñoz, Roddery",0.8136112868355976
"Muñoz, Rolddy",0.6735591200607318
"Myers, Tobias",0.9083999659884836
"Myrick, Tyler",0.3733704790040458
"Márquez, Germán",0.9564224232361416
"Nance, Tommy",0.8782771497316126
"Nastrini, Nick",0.40082232643786164
"Natera Jr., Samy",0.4049668274305381
"Naughton, Tim",0.4047571172980993
"Neely, Jack",0.4464143884785949
"Neighbors, Tyson",0.37337047900404574
"Nelson, Kyle",0.563240787891581
"Nelson, Ryne",0.9627405766378614
"Neris, Héctor",0.8734653737315817
"Newcomb, Sean",0.9509071630983945
"Nicolas, Kyle",0.8942481195308373
"Nido, Tomás",0.37325585133664463
"Nikhazy, Doug",0.7949515594592752
"Nittoli, Vinny",0.3976625474820905
"Nola, Aaron",0.957305742351229
"Noriega, Cruz",0.47941640958128634
"Nowlin, Jaylen",0.4000827139271809
"Nuñez, Edwin",0.398922852916858
"Nuñez, Juan",0.635782610979519
"Núñez, Dedniel",0.7633448396171661
"Núñez, Eduarniel",0.8036085141911017
"O'Brien, Riley",0.9154068641137628
"O'Loughlin, Jack",0.4375063705458674
"Ober, Bailey",0.9612012504216623
"Och, Ryan",0.3732757511255798
"Ogando, Gerald",0.5862127895136299
"Ogasawara, Shinnosuke",0.8960287491757706
"Ohl, Pierson",0.8158704157517039
"Ohtani, Shohei",0.9164578870494202
"Okert, Steven",0.9437658231178568
"Olson, Emmett",0.37326224931011176
"Olson, Reese",0.9404000886311549
"Orellana, Douglas",0.47988690212651497
"Ort, Kaleb",0.9111033666336328
"Ortiz, Luis L.",0.9590605991792859
"Orze, Eric",0.9115888441219647
"Otañez, Michel",0.7671237543884949
"Ottavino, Adam",0.7624860816074901
"Overton, Connor",0.43972509896859285
"Oviedo, Johan",0.9034403311474181
"Owens, Tyler",0.5407819669234865
"Pacheco, Luis",0.47280221218800816
"Paddack, Chris",0.9622578079888524
"Padilla, Nicholas",0.513176918336645
"Pagán, Emilio",0.9413630472462126
"Palencia, Daniel",0.9282516301781544
"Palisch, Jake",0.4495972097605649
"Pallante, Andre",0.9638417821805908
"Pallette, Peyton",0.6315164272267736
"Palmquist, Carson",0.890911194143399
"Pannone, Thomas",0.38078056406872657
"Pardinho, Eric",0.3978819742563382
"Parker, Mitchell",0.9605046253353587
"Parsons, Hunter",0.3897971593053719
"Pasqualotto, Paulshawn",0.40047700508846895
"Patrick, Chad",0.9630746530613946
"Payamps, Joel",0.8626961377970743
"Pearson, Nate",0.7553622519680184
"Peguero, Elvis",0.79838587406647
"Peguero, Joel",0.8189114761963755
"Pena, Francis",0.3737833957711895
"Pennington, Walter",0.37325480767290226
"Peoples, Ben",0.5895897263815741
"Pepiot, Ryan",0.9714153837588947
"Peralta, Freddy",0.977619084350117
"Peralta, Luis",0.8758563046900986
"Peralta, Sammy",0.6589562961711254
"Peralta, Wandy",0.9336110677949007
"Peraza, Oswald",0.37325001381417244
"Perdomo, Angel",0.7202922865198573
"Pereda, Jhonny",0.5110018979340247
"Perez, Railin",0.3732572023433042
"Perez, Samuel",0.5431318152391876
"Perkins, Jack",0.8829018747461058
"Pestana, Leonardo",0.6044488130964889
"Petersen, Michael",0.8275101206082317
"Peterson, David",0.9702060113669231
"Petit, RJ",0.4367854006860689
"Petty, Chase",0.81019460032911
"Peña, Carlos",0.43927145985045657
"Pfaadt, Brandon",0.9672869425431276
"Pham, Alex",0.4803110179781551
"Phillips, Connor",0.8912683143423658
"Phillips, Evan",0.5997892419419825
"Phillips, Tyler",0.9317633217324158
"Pilar, Anderson",0.6482095113501743
"Pilkington, Konnor",0.8903159308659206
"Pintaro, Jonathan",0.44187333562800535
"Pivetta, Nick",0.9747956902099081
"Piña, Robinson",0.4415984168894637
"Plymell, Chase",0.37636562556971787
"Poche, Colin",0.8351156146762907
"Pomeranz, Drew",0.9288079439532436
"Pop, Zach",0.6835490390639978
"Pope, Austin",0.40076561991240184
"Poteet, Cody",0.4420233756851439
"Poulin, PJ",0.872448183441925
"Povich, Cade",0.9599652279930022
"Pressly, Ryan",0.8824134815506549
"Priester, Quinn",0.9659529673632461
"Puk, A.J.",0.7916518254749151
"Pushard, Matt",0.5146884843499147
"Pérez, Cionel",0.8710746398922147
"Pérez, Eury",0.9500168626315991
"Pérez, Martín",0.9265876185863333
"Quantrill, Cal",0.9496962441370899
"Quijada, José",0.6844961509490365
"Quintana, Jose",0.9541722048900675
"Raeth, Stefan",0.40441300729408464
"Ragans, Cole",0.954000408761298
"Ragsdale, Carson",0.5164191401672689
"Rainey, Tanner",0.8201762025489927
"Rajcic, Max",0.6381751626995767
"Raley, Brooks",0.8156062010075448
"Ramirez, Kelvin",0.37339563009746557
"Ramos, Wilkin",0.5077961569167491
"Ramírez, Erasmo",0.5163699756680002
"Ramírez, Yohan",0.9161796785545295
"Rangel, Alan",0.7381010949620679
"Raquet, Nick",0.4005541152621321
"Rashi, Taylor",0.8499243059169143
"Rasmussen, Drew",0.9610206541823036
"Ray, Robbie",0.9749235536816324
"Rea, Colin",0.9634494374963045
"Reid-Foley, Sean",0.5066339859483928
"Reifert, Evan",0.7217570517608949
"Reyes, Jean",0.5725400084018439
"Reynolds, Sean",0.8575368525441466
"Reyzelman, Eric",0.6335232244285445
"Ribalta, Orlando",0.8791285529500935
"Rice, Jake",0.5074971455809841
"Richards, Trevor",0.655102069453202
"Richardson, Alonzo",0.4704264207321848
"Richardson, Lyon",0.8893624391028395
"Rinehart, Logan",0.47379808923605193
"Rivas, Leo",0.3732729950944838
"Rivera, Emmanuel",0.4007119115642228
"Rivera, Yaqui",0.3994649600270132
"Roa, Christian",0.74180087401352
"Robberse, Sem",0.3815017147857224
"Robert, Daniel",0.817620611078753
"Roberts, Austin",0.5912080234802427
"Roberts, Ethan",0.6541933924549114
"Robertson, David",0.8249025470326594
"Robertson, Nick",0.4746440544045102
"Roby, Tekoah",0.5397611332151347
"Rock, Joe",0.7160508305658203
"Rocker, Kumar",0.9419312409312484
"Rodning, Brody",0.4010216430055903
"Rodriguez, Bradgley",0.7153390874248787
"Rodriguez, Carlos",0.7650082724253344
"Rodriguez, Chris",0.48006799297650715
"Rodriguez, Dionys",0.3732620274322867
"Rodriguez, Eduardo",0.9675384652797128
"Rodriguez, Grayson",0.4414080433543673
"Rodriguez, Julio",0.3756110180751506
"Rodríguez, Elvin",0.8475416918292037
"Rodríguez, José",0.47609969378795264
"Rodríguez, Manuel",0.8571526602338474
"Rodríguez, Randy",0.9329774753086487
"Rodríguez, Wilking",0.6297035186675403
"Rodríguez, Yariel",0.9440629939359686
"Rodón, Carlos",0.9770315727442622
"Rogers, Jake",0.37326972814262754
"Rogers, Taylor",0.921145742498926
"Rogers, Trevor",0.9486729715623005
"Rogers, Tyler",0.8963857092791335
"Rojas, Miguel",0.44037907351675193
"Rolison, Ryan",0.8878339046153437
"Romano, Jordan",0.9182743478488682
"Romero, Enny",0.3985552379487719
"Romero, Ivran",0.3733437965068347
"Romero, JoJo",0.9273794252327042
"Rooney, John",0.67970174164144
"Root, Bayden",0.47098563973758406
"Rosario, Amed",0.4006544808543644
"Ross, Joe",0.9074430843922958
"Roupp, Landen",0.9583720343809037
"Routzahn, Ethan",0.38628828088608147
"Roycroft, Chris",0.8468699678171291
"Rozek, Aaron",0.3833035412235996
"Ruffcorn, Jason",0.3992739686342396
"Ruiz, José",0.8187185421815175
"Rustad, Carter",0.4062487220977125
"Rutledge, Jackson",0.9393160810298224
"Ryan, Joe",0.9742007197704778
"Ryan, Ryder",0.4004447399849484
"Ríos, Yacksel",0.3922465629781233
"Saalfrank, Andrew",0.798790276333801
"Sabrowski, Erik",0.9032092303404778
"Salazar, César",0.37325534114600406
"Salazar, Eduardo",0.8860747116420918
"Sale, Chris",0.9709443700615942
"Sanchez, Wilmy",0.48744803996454245
"Sanders, Cam",0.5473583759458717
"Sandlin, Nick",0.8577929545152243
"Sandridge, Jayvien",0.5161387716275673
"Sands, Cole",0.9305741604188854
"Sanmartin, Reiver",0.5115666701983493
"Sanoja, Javier",0.546788619736939
"Santana, Dennis",0.9246549222772418
"Santillan, Tony",0.9416315051678543
"Santos, Gregory",0.6912432721167409
"Santos, Junior",0.40963704810808216
"Sasaki, Roki",0.9118441452323854
"Saucedo, Tayler",0.814058324586206
"Sauer, Matt",0.8656126527559952
"Scalzo Jr., Frankie",0.39917002343031377
"Schanaman, Shay",0.4351563787203188
"Scherzer, Max",0.9367951339497106
"Schlittler, Cam",0.9531976334693656
"Schmidt, Clarke",0.9416543665198619
"Schoenle, Garrett",0.3995767783657263
"Schoff, Tyler",0.37482612322761283
"Scholtens, Jesse",0.7143319521623871
"Schomberg, Will",0.39931979840088244
"Schreiber, John",0.9253398264859026
"Schultz, Noah",0.6707087231633553
"Schultz, Paxton",0.8517789608089587
"Schultz, Thomas",0.43590890220185685
"Schwellenbach, Spencer",0.9566931143874585
"Scott, Tanner",0.9271091018897657
"Scott, Tayler",0.891140667632915
"Seabold, Connor",0.8279100985640783
"Sears, Ben",0.37827159847845876
"Sears, JP",0.9603522289081068
"Seig, Hayden",0.44003189336598203
"Selby, Colin",0.727135906931063
"Sellinger, Jack",0.3734424802539174
"Senga, Kodai",0.9596683991458801
"Senzatela, Antonio",0.955668062099739
"Severino, Luis",0.9665226589860056
"Sewald, Paul",0.8608312468142969
"Seymour, Carson",0.8481220623704926
"Seymour, Ian",0.9244000984918593
"Shaw, Bryan",0.6507519368896086
"Shawver, Evan",0.3744751629225226
"Sheehan, Emmet",0.9424800900151306
"Shook, TJ",0.5652537909946199
"Shreve, Chasen",0.43298697378698964
"Shugart, Chase",0.8846944787443228
"Shuster, Jared",0.8047811889864505
"Silseth, Chase",0.8432585271727486
"Silva, William",0.3732505839798742
"Simon, Ben",0.39942333771986194
"Simonelli, Anthony",0.37324851836189227
"Simpson, Josh",0.9044802506266224
"Sims, Landon",0.44019879462795225
"Sims, Lucas",0.875554068554998
"Sinclair, Jack",0.4775389983176913
"Singer, Brady",0.9733808300301017
"Sisk, Evan",0.865776927144538
"Skenes, Paul",0.9753920099317522
"Skubal, Tarik",0.9784235865589638
"Slaten, Justin",0.8624907856430745
"Smith, Adam",0.39961357001008735
"Smith, Burch",0.5047722602664777
"Smith, Cade",0.9532584226832249
"Smith, Dylan",0.6738779584652592
"Smith, Hagen",0.6376242672400338
"Smith, Shane",0.968265855738427
"Smith-Shawver, AJ",0.9264440004940692
"Snell, Blake",0.9446423828905187
"Snelsire, Hayden",0.4035999608232488
"Snider, Collin",0.8476182209549122
"Solesky, Chase",0.5894117029593734
"Sommers, Drew",0.5740039544403813
"Soriano, George",0.9094938445475156
"Soriano, José",0.9738512299509536
"Soroka, Michael",0.9592155584522091
"Sosa, Listher",0.4004272755680567
"Soto, Gregory",0.9395941260352537
"Sousa, Bennett",0.9222311628504869
"Speas, Alex",0.5042883835061783
"Speier, Gabe",0.9370691624101152
"Spence, Mitch",0.9412624451293343
"Spiers, Carson",0.8197883258319979
"Springs, Jeffrey",0.9684696050571869
"Sproat, Brandon",0.8196797095165317
"Stallings, Garrett",0.5845472154159287
"Stallings, Jacob",0.37327664928107696
"Stanavich, Dale",0.4813289186110451
"Stanek, Ryne",0.9332867431260524
"Stankiewicz, John",0.5116342240248761
"Stashak, Cody",0.39964341840254464
"Stebens, Isaac",0.43780867360212045
"Steele, Justin",0.8236642379195303
"Stephenson, Robert",0.6893075664743941
"Sterner, Justin",0.9392732373879236
"Stewart, Brock",0.9007407119868245
"Stock, Robert",0.5159271304715771
"Stoudt, Levi",0.5058245895018271
"Strahm, Matt",0.9305429880464651
"Stratton, Chris",0.8478996282780136
"Stratton, Hunter",0.8144724598730746
"Strickland, Hunter",0.7867029008595076
"Strickland, Samuel",0.4000551363113953
"Strider, Spencer",0.9657346683735734
"Stripling, Ross",0.44743838977779415
"Stroman, Marcus",0.900457874283053
"Strowd, Kade",0.8578544117028504
"Strzelecki, Peter",0.6828269419949802
"Stuart, Baron",0.42712159124138543
"Suarez, José",0.8616205648204569
"Suarez, Robert",0.9363277154671303
"Suero, Wander",0.6590704244608817
"Sugano, Tomoyuki",0.9569500782446083
"Sulser, Cole",0.8564911979999672
"Suter, Brent",0.9185899467649012
"Suárez, Albert",0.8272620854302599
"Suárez, Ranger",0.9665688298657182
"Svanson, Matt",0.9278197631351808
"Swanson, Erik",0.6216737014777195
"Sweet, Devin",0.5612801092025843
"Sánchez, Ali",0.3734038063874585
"Sánchez, Cristopher",0.9758112177582857
"Sánchez, Gary",0.4002812261883734
"Taillon, Jameson",0.9547073257308987
"Tamarez, Misael",0.4703605080567671
"Tarnok, Freddy",0.7157098876613188
"Tate, Dillon",0.7156172571489633
"Tavera, Carlos",0.4460466578373746
"Taveras, Leonardo",0.3732812878831279
"Taylor, Grant",0.9075528838877467
"Taylor, Troy",0.5453452540353367
"Tellez, Rowdy",0.37325312368309005
"Teng, Kai-Wei",0.8870715571810568
"Teodo, Emiliano",0.5280405240164595
"Thielbar, Caleb",0.9225731776141686
"Thomas, Connor",0.7263098022811543
"Thompson, Keegan",0.4458861573177861
"Thompson, Mason",0.7720542994844123
"Thompson, Ryan",0.8976459673516982
"Thompson, Zach",0.6698562669639768
"Thornton, Trent",0.8938680380613897
"Tidwell, Blade",0.7724485128176318
"Tinoco, Jesus",0.7898646376103695
"Tolle, Payton",0.8099500773027369
"Tomkins, Landon",0.3732515475883899
"Tong, Jonah",0.8289467849112249
"Tonkin, Michael",0.8246999898407275
"Topa, Justin",0.9121906929282675
"Toro, Abraham",0.37327180850127245
"Torrens, Luis",0.3733135406993033
"Torres Jr., Lenny",0.5123184517391685
"Torres, Alejandro",0.44167003564767043
"Toussaint, Touki",0.47855639982812015
"Treinen, Blake",0.8958203354927063
"Trevino, Jose",0.40040777528035415
"Triolo, Jared",0.37332019625048635
"Trivino, Lou",0.9139428847378844
"Troye, Christopher",0.43906370836606484
"Turnbull, Spencer",0.5996347551815835
"Tyler, Kyle",0.6192380672137291
"Uceta, Edwin",0.9531109608907737
"Ueckert, Cayne",0.509991721477202
"Ullola, Miguel",0.39965370958087953
"Urena, Walbert",0.3998370193974844
"Ureña, José",0.9011650932213489
"Uribe, Abner",0.9494727536538005
"Urquidy, José",0.5457158375060712
"Valdez, Framber",0.9756388378217835
"Van Belle, Brian",0.5699621198298028
"VanWey, Logan",0.8003448339511373
"Vargas, Carlos",0.9245164256622657
"Vargas, Luis",0.373322228553584
"Varland, Gus",0.611099271289928
"Varland, Louis",0.9400450989978918
"Vasil, Mike",0.9528717282555813
"Vasquez, Samuel",0.37325759499518046
"Velasquez, Vince",0.5862218295260306
"Veneziano, Anthony",0.8791151127079151
"Ventura, Jordany",0.5859500152067231
"Verlander, Justin",0.9682922974507063
"Vernon, Austin",0.4460927223092308
"Vesia, Alex",0.9445280292609144
"Vespi, Nick",0.5140952344640438
"Vest, Will",0.9429599812145171
"Vodnik, Victor",0.9204663067982805
"Vásquez, Randy",0.9533375993906273
"Vázquez, Luis",0.3732502294671612
"Wacha, Michael",0.966092759630784
"Waddell, Brandon",0.848157330128326
"Wade, Tyler",0.3734261565848696
"Waguespack, Jacob",0.5386518098184976
"Waites, Cole",0.39837083967436676
"Waldrep, Hurston",0.9160647854608873
"Waldron, Matt",0.7470706621755412
"Walker, Josh",0.7528491359722591
"Walker, Ryan",0.932643482512348
"Walker, Taijuan",0.9536286066007507
"Walkinshaw, Jake",0.4760092788225785
"Wall, Cory",0.3869516678448472
"Wallace, Jacob",0.37329174042331653
"Walsh, Michael",0.44117590938155604
"Walston, Blake",0.5144725500186139
"Walter, Brandon",0.9091379138073669
"Walters, Andrew",0.587473789219163
"Ward, Thaddeus",0.6988536911936236
"Warren, Austin",0.5970579301149713
"Warren, Will",0.9740847410460878
"Watson, Danny",0.3964958836711269
"Watson, Ryan",0.40400749535958747
"Watson, Troy",0.376820951168941
"Weatherly, Sam",0.46999100899483987
"Weathers, Ryan",0.9065139237263677
"Weaver, Luke",0.9333163325175535
"Webb, Jacob",0.9275170585468545
"Webb, Logan",0.976160980458955
"Webb, Nate",0.3998874943658698
"Webb, Ryan",0.46668077747638126
"Weems, Avery",0.447603665453254
"Weems, Jordan",0.44155397699609283
"Wegielnik, Robert",0.4002032203753246
"Weigel, Patrick",0.554901478442525
"Weiman, Blake",0.47198643935484647
"Weissert, Greg",0.9319376975071358
"Wells, Levi",0.5144357066864813
"Wells, Tyler",0.7623245858254935
"Wentz, Joey",0.9543741372274956
"Wesneski, Hayden",0.8776361704383284
"Wheeler, Zack",0.9716798294927765
"Whisenhunt, Carson",0.8045374248597806
"White, Brendan",0.43821390763655477
"White, Josh",0.37582589928271537
"White, Owen",0.674776015684726
"Whitley, Forrest",0.7980124520393579
"Whitlock, Garrett",0.9511745573401278
"Whorff, Jarret",0.37325534114600395
"Wicks, Jordan",0.72218416872125
"Wilcox, Cole",0.514540955937346
"Wiles, Nathan",0.6053715144563775
"Williams, Devin",0.9486769659401397
"Williams, Gavin",0.9761263002114606
"Williams, Luke",0.5161671089649448
"Williams, Trevor",0.9410058411539759
"Willingham, Amos",0.43731993849006817
"Wilson, Bryse",0.9074199455860648
"Wilson, Justin",0.918328769053101
"Wilson, Steven",0.921067605486639
"Winans, Allan",0.8069012883742367
"Winckowski, Josh",0.7526820214350095
"Winn, Cole",0.883482728076809
"Winn, Keaton",0.763292079440299
"Wolfram, Grant",0.8866978135290416
"Woo, Bryan",0.9728899211023209
"Woodford, Jake",0.8821598592065573
"Woodruff, Brandon",0.925148184609793
"Woods Richardson, Simeon",0.9610387599908433
"Woods, Jaden",0.39805387535116676
"Workman, Logan",0.5725556633290654
"Wosinski, Jacob",0.5725556633290654
"Wrobleski, Justin",0.9355185272308971
"Wynne, Randy",0.5109249434004459
"Wynyard, Kai",0.37324976277545446
"Yabbour, Joseph",0.4342328177404813
"Yamamoto, Yoshinobu",0.9758668105739673
"Yan, Jefry",0.39920120582701957
"Yarbrough, Ryan",0.9265535426391591
"Yastrzemski, Mike",0.4008146198884351
"Yates, Kirby",0.9219018745773253
"Yeager, Justin",0.3997604829840284
"Yean, Eddy",0.5591618877964062
"Yesavage, Trey",0.844154409596269
"Ynoa, Huascar",0.5072990182482161
"Yoho, Craig",0.830675978905386
"Young, Alex",0.4000073546989891
"Young, Brandon",0.9114873911536213
"Young, Danny",0.7921026969676191
"Young, Jack",0.399858486377912
"Young, Jared",0.37325876621076626
"Zastryzny, Rob",0.8352499069563295
"Zeferjahn, Ryan",0.9426767336276495
"Zerpa, Angel",0.9291762757843407
"Zhuang, Chen Zhong-Ao",0.4759347107517262
"Zimmermann, Bruce",0.5098396237025258
"Zobac, Steven",0.43408235088584446
"Zuber, Tyler",0.7915504886552105
"Zulueta, Yosver",0.635285431944189
"Zuñiga, Guillo",0.6050209388643543
"de Geus, Brett",0.5452736943414781
"deGrom, Jacob",0.970131136536029
"Abbott, Andrew",0.7357734780726577
