,Player,Rank
0,A. j. Ellis,-1.4331237881065955
1,Aaron Hill,-0.5128022707877448
2,Aaron Miles,-0.3010188114042031
3,Aaron Rowand,-0.761112878639136
4,Adam Lind,3.2881957775893285
5,Adrian Beltre,3.920759139826418
6,Albert Pujols,4.0004789587953
7,Alcides Escobar,-0.4382412699611867
8,Alex Cora,-1.5800081127554637
9,Alex Gonzalez,1.5530586819530943
10,Alex Gordon,4.064645895761891
11,Alex Rodriguez,0.9233614807506669
12,Alexei Ramirez,3.0792864682550545
13,Alfonso Soriano,2.7568546943326226
14,Alfredo Amezaga,-2.019691427316592
15,Andre Ethier,1.7678888353245754
16,Andres Torres,-1.067779933849496
17,Andrew Mccutchen,2.433885713365564
18,Andy Dirks,0.40792598991807044
19,Angel Pagan,0.48493630626935186
20,Angel Sanchez,-1.4696357842781607
21,Aramis Ramirez,3.6712741412754655
22,Aubrey Huff,0.9139905246092764
23,Austin Jackson,2.9352493559966772
24,Austin Kearns,-1.4229428013631378
25,Ben Revere,-0.5474254177690435
26,Ben Zobrist,3.6767675682286507
27,Bill Hall,-0.9906114548500023
28,Billy Butler,3.226233095992808
29,Blake Dewitt,0.29322643018534084
30,Brandon Crawford,-1.5079101826436654
31,Brandon Inge,-0.7781673775440373
32,Brandon Phillips,2.888305105922339
33,Brandon Wood,-0.5713961080944426
34,Brent Lillibridge,0.7708623748874738
35,Brett Gardner,1.3690373608732398
36,Brett Wallace,-0.0822250509061485
37,Brian Bogusevic,0.46594549103235156
38,Brian Mccann,2.5573216052794563
39,Brian Schneider,-1.427494769941362
40,Bryan Petersen,-1.3552370906113205
41,Carlos Beltran,3.6797025824347225
42,Carlos Corporan,-1.5458212755144582
43,Carlos Gomez,0.3416827476167976
44,Carlos Gonzalez,3.452620874568424
45,Carlos Lee,3.0780722551218433
46,Carlos Pena,3.6724401652246486
47,Carlos Quentin,3.271123661939936
48,Carlos Ruiz,-0.5533062751023636
49,Carlos Santana,3.059737274607791
50,Casey Blake,-1.3387728272429662
51,Casey Mcgehee,1.3066696084161058
52,Charlie Blackmon,-1.9014196199961246
53,Charlie Morton,-1.4386638383635624
54,Chase Headley,-0.4167850530059615
55,Chase Utley,1.7440288822321623
56,Chris Carpenter,-2.0831484880149267
57,Chris Denorfia,0.7943792948865788
58,Chris Getz,-1.3006161865205372
59,Chris Heisey,2.0233477656038668
60,Chris Iannetta,-0.10046081177906016
61,Chris Johnson,-0.5120505856222175
62,Chris Stewart,-0.5426196376300831
63,Chris Young,2.3733605609647714
64,Clint Barmes,-0.1613602166470757
65,Cody Ross,1.0174675577165335
66,Colby Rasmus,0.5469413391521599
67,Corey Patterson,0.10332090177927405
68,Craig Counsell,-1.457833209757635
69,Curtis Granderson,4.254540794719345
70,Dan Uggla,3.111118384219209
71,Daniel Descalso,-0.3154420362011276
72,Danny Espinosa,2.1928409760199963
73,Darwin Barney,0.6849530542233279
74,Dave Sappelt,-1.4648145620002482
75,David Dejesus,1.578171587701805
76,David Freese,2.496919840689017
77,David Wright,1.297603951515988
78,Dee Strange-gordon,-0.928914206774054
79,Delmon Young,2.2789421104121135
80,Denard Span,-0.02524335716550361
81,Derrek Lee,0.7668325871415724
82,Dexter Fowler,2.4010354626357557
83,Dioner Navarro,0.173201096235631
84,Donnie Murphy,-1.421635346573953
85,Drew Stubbs,2.3504219808656406
86,Dustin Moseley,-2.117942954879597
87,Dustin Pedroia,3.4002050456009183
88,Edgar Renteria,-0.4447291864680543
89,Edwin Encarnacion,2.451210364457248
90,Eli Whiteside,-0.7831238050542803
91,Elvis Andrus,2.3949776684283437
92,Emilio Bonifacio,1.5473367267914284
93,Endy Chavez,0.412257380407999
94,Eric Hinske,0.27862496882146787
95,Eric Hosmer,2.712245718455887
96,Eric Patterson,1.0738922703526381
97,Eric Young,-1.7405872797326223
98,Ezequiel Carrera,-0.996625689271575
99,Freddie Freeman,2.312950733582024
100,Gaby Sanchez,2.382997093733168
101,Garrett Jones,3.1100816674881187
102,George Kottaras,1.5188093184480278
103,Geovany Soto,2.0539478041936077
104,Gerardo Parra,1.3766348094810041
105,Giancarlo Stanton,3.8037905166386707
106,Gordon Beckham,0.9138460729071657
107,Greg Dobbs,0.7330132924138671
108,Henry Blanco,0.28086393652828584
109,Hiroki Kuroda,-2.359323909183211
110,Humberto Quintero,-1.2432216665595643
111,Hunter Pence,3.3384659092594933
112,Ian Desmond,1.3172177401658858
113,Ian Kinsler,4.365925329869105
114,Ian Stewart,-1.8371930064059134
115,Ike Davis,-0.05676363996145862
116,J. d. Martinez,0.8052541995730738
117,J. j. Hardy,3.591587450690399
118,J. p. Arencibia,2.2629546437208674
119,Jack Cust,-0.908570018560224
120,Jack Wilson,-1.7109278826229442
121,Jacoby Ellsbury,4.325033224530757
122,James Loney,0.9771143833847279
123,Jamey Carroll,0.5247034829968859
124,Jarrod Saltalamacchia,1.3182041194329834
125,Jason Bartlett,-0.8996832661149562
126,Jason Bay,0.13582212998983784
127,Jason Bourgeois,0.1672195246984534
128,Jason Heyward,0.9633340257315111
129,Jason Michaels,-1.3379079966473986
130,Jason Pridie,-0.8861222952448646
131,Javier Vazquez,-1.5894892633586057
132,Jay Bruce,3.4862569869879096
133,Jayson Werth,1.893612199188279
134,Jeff Baker,2.6909604267499074
135,Jeff Francoeur,2.901636469267599
136,Jeff Keppinger,0.40370810795877443
137,Jerry Hairston,0.33592047692787036
138,Jerry Sands,-0.6523217379483328
139,Jesus Guzman,2.569636836564376
140,Jhonny Peralta,3.1936359880069376
141,Jimmy Paredes,-0.9521958134257292
142,Jimmy Rollins,2.6332856512943676
143,Joe Mather,0.2840000238990333
144,Joey Votto,4.072089652407548
145,John Buck,-0.2825586838723264
146,John Jaso,-1.0211924646839856
147,John Mayberry,3.5391331289221837
148,Jon Jay,1.7844825864080605
149,Jonathan Herrera,-1.5089183349261293
150,Jonathan Lucroy,-0.5037493237126975
151,Jonny Gomes,0.7245193269773156
152,Jordan Pacheco,-1.3332542955956244
153,Jose Altuve,-0.27744936410358384
154,Jose Bautista,4.24491029418385
155,Jose Molina,-0.070778326446968
156,Jose Reyes,2.718369170760615
157,Jose Tabata,-0.472738896921483
158,Josh Hamilton,4.005155974531215
159,Josh Harrison,-0.787761419158497
160,Josh Thole,-0.37481332715301424
161,Josh Willingham,3.531968629481069
162,Juan Miranda,-0.30398870941503586
163,Juan Rivera,0.7576072487146565
164,Juan Uribe,-1.2988747965659526
165,Justin Morneau,-0.04864732239694917
166,Justin Sellers,-1.3150916735133407
167,Justin Smoak,1.1011200020219796
168,Justin Upton,3.527166309838797
169,Kelly Johnson,0.7250812978086671
170,Kelly Shoppach,2.0290290222972485
171,Kevin Kouzmanoff,-1.017394769427027
172,Kevin Youkilis,0.9287177285916102
173,Kosuke Fukudome,0.0030047167831297487
174,Lance Berkman,3.400197037951101
175,Laynce Nix,2.1850412966705024
176,Logan Forsythe,-1.7443399883404787
177,Logan Morrison,2.4473336512522588
178,Lucas Duda,0.8120686061696929
179,Luke Hughes,-0.4142844439741094
180,Lyle Overbay,-0.02837900801686419
181,Maicer Izturis,0.9284697957536298
182,Mark Ellis,-0.6950474962513165
183,Mark Kotsay,1.2712307664963394
184,Mark Teahen,-0.9139465672718683
185,Marlon Byrd,1.4290846133339103
186,Matt Diaz,-0.6409105706792867
187,Matt Dominguez,-1.6217891966655826
188,Matt Downs,0.8200796650279915
189,Matt Holliday,3.033791314305956
190,Matt Kemp,4.055997838223436
191,Matt Laporta,1.7038588612608045
192,Matt Treanor,-1.4882514790675023
193,Matt Wieters,2.3263928731235954
194,Matthew Joyce,3.413784741506574
195,Melky Cabrera,3.4179209722458546
196,Michael Bourn,2.801836017140284
197,Michael Martinez,-0.8834671134155133
198,Michael Mckenry,-0.7846978626527865
199,Michael Young,3.4201335328294276
200,Miguel Cairo,-0.4034630806242306
201,Miguel Olivo,1.322783138890488
202,Miguel Tejada,-1.3324305339666451
203,Mike Aviles,0.015484276594022607
204,Mike Fontenot,0.5413466432327274
205,Mike Morse,3.45980805736089
206,Mike Napoli,3.2979600352763905
207,Mitch Maier,-1.423316780569911
208,Nate Mclouth,-1.3490138389436408
209,Nate Schierholtz,0.8023391551625938
210,Neil Walker,2.7531805358480104
211,Nick Evans,-0.9224516836430363
212,Nick Hundley,1.661776668752284
213,Nick Markakis,2.735432871206764
214,Nick Punto,-1.2913875039614093
215,Nick Swisher,1.9147489397680695
216,Nolan Reimold,1.5895059272028103
217,Nyjer Morgan,1.3085413989486339
218,Omar Infante,1.2640670018627516
219,Orlando Cabrera,-1.3600417841756935
220,Orlando Hudson,0.2863096869178378
221,Pablo Sandoval,3.5240410001727223
222,Pat Burrell,0.05442854011558458
223,Paul Goldschmidt,1.5952361330484124
224,Paul Janish,-1.1744167316662715
225,Pedro Alvarez,0.10707947790518904
226,Placido Polanco,0.20117624826329966
227,Prince Fielder,3.9510656648322318
228,Rafael Furcal,1.6325993993467662
229,Ramon Hernandez,0.9591712433265018
230,Ramon Santiago,0.7223275943676206
231,Raul Ibanez,3.22042291968454
232,Reed Johnson,0.1911549003095749
233,Rick Ankiel,0.7675873335208372
234,Rickie Weeks,2.9849674197121954
235,Rob Johnson,-1.0574739598001857
236,Roger Bernadina,-0.904392077021692
237,Ronny Paulino,-0.6158585852105564
238,Ruben Tejada,-1.0109813960214522
239,Russell Martin,0.6536072631370402
240,Ryan Braun,4.145417718158547
241,Ryan Doumit,-0.24986799010778152
242,Ryan Hanigan,-1.56931612485616
243,Ryan Howard,3.576940884874072
244,Ryan Ludwick,-0.4075644058432926
245,Ryan Roberts,1.447837388097878
246,Ryan Spilborghs,-1.1017078682864871
247,Ryan Theriot,-0.823442524323907
248,Ryan Zimmerman,0.9490833024401466
249,Sam Fuld,0.4478548571744403
250,Scott Hairston,0.10985646188519982
251,Scott Rolen,-0.4668533878385676
252,Scott Sizemore,0.3018143236456656
253,Sean Burroughs,-1.7704237212950147
254,Seth Smith,2.9539488470328874
255,Shane Victorino,2.786404842076441
256,Shin-soo Choo,-0.5563992575158014
257,Starlin Castro,3.0299567114573787
258,Steve Pearce,-2.005101513295156
259,Tim Lincecum,-2.490560897133683
260,Todd Frazier,-0.9124158756159299
261,Todd Helton,1.086265588006747
262,Tony Campana,-1.7792060367996354
263,Tony Gwynn,0.3469704109207872
264,Travis Buck,-1.1620445331735139
265,Trent Oeltjen,-0.48691406121019026
266,Trevor Plouffe,0.9257165672942607
267,Troy Tulowitzki,3.0708533939736578
268,Ty Wigginton,0.83546406039106
269,Tyler Colvin,2.2437129251943815
270,Vladimir Guerrero,2.0941284411191052
271,Will Venable,1.1199988466663389
272,Willie Bloomquist,-0.9268032335909863
273,Willie Harris,-1.711751110121371
274,Wilson Betemit,0.3875860945521475
275,Wilson Ramos,0.9236059485528415
276,Wilson Valdez,-0.6152634180596089
277,Xavier Nady,-0.46840811568671786
278,Yadier Molina,2.0325905201877856
279,Yunel Escobar,1.95581435755038
280,Yuniesky Betancourt,2.989190819928017
281,Zack Greinke,-1.562631927665345
282,A. j. Pierzynski,0.36569503400667563
283,Adam Dunn,1.3224396672156695
284,Adam Everett,-1.4686702632748214
285,Adam Jones,4.104743221612431
286,Adam Kennedy,-0.6168788329305724
287,Adam Loewen,-0.9184752887949389
288,Adrian Gonzalez,3.905673361660061
289,Alberto Callaspo,-0.06791604545532637
290,Alberto Gonzalez,-1.29777009885115
291,Alejandro De aza,2.0718518658174263
292,Alex Avila,3.3018896687132115
293,Alex Liddi,2.020825228778905
294,Alex Presley,2.5224214405124252
295,Alex Rios,1.0331321121205783
296,Alexi Amarista,-0.7580787482840161
297,Alexi Casilla,-0.09179477041953299
298,Allen Craig,2.6969969926349124
299,Andres Blanco,0.420069908774542
300,Andruw Jones,3.049985358597073
301,Andy Laroche,-1.3920047360681864
302,Anthony Rizzo,-1.5139909575989678
303,Asdrubal Cabrera,3.6649757933828946
304,B. j. Upton,3.1208484686631626
305,Ben Francisco,-0.6044331812108935
306,Blake Davis,-0.7907118550947853
307,Blake Tekotte,1.5354606328987728
308,Bobby Abreu,-0.24093383677907254
309,Bobby Wilson,-1.2682120637265328
310,Brad Hawpe,-0.5599128643311853
311,Brandon Allen,0.320698724886049
312,Brandon Belt,1.6257657404568022
313,Brandon Guyer,1.269678306801108
314,Brayan Pena,-1.0710709440366823
315,Brendan Ryan,-0.27358429699973674
316,Brennan Boesch,2.133942355535438
317,Brent Morel,1.3506611408543243
318,Brett Hayes,0.35088868930037753
319,Brett Lawrie,-0.012942909116845768
320,Brian Dinkelman,-1.4176854748116148
321,Brian Roberts,-0.9581873459110364
322,Brooks Conrad,-1.3316500884571176
323,Buster Posey,-0.779808138401278
324,Cameron Maybin,0.47247401996337746
325,Carl Crawford,0.9525464737332415
326,Carlos Guillen,-0.9659038447261977
327,Carlos Peguero,0.5908944666012882
328,Casey Kotchman,0.7249291531665383
329,Casper Wells,1.2379804797921454
330,Cesar Izturis,-1.9930627089324127
331,Chipper Jones,2.6608741114734036
332,Chone Figgins,-1.3629060482403226
333,Chris Coghlan,0.46069165277724095
334,Chris Davis,-0.8606874733773693
335,Chris Dickerson,-0.0995957370802362
336,Chris Gimenez,-1.3825539599425731
337,Chris Nelson,-0.42849298133795394
338,Chris Parmelee,0.6856714742998574
339,Clayton Kershaw,-1.967721111441555
340,Cliff Pennington,0.6322402930069522
341,Coco Crisp,0.9131184852393817
342,Cole Hamels,-1.7728743312079374
343,Conor Jackson,-0.6087654951711878
344,Cord Phelps,-1.5552363498305737
345,Corey Hart,2.87455185274124
346,Craig Gentry,-1.356791435939
347,Dane Sardinha,-1.8251730706707505
348,Daniel Murphy,0.6761608797924473
349,Danny Valencia,1.9609432421903217
350,Daric Barton,-1.1091330716131143
351,Darnell Mcdonald,2.073989327528173
352,David Cooper,-1.0279731352671273
353,David Murphy,1.8272603723192482
354,David Ortiz,3.834406651046096
355,David Ross,-0.33030270300075704
356,DayAn Viciedo,-0.9718893913820956
357,Derek Jeter,2.5034149502485374
358,Derek Lowe,-1.0178747875726444
359,Desmond Jennings,2.2213517604426865
360,Domonic Brown,-0.7746261150965827
361,Don Kelly,-0.17382559887298127
362,Drew Butera,-1.456275252792736
363,Drew Sutton,-1.6461358148718306
364,Dustin Ackley,1.6467790796747317
365,Eduardo Nunez,0.3544689270440888
366,Elliot Johnson,0.14034127835540078
367,Emmanuel Burriss,-1.9645466266094802
368,Eric Chavez,-0.5542274203020952
369,Eric Sogard,-0.6112848787831924
370,Eric Thames,2.899172793166117
371,Erick Aybar,3.056534953094192
372,Evan Longoria,3.950858836537784
373,Felipe Lopez,0.09384666694343254
374,Felix Pie,-1.202520055877985
375,Fernando Martinez,-0.3899813563466262
376,Francisco Cervelli,0.5287375759864156
377,Franklin Gutierrez,-0.9391565793616353
378,Fred Lewis,-1.1602518665348427
379,Freddy Sanchez,-0.8505630556170218
380,Gerald Laird,-1.1975671896273201
381,Grady Sizemore,1.2571513223555946
382,Greg Halman,-0.31332582007929893
383,Hank Conger,-0.8657343510934356
384,Hanley Ramirez,0.35557761104378477
385,Hideki Matsui,1.8796347092213124
386,Howie Kendrick,2.9643101501638647
387,Ian Kennedy,-1.6551031163202456
388,Ichiro Suzuki,2.5676683147338806
389,J. d. Drew,-0.9331410415056371
390,J. r. Towles,-0.46177744699703616
391,Jack Hannahan,0.15314581317827938
392,Jake Fox,-0.6242300121164458
393,Jason Donald,-0.282345389726324
394,Jason Giambi,2.458751891788292
395,Jason Kipnis,0.47058558252810917
396,Jason Kubel,0.8361541186516354
397,Jason Repko,-1.4535712199220463
398,Jason Varitek,0.09205635724486318
399,Jayson Nix,-0.23511490529796691
400,Jed Lowrie,-0.004745631600612506
401,Jeff Mathis,-1.390392675530974
402,Jemile Weeks,0.4267440687383529
403,Jesus Montero,0.4308512240526467
404,Jim Thome,1.6965152249311732
405,Joe Benson,-0.7605847958221492
406,Joe Mauer,-0.5568452773643245
407,John Mcdonald,-1.3288998722450687
408,Johnny Damon,2.558854229150648
409,Johnny Giavotella,0.39635237756491176
410,Jorge Cantu,-0.9651936167367514
411,Jorge Posada,0.976720347589312
412,Jose Lopez,0.4622851838954602
413,Josh Bard,0.08383977390727476
414,Josh Bell,-2.059621349355442
415,Josh Reddick,0.9083573228827729
416,Juan Pierre,1.1646164474373877
417,Julio Borbon,-1.434121668052882
418,Justin Ruggiano,0.5955087751567164
419,Justin Turner,-0.6928653664361232
420,Kila Ka'aihue,-1.261846858278783
421,Kurt Suzuki,2.731975177940983
422,Kyle Blanks,0.29684640682170477
423,Kyle Phillips,-1.1645516745022302
424,Kyle Seager,0.21578848661510003
425,Landon Powell,-1.8782681830905237
426,Leonys Martin,-0.5720287857979263
427,Lonnie Chisenhall,-0.24912557421862253
428,Lou Marson,-1.3491160560341156
429,Luis Rodriguez,-1.4197848696506605
430,Luke Scott,0.2784513219962997
431,Magglio Ordonez,-0.6283608957572808
432,Marco Scutaro,0.6664960950615132
433,Mark Reynolds,3.9344364280462614
434,Mark Teixeira,4.3207838498598905
435,Mark Trumbo,3.6591660156793724
436,Martin Prado,1.9461703833817323
437,Matt Angle,-0.32163497012642017
438,Matt Stairs,-2.0291887090752807
439,Matt Tolbert,-1.292075855387488
440,Michael Brantley,0.3245651199139833
441,Michael Cuddyer,2.872795387282629
442,Michael Saunders,-1.47846705300561
443,Michael Taylor,0.09914271957665255
444,Miguel Cabrera,4.3161802211613125
445,Miguel Montero,2.0342990839334396
446,Mike Cameron,-0.2655624661839557
447,Mike Carp,0.005541645883200409
448,Mike Mccoy,-0.9728603948948484
449,Mike Moustakas,-0.7321984306125581
450,Mike Trout,-0.15942136074196392
451,Milton Bradley,-0.7328583923126588
452,Mitch Moreland,1.161439617544809
453,Nelson Cruz,4.058086074313569
454,Omar Vizquel,-1.0873229339303279
455,Paul Konerko,4.117728157202567
456,Peter Bourjos,2.241967333762829
457,Rajai Davis,-0.030623270636869794
458,Ramon Castro,0.536549658720057
459,Reid Brignac,-1.4298100331574957
460,Rene Rivera,-1.6082847289527842
461,Rene Tosoni,-0.7611980301109719
462,Robert Andino,-0.3352589126906553
463,Robinson Cano,4.189853363164619
464,Robinson Chirinos,-0.2819936461090697
465,Ronny Cedeno,-0.8917553933507235
466,Russell Branyan,-0.7881607445475588
467,Ryan Adams,-1.1927002824787414
468,Ryan Raburn,1.9286889556271005
469,Ryan Sweeney,-1.3171671484167617
470,Salvador Perez,-0.34145974902093157
471,Sean Rodriguez,1.3499623232090383
472,Shaun Marcum,-1.3536516801954024
473,Shelley Duncan,0.4317512880286536
474,Skip Schumaker,-0.32503081326447997
475,Stephen Drew,-0.5540918800144284
476,Torii Hunter,2.784364967413575
477,Travis Hafner,-0.023537065529187426
478,Travis Snider,-1.1300434825542314
479,Trayvon Robinson,-1.3648990098304428
480,Trevor Crowe,-2.05909796623758
481,Tsuyoshi Nishioka,-1.5659211400098478
482,Tyler Flowers,1.1211290201678257
483,Vernon Wells,1.985950308406585
484,Victor Martinez,3.388997183587083
485,Wes Helms,-1.86399517411798
486,Will Rhymes,-1.4389625020754593
487,Wily mo Pena,1.7488630824609233
488,Xavier Paul,-0.05761660984550682
489,Yamaico Navarro,-1.234926229405074
490,Yonder Alonso,1.3374160128495296
491,Yorvit Torrealba,1.7837873353672422
492,Aaron Cook,-1.830019519944845
493,Jose Constanza,-1.1716510866037937
494,Pete Orr,-1.7793224571381212
495,Aaron Cunningham,-0.1785780746107282
496,Anibal Sanchez,-2.1840431221319743
497,Brett Pill,0.24908959651828208
498,Brian Bixler,-1.5808931463252542
499,Bud Norris,-1.840859637274179
500,Carlos Zambrano,-1.376372046096277
501,Chris Snyder,-1.4384635105238939
502,Cliff Lee,-0.4234347129965216
503,Dewayne Wise,-0.14764079412526357
504,Ivan Rodriguez,-1.7832675180411572
505,Jay Gibbons,-1.4020293576906226
506,Jeremy Hermida,0.644216038469034
507,Jordan Schafer,-1.095731274532139
508,Josh Wilson,-1.3637686802527762
509,Julio Lugo,-1.4608767012338257
510,LivAn HernAndez,-1.6211438237672555
511,Luis Martinez,-1.8778768638143866
512,Madison Bumgarner,-1.9677428293238246
513,Matt Garza,-2.195176071836701
514,Rod Barajas,3.3765974604240245
515,Ross Gload,-0.8036938237931677
516,Ryan Vogelsong,-1.638463620367416
517,Tony Cruz,-1.7013852475695688
518,Wade Leblanc,-1.9004982290299652
519,Wandy Rodriguez,-2.0719148551074844
520,Aaron Harang,-2.1808392662471867
521,Adam Laroche,-1.3961166988526654
522,Andy Parrino,-2.0567648953795836
523,Anthony Recker,-1.424472745490396
524,Brandon Boggs,3.824612905773708
525,Brandon Dickson,-3.077333746414629
526,Bryan Lahair,0.7019909384829117
527,Casey Coleman,-0.8393074381809511
528,Chase D'arnaud,-1.2228325975399632
529,Chris Marrero,-1.8002410632382093
530,Chris Volstad,-1.762629001953796
531,Cody Ransom,-0.11352339466846152
532,Collin Cowgill,-1.6260076224113336
533,Dan Johnson,-1.0732046794918755
534,Daniel Hudson,-1.892648397198647
535,Dj Lemahieu,-1.4129720666520234
536,Dontrelle Willis,-1.0029758113251173
537,Edwin Jackson,-1.1567539763519266
538,Eliezer Alfonzo,-1.5966200587837283
539,Esmil Rogers,-2.0032944944453703
540,Esteban German,1.0196355036964633
541,Geoff Blum,0.9019754404003147
542,Hector Sanchez,-1.9497240093613428
543,Jarrod Dyson,-1.5741257590764786
544,Jason Hammel,-1.1096302182502717
545,Jason Jaramillo,-1.6353340175340951
546,Jason Marquis,-1.6748329217820317
547,Jb Shuck,-1.949987270368503
548,Jesus Flores,-1.6458335329709035
549,Joe Saunders,-1.494131260429715
550,Jose Lobaton,-1.9096305130087141
551,Jose Morales,-1.9198195654110919
552,Josh Collmenter,-2.3372347094740764
553,Juan Francisco,0.14234229291087677
554,Koyie Hill,-1.5948059920393305
555,Kyle Lohse,-1.9842444916578343
556,Lorenzo Cain,-1.7629290427992028
557,Luis Montanez,-1.4691389173195109
558,Manny Pina,-0.9782642499998474
559,Mark Derosa,-1.7929255911920836
560,Mark Hamilton,-1.5214209008855506
561,Matt Pagnozzi,-2.0376803007512603
562,Melvin Mora,-1.8343721178317787
563,Mike Baxter,-0.7243003485982824
564,Mike Pelfrey,-1.9551496687057395
565,R. a. Dickey,-2.0771143355046817
566,Ramiro Pena,1.0647172481920824
567,Randy Wells,-2.183062387600189
568,Randy Wolf,-1.2337070882180936
569,Reggie Willits,-1.165909618440366
570,Ricky Nolasco,-1.248177164742219
571,Russ Mitchell,-0.19907886325409246
572,Ryan Langerhans,0.58568885205237
573,Ryan Lavarnway,-0.6865081087568309
574,Taylor Green,-1.0843641981572578
575,Thomas Field,-1.9830256009123166
576,Tyler Greene,-1.5193567146443012
577,Ubaldo Jimenez,-2.131810017986313
578,Wilin Rosario,2.118003291221646
579,Zack Cozart,-1.2689116882222098
580,Adam Rosales,-0.9373649772119224
581,Brad Emaus,-2.1839336452323685
582,Brett Myers,-2.1471790653718386
583,Chad Billingsley,0.44900741023208923
584,Chris Narveson,-2.0953702375970407
585,Diory Hernandez,-0.340103034971049
586,Ivan De jesus,-1.5898592557414963
587,J. a. Happ,-1.1666716981871477
588,J. c. Boscan,-1.4981469020070988
589,Jake Westbrook,-1.3437279433577785
590,James Mcdonald,-2.0996594312044903
591,Jhoulys Chacin,-2.0775362590319686
592,Jonathon Niese,-1.5570656549570048
593,Jordan Zimmermann,-1.9797834865577169
594,Kyle Kendrick,-1.8896556536484341
595,Marcus Thames,-0.02715764138762963
596,Mat Latos,-0.26566669607435733
597,Matt Cain,-1.6530376595003158
598,Matt Young,-1.9117547830109494
599,Mike Leake,-1.2734713415440613
600,Mike Minor,-1.6989665155987557
601,Paul Maholm,-1.9458442450262947
602,Pedro Ciriaco,-1.3334434323461717
603,Roy Halladay,-1.5211537476204513
604,Ryan Dempster,-1.5464922798623995
605,Sam Lecure,-1.7423125781403377
606,Scott Cousins,0.2580226681617541
607,Taylor Teagarden,0.48582085520353707
608,Ted Lilly,-1.6292100410871444
609,Vance Worley,-2.0815203672239155
610,Wil Nieves,-1.1844137488554374
611,Wilkin Ramirez,-1.2530225456805768
612,Yovani Gallardo,-1.8840379906489428
613,Zach Duke,-0.16131688259715765
614,Chris Carter,-2.0893590168009983
615,Clayton Richard,-2.205924034621157
616,Cory Luebke,-1.881355931654076
617,Erick Almonte,0.28006169083622956
618,Homer Bailey,-2.019607629100839
619,Jeff Karstens,-1.7723249772246148
620,Justin Christian,-1.027617547827913
621,Kyle Mcclellan,-0.784401081788711
622,Steve Lombardozzi,-2.365927410902988
623,Tim Hudson,-1.6454545888918388
624,Tim Stauffer,-2.0756744525321453
625,Craig Tatum,-1.4486696570669626
626,Danny Worth,-1.718240784476552
627,Jerad Head,-1.7639824707570908
628,Jonathan Sanchez,-1.020412747071328
629,Andrew Romine,-2.76858057533335
630,Brandon Snyder,-0.4747250240473397
631,Darren Ford,-1.7979706177824184
632,Eric Fryer,-1.837137035532828
633,Luis Valbuena,-0.8555109587971577
634,Edinson Volquez,-1.363169690917251
635,Josh Johnson,-2.7688045716378547
636,Brandon Laird,-1.4352254481684104
637,Marco Estrada,-1.9890363082966347
638,Mat Gamel,-0.7959880678873414
639,Andrew Brown,-1.573052437548133
640,Chris Valaika,-0.11480523542393242
641,Mike Nickeas,-1.3313936693220305
642,Efren Navarro,-0.3205332363909117
643,Greg Golson,-1.8162673739622155
644,Jaime Garcia,-1.0911110402416357
645,Adron Chambers,-0.3131846285913947
646,Chris Capuano,-1.5059430677333892
647,Cole Gillespie,1.949529693503094
648,Conor Gillaspie,-0.42449833520201385
649,Devin Mesoraco,0.11868015856341442
650,Jair Jurrjens,-2.5745917293159892
651,Johnny Cueto,-2.031333670775283
652,Jorge De la rosa,-2.0178741929307016
653,Josh Satin,-1.9434681259795104
654,Logan Schafer,0.0358795120652654
655,Matt Carpenter,-1.5047110692838679
656,Osvaldo Martinez,-1.445565056519833
657,Pete Kozma,-1.321113299086395
658,Scott Baker,-0.13714156000623712
659,Kyle Hudson,-1.1867743855366466
660,Pedro Florimon,0.19782331643081044
661,Steve Holm,-0.9896141407271156
662,James Darnell,-0.18016628918640543
663,Roy Oswalt,-2.0502596937228432
664,Eduardo Escobar,-0.31192532612559654
665,Omir Santos,-1.584110210549972
666,Brandon Beachy,-2.062732822730693
667,Micah Owings,-2.1065850563752804
668,Mike Rivera,-1.9503028077971034
669,Bronson Arroyo,-1.2823382270236854
670,Burke Badenhop,-1.9871705372037936
671,John Lannan,0.11608112815294933
672,Jordan Lyles,-1.9271272429170434
673,Kevin Millwood,0.27943587254319996
674,Rubby De la rosa,-1.5529019700588875
675,Ross Ohlendorf,-1.8917507027774825
676,Austin Romine,-0.9777318628973835
677,Dallas Mcpherson,-1.5405842502537417
678,Donny Lucy,-0.5847676457900355
679,Barry Enright,-0.7079988913122196
680,Cole Garner,-1.2935855715472142
681,Joe Inglett,-1.565475684270682
682,Dusty Brown,-1.2162603255644344
683,Gil Velazquez,-0.6947515757004981
684,Mike Wilson,-0.6446913150120724
685,Tommy Hanson,-2.8749977637568147
686,Cedric Hunter,-1.79251109887203
687,Chris Jakubauskas,-0.9571971581793132
688,Chris Schwinden,-1.3245094502066437
689,Dillon Gee,-1.4331037968293068
690,Doug Fister,-2.09213857249323
691,Hector Gomez,-1.6646091724936716
692,John Baker,-1.5435848560563425
693,Rodrigo Lopez,-0.17688732666662524
694,Travis Wood,0.6549929579555694
695,Juan Nicasio,1.288733646719021
696,Val Pascucci,0.5735562957832017
697,Everth Cabrera,-2.3195096671339672
698,Antoan Richardson,-4.270165622242125
699,Joe Blanton,-1.703858533141853
700,John Bowker,-0.15760337700758598
701,Zack Britton,1.5687611882059544
702,Kevin Correia,-1.771442335025627
703,Juan Castro,-0.9273807813100148
704,Brad Lincoln,-1.4185204252928698
705,Jai Miller,1.512374135222804
706,Brad Hand,-0.6586401646743284
707,Brandon Hicks,-2.341583896999677
708,Tom Gorzelanny,-2.39816604817424
709,Wade Miley,-0.4930308185830251
710,Nathan Eovaldi,-1.2207385516588765
711,Tim Federowicz,-2.2766419951491397
712,Cristhian Martinez,-2.5140428143100433
713,Nelson Figueroa,-1.5441232470346475
714,Luis Durango,-2.914560818499942
715,Chin-lung Hu,-1.7856659762214746
716,Francisco Liriano,-1.1123807412860776
717,Ross Detwiler,-2.997677662886531
718,Eugenio Velez,-2.633929279129364
719,Eric Surkamp,-0.5062197510722023
720,Henry Sosa,-1.4297985758857998
721,Erik Kratz,1.7674038658687488
722,Vinny Rottino,-2.289120300225801
723,Tyler Chatwood,-1.4139714836335315
724,Josh Rodriguez,-1.0135692648151442
725,Russ Canzler,1.007002639552364
726,Welington Castillo,-0.7995447585999703
