Player,Rank
Brennan Orf,1.557608341490947
Luca Tresh,1.513960078280673
Eddinson Paulino,1.452478429200307
Tyler Robertson,1.280139851217238
Sebastián Rivero,1.2782855080783448
Nathan Church,1.2740294796151488
Willie Joe Garry Jr.,1.1869446475921348
Keyber Rodriguez,1.1835585952148566
Matt Mclain,1.1822232062552755
Reidy Mercado,1.1794559115271464
Matthew Lugo,1.1722568723919382
Trevor Schwecke,1.1722568723919382
Samuel Basallo,1.1655314422774443
Max Burt,1.1550008272007097
Kyle Datres,1.1474954392130132
Chris Meyers,1.1461644745199397
Travis Swaggerty,1.131405601199179
Quincy McAfee,1.1194058746896474
Kyle Karros,1.1176607830726197
Eduarqui Fernandez,1.1038273734736637
Bryce Ball,1.096472906551002
Donta' Williams,1.0948342350900426
Josh Hood,1.0894317426271707
Brady Allen,1.0752622953451167
Ethan Murray,1.0564199973119341
Tyler Neslony,1.0557186026539633
Carson Taylor,1.0550937809883905
Josue Briceño,1.049605388655717
Brady House,1.0495721234472
Colin Davis,1.0431006857271503
Cody Morissette,1.039817194783849
Jud Fabian,1.0375169767256427
Anthony Alford,1.0354397699598183
Taylor Kohlwey,1.0319633177226608
Thayron Liranzo,1.0254564137889681
Cristopher Barete,1.0223010384065585
Caeden Trenkle,1.0162403242727567
Dalton Guthrie,1.0077636954579743
Austin Hendrick,1.0032936160469965
Jackson Feltner,1.0001735116022796
Yolbert Sanchez,0.9904031855491042
Parker Chavers,0.9888937480366335
Omar De Los Santos,0.9863536932243877
Nathan Hickey,0.9807281823765868
Tommy Troy,0.9775782644582506
JT Schwartz,0.9754300023677307
Quincy Hamilton,0.9713917964862614
Frainyer Chavez,0.963599054585628
Cal Conley,0.9633139606918087
Carlos Arroyo,0.9591811285460631
Will Wilson,0.9556321414772984
Miguel Palma,0.9513966786359829
Kendall Simmons,0.9501125155852741
Javier Vaz,0.9470649418057625
Johnny Tincher,0.9403849416008413
Jake Anchia,0.9298527638031387
Carlos Santiago,0.9224374941816157
Ricardo Genovés,0.9205789499266294
Carlos Mendoza,0.9151235942889367
Hunter Bishop,0.9021221601942607
Jorge Alfaro,0.89770115353075
Nick Decker,0.8824756200725152
Agustin Ruiz,0.8793954451908776
Jaden Rudd,0.8792122951322247
Leonel Valera,0.8757144072074259
Diego Velasquez,0.8749368348186701
Christian Cairo,0.8734978136670274
Austin Callahan,0.8685890708982504
Marcos Castañon,0.8685890708982504
Benjamin Blackwell,0.8582498278950663
Sheng-Ping Chen,0.8553379079117384
Tyler Miller,0.8542856732967037
Cutter Coffey,0.8542856732958091
Pres Cavenaugh,0.8523417560411195
Jeremiah Jackson,0.8407118268966024
Arol Vera,0.8396889424945638
Roberto Pérez,0.8382932557658686
Cade Bunnell,0.8371516031731856
Alex McGarry,0.8358446643110756
Denzer Guzman,0.827795386181063
Seth Gray,0.8269598805851489
Andy Blake,0.8243186081437684
P. j. Higgins,0.8232072450013675
Enmanuel Bonilla,0.8110264987394372
Jacob Wetzel,0.7954778209198131
Roderick Arias,0.7946545821696016
Ryan Vilade,0.7911002787968937
Logan Porter,0.7865436658751372
Alex Freeland,0.783422314349861
Allan Castro,0.7828933420090503
Levi Jordan,0.7828337586976645
Esteban Quiroz,0.778364992926907
Josh Lester,0.7747814830782366
Ricardo Gonzalez,0.7744708997423272
Luke Ritter,0.7730366028134746
Jhon Diaz,0.7726643950976274
Dominic Keegan,0.7714499109454062
Austin Nola,0.7642739158039797
Liam Hicks,0.7640507291087882
R.J. Yeager,0.7585021191913616
Brendon Davis,0.7558133744028127
Braxton Fulford,0.7552506272386326
Chris Okey,0.7490764036660642
José Devers,0.7473004456185744
Duke Ellis,0.7457472115764663
Josh Breaux,0.7456743757309648
Ryan Cermak,0.74556626610226
Israel Pineda,0.7450721473060903
Andrew Pinckney,0.7435104096653115
Jhonny Pereda,0.742504299899245
Aaron Palensky,0.7367368975117717
Jim Haley,0.7355370628377947
Cam Devanney,0.7320200953357651
Nik McClaughry,0.7316591214775117
Daniel Mateo,0.7308680887609604
Blaze Jordan,0.7295753472425629
Jesus Valdez,0.7267629935429606
Chase Meidroth,0.7154047241651418
Eliezer Alfonzo,0.7106325745025708
Agustín Ramírez,0.7076326554701865
Juan Mora,0.7064219927274763
Corey Rosier,0.6969745495336542
Cole Young,0.692208918685615
Termarr Johnson,0.6877759851101694
Kade Kern,0.6866332101232467
Zac Veen,0.681667711964759
Jackson Glenn,0.6812413116043493
Tres Gonzalez,0.6812413116043493
Eric Rodriguez,0.6802150366809654
Ruben Cardenas,0.6741828507100138
Henry Bolte,0.6574674750839246
RJ Schreck,0.6524174521732093
Alex De goti,0.6436222389882317
Jack López,0.6421365376478858
Casey Opitz,0.6383453171268773
Kameron Misner,0.6365093816940531
Will Banfield,0.6318305582454183
Simon Juan,0.6178787449117247
José Altuve,0.6121799103230491
Dylan Beavers,0.6102069277767336
Luis Arráez,0.6090461657765671
Devonte Brown,0.6084506993512844
Aaron Sabato,0.6048821476391818
Frederick Bencosme,0.5986091832568559
Andrew Knapp,0.5966125147931042
Hernán Pérez,0.5936353279833761
Jorel Ortega,0.5897862654540028
Jax Biggers,0.5887876570684778
Michael Berglund,0.5833031831830741
Nick Solak,0.5808450695181286
Vladimir Guerrero,0.5738626963007665
Willie Maciver,0.5737950722229267
Kemp Alderman,0.5690182712036673
Colby Halter,0.5666034473115706
Adam Zebrowski,0.5642922585971466
Blake Hunt,0.5599658163778684
Jacob Buchberger,0.5585456157472227
Miguel Hiraldo,0.5519676325034955
Bryan Torres,0.5441475020887233
Mark Coley II,0.5432426302914657
Brett Johnson,0.5413702980015881
Emmanuel Rodriguez,0.5399111826328573
Trea Turner,0.5239646159750592
Colt Keith,0.5209351890310892
Bobby Witt,0.5204867555676373
Eduardo Lopez,0.520355267062863
Dylan Rock,0.5185551632191604
Justin Dirden,0.5060357763671373
Pedro Martinez,0.5058497860277232
Lewin Díaz,0.5043387388124653
Alex Bregman,0.4967416995605349
Eric Wagaman,0.4958112830594665
Colton Ledbetter,0.49393201532371295
Drew Bowser,0.4935571073773712
Drew Swift,0.4935571073773712
José Tena,0.49097864896131355
Juan Baez,0.48593356187937436
Jancarlos Cintron,0.48574408467769997
Everson Pereira,0.48434231844878833
Yordan Álvarez,0.4815165273921038
Alec Burleson,0.4800434934259169
Yainer Diaz,0.4796792675347133
Fabian Pertuz,0.47056773359371246
Gabriel Martinez,0.46978183968461634
Tim Elko,0.468893802951938
Keoni Cavaco,0.4642538129913791
Julio Rodríguez,0.4603235178426189
Jack Hurley,0.45766029816916387
William Bergolla,0.45176443212498396
Charlie Pagliarini,0.4516129471383796
Jack Winkler,0.45120580614110517
Kevin Padlo,0.44928081942401216
Joe Naranjo,0.44662624397617257
Shohei Ohtani,0.44386408915109
Wade Meckler,0.43734591648024584
Luke Berryhill,0.4371919038675847
Jake Burger,0.4334447886947264
Dylan O'Rae,0.433419004314281
Salvador Pérez,0.4313657136068302
Corey Seager,0.430102458347009
BJ Murray Jr.,0.4296795061678692
Gavin Lux,0.42802586211118904
Steven Kwan,0.42480726535339147
Ryan O'hearn,0.423194061754153
Otto Lopez,0.42062726907994386
José Miranda,0.4151383746968596
Mookie Betts,0.4138365974817509
Luis García,0.4116561454348931
Carlos Correa,0.4105109988769116
Nick Pratto,0.41009775258892345
Ezequiel Tovar,0.4089400928559659
Yandy Díaz,0.4075603373508818
Kevin Newman,0.40680479277669335
César Prieto,0.4032697901062227
Teoscar Hernández,0.4021172268655001
William Contreras,0.4019899486604596
Yophery Rodriguez,0.4018133439822092
Darren Baker,0.4016458455848035
Brendan Rodgers,0.40109006955781423
Chad Wallach,0.40035349933375897
Matt Kroon,0.3960269292452529
Payton Henry,0.3929906891334674
Drake Baldwin,0.3911798308501046
J.C. Correa,0.3908200022427885
Ryan Fitzgerald,0.38996377858483794
Masataka Yoshida,0.38993814688444683
Nick Raposo,0.3847297402796231
Will Brennan,0.38200557816189434
Jason Matthews,0.3813223256114173
Freddie Freeman,0.3804211540870989
Gustavo Campero,0.38035741531260453
Manny Machado,0.37950650776468203
Brent Rooker,0.379171993010778
Mark Vientos,0.377838312149844
Lourdes Gurriel,0.3758510719290748
Jose Iglesias,0.37488473844130044
Manuel Margot,0.37385551597057876
Andrew Benintendi,0.3738310113034473
Marcell Ozuna,0.37364653536633213
Nick Castellanos,0.37075426132376177
Jeferson Quero,0.3707269891934042
Jadher Areinamo,0.3688497767094239
Maikel García,0.36823953446137114
Gunnar Henderson,0.3665357398119563
Julio Carreras,0.36461236710054884
Kevin Kilpatrick Jr.,0.36198165237834284
Ryan Mcmahon,0.35965002161232323
Bryan Reynolds,0.35756533597973067
Orelvis Martinez,0.35747454949306157
Brian O'keefe,0.35734559206960337
Josh Harrison,0.3529666766372129
Amed Rosario,0.35251124024453556
Fernando Tatís,0.35163797664823687
Luis Baez,0.3490866822959766
Zach Cole,0.3490866822959766
Alec Bohm,0.3481777949628512
Hoy Park,0.34457485249584224
Masyn Winn,0.34330267956572824
Juan Yepez,0.3416722566737708
Jack Rogers,0.3415577892208505
Francisco Lindor,0.34091833826496265
José Ramírez,0.3395585945307302
Jesús Bastidas,0.3381694529454972
Pablo Sandoval,0.33806256687788283
Tyler Gentry,0.33607602790703045
Tim Anderson,0.3349570728653823
Rafael Devers,0.33433998047887803
Jackson Merrill,0.33356442660818264
Francisco Mejía,0.3333915934600722
Liam Spence,0.32980523493961905
Ryan Mountcastle,0.32962381072302777
Jonathan Aranda,0.32851235087596903
Tommy Sacco Jr.,0.3282654517668787
Paul Goldschmidt,0.32756334876254417
Aaron Judge,0.3269068503459197
Rafael Marchán,0.32662828238524727
Jordan Groshans,0.32594625210567985
Myles Straw,0.3250517842480917
Lawrence Butler,0.3217096117337875
George Springer,0.3204624834282225
Matt Vierling,0.32014827262277096
Nolan Arenado,0.3198924771561117
Brice Turang,0.3196977187907148
Tommy Pham,0.3185509698715419
Bryan De la cruz,0.31773871395116304
Christian Franklin,0.31712277214398316
Cj Abrams,0.3128621714747074
Jeremy Rivas,0.31167847141592975
Jesse Winker,0.3088045744274401
Ke'bryan Hayes,0.3074186949694174
Charlie Blackmon,0.3049192570779985
Juan Soto,0.3043329051293241
Ketel Marte,0.30411215022110405
Wes Clarke,0.30398307040645534
Taylor Ward,0.3035868361476351
Cody Bellinger,0.30307596147211996
Joey Wendle,0.3023379256365198
Bryson Stott,0.3021438882233282
Jarren Duran,0.3015878205855787
Keibert Ruiz,0.3015028784956504
Andrew Vaughn,0.30110750084561233
Pete Alonso,0.29958992429667275
Andrés Giménez,0.2975550712998518
Michael Harris,0.2974856071437848
Francisco Urbaez,0.29654384784881194
Sal Frelick,0.2960203609747949
Jazz Chisholm,0.2959828342505836
Matt Gorski,0.29447301429880635
Jeremy Peña,0.29315119040948734
Anthony Volpe,0.29240966082003644
José Godoy,0.2915625330577894
Miguel Andújar,0.2905258008741967
Isiah Kiner-falefa,0.289720220897829
Anthony Prato,0.28876452715458856
Michael Siani,0.28492971511467013
David Peralta,0.28415754746580113
Brendan Donovan,0.2828774872632311
Tsung-che Cheng,0.28066347628373606
Jake DeLeo,0.2799289459825378
Isaac Paredes,0.2787332272796277
Erik González,0.27810344597996006
Adrian Del castillo,0.2779450369620981
Phillip Evans,0.2777631717395051
Jesús Sánchez,0.27744382257943806
Javier Sanoja,0.2764294925339589
Jonah Bride,0.2756567559897653
Nico Hoerner,0.27556015288087815
Connor Wong,0.27498331688187133
Cal Raleigh,0.2742075075113295
Kevin Alcántara,0.2716827517558406
Luis Rengifo,0.2716263214786322
Jackson Chourio,0.27098874478180845
Josh Rojas,0.27023028017345624
Esmerlyn Valdez,0.268957680043145
Seth Beer,0.268957680043145
Junior Caminero,0.2682919382179086
Christian Walker,0.2672271908221574
Lenyn Sosa,0.26648785019169874
Aaron Zavala,0.2662032255507652
Logan O'hoppe,0.26615717805072997
Christian Arroyo,0.2644171838402099
Josue De Paula,0.26406416198884697
Trevor Werner,0.26364538162740264
Blake Perkins,0.2629389983700274
Jurickson Profar,0.2619582002455943
Bradlee Beesley,0.2613910634948005
Warming Bernabel,0.2613910634948005
Víctor Robles,0.2600452645873379
Drew Waters,0.25943256154463634
John Rhodes,0.25779315294609884
Bryce Harper,0.2567739965675032
Blaze Alexander,0.2548135964906074
Bradley Zimmer,0.25425636005285784
Seiya Suzuki,0.253071685094189
Bo Bichette,0.25133403749598426
Heliot Ramos,0.25087483379539116
Korey Lee,0.25040549937607953
Keston Hiura,0.250181194796081
Wenceel Pérez,0.24891018877197138
Luis Robert,0.24854766310634083
Thomas Saggese,0.2475648481941912
Andy Ibáñez,0.24536538935991045
John Rave,0.24461016898660234
Chase Pinder,0.24446898785567542
Nolan Schanuel,0.24379787753715723
Nicky Lopez,0.24201562045544703
Jacob Young,0.2420042103824919
Gavin Sheets,0.2385125581514346
Cade Marlowe,0.23781197665708334
Brayden Taylor,0.23770370439895502
Eloy Jiménez,0.23740563656578986
Starling Marte,0.23736322229198567
Brenton Doyle,0.23510758412766572
Colt Emerson,0.23068917736624825
Paul Dejong,0.22957064728033752
Jarred Kelenic,0.22826623067442406
Lamonte Wade,0.225658685156209
Miguel Amaya,0.22551908771792073
Nick Gordon,0.2247868321381796
Elehuris Montero,0.22463006036521763
Dansby Swanson,0.22461961105569142
Spencer Packard,0.22422579275537335
Cooper Bowman,0.22404695128320232
Christian Encarnacion-strand,0.22225740107100853
Trevor Larnach,0.22155656754267303
Gleyber Torres,0.221244155335989
Santiago Espinal,0.2196061720411046
Marcus Semien,0.21795863118297557
Ian Happ,0.217737136436387
Mauricio Dubón,0.21585210501019902
Adley Rutschman,0.21552925563479117
Joey Meneses,0.21533961494626097
Darell Hernaiz,0.21436861568325982
Justin Turner,0.2143403073808409
Elías Díaz,0.21396395306383353
Ernie Clement,0.21357249257392338
Matt Olson,0.2135479049907856
J. t. Realmuto,0.21321136712257685
Tyler McDonough,0.21183838913013164
Tyler Fitzgerald,0.21141434800431905
Willi Castro,0.2113758283326014
Ildemaro Vargas,0.21094188510659975
Tomás Nido,0.21085582521020496
Graham Pauley,0.20964224693761138
Osleivis Basabe,0.2090584805278841
Kyle Tucker,0.2088997274705915
Kyle Manzardo,0.20869801845478975
Garrett Hampson,0.2083093838589008
Xavier Edwards,0.20818702707316872
Ty France,0.20740412314600576
Xander Bogaerts,0.20702503931908897
Ezequiel Duran,0.20679317103473827
Victor Mesa,0.20632108139330738
Jake Fraley,0.20631812349235967
Abraham Toro,0.2052989793954522
Alfonso Rivas,0.20375432524077702
Matt Chapman,0.2021873982087919
Miguel Hernandez,0.20185815085212397
Oneil Cruz,0.20183047863957715
Jonathan India,0.20129373860317645
Scott McKeon,0.20084485351406578
Rowdy Tellez,0.2001899675018242
Andres Sosa,0.20007727994488125
Wilyer Abreu,0.19963105768970088
Jorge Soler,0.1993869879393526
Jake Mccarthy,0.19880704223127918
Zach Neto,0.19789452872129643
Spencer Horwitz,0.19784796822569956
Randy Arozarena,0.19772412812828724
Tyler Callihan,0.19545664749635566
Enrique Hernández,0.19450338825988772
Ramón Laureano,0.19444158482114715
Carlos Santana,0.1942111799476746
Michael Conforto,0.1938917097521339
José Caballero,0.19302630421039826
Gabriel Moreno,0.1927270254827738
Cameron Cauley,0.19122709620380834
Kyle Schwarber,0.19080340587361064
Freddy Fermin,0.1902740357298804
Patrick Bailey,0.18998567673187167
Trey Lipscomb,0.18995297602339917
Pedro Pagés,0.18893466312955878
Christian Yelich,0.18775259755871773
Jakson Reetz,0.18607920188903324
Armando Alvarez,0.18527306996764906
Matt Koperniak,0.1846534490851627
Michael Busch,0.18450543476272366
Josh Bell,0.18354787389453062
Yohairo Cuevas,0.18353270228053192
Willy Adames,0.18322329696006565
Kerry Carpenter,0.1825419698294049
Víctor Caratini,0.18137169606578485
J. d. Davis,0.1807837728704466
Jordan Luplow,0.1798474637199219
Jake Cronenworth,0.1789892647647599
James Wood,0.17803263196902389
Harold Ramírez,0.1770225743469849
Mason Auer,0.17415662773023458
Lane Thomas,0.17381154074571517
Nathaniel Lowe,0.17352666663158997
Edmundo Sosa,0.17350571484218355
Yusniel Díaz,0.17223556929985823
Pavin Smith,0.17128414862006072
Brett Sullivan,0.17120871654038827
Oswaldo Cabrera,0.17076024273240342
Adael Amador,0.16966400686534142
Vinnie Pasquantino,0.16964018961546407
Adolis García,0.16763256253808856
Andy Pages,0.1674519947347142
Brett Wisely,0.1665868132807723
Trevor Boone,0.1658192816542431
Elly De la cruz,0.16380627071625797
Spencer Henson,0.16185934392261203
Tyler Stephenson,0.16084685464546183
Brandon Nimmo,0.16073147274932925
Nick Gonzales,0.16066466211776442
Gio Urshela,0.16058228292727048
Cody Milligan,0.159961168362284
Damiano Palmegiani,0.15885589825349813
Joc Pederson,0.15813258834115548
Triston Casas,0.15806454212494286
Alex Verdugo,0.15777734769341195
Donovan Solano,0.15774014767838065
Misael Urbina,0.15772478779045973
Nick Loftin,0.15769364399231214
Omar Martinez,0.15762038180357515
Travis Jankowski,0.15753561073780878
Christian Vázquez,0.1569780117473504
Andrew Navigato,0.15681792320209337
Narbe Cruz,0.15669442593943744
Jorge Polanco,0.1563358230443774
Billy Mckinney,0.15413972703528475
Jung hoo Lee,0.15355488635791673
Josh Naylor,0.1534971809987343
Rob Brantly,0.15180606542485012
David Villar,0.15094638145668232
Ozzie Albies,0.15080918742846147
Victor Scott,0.14892460052436562
Joey Wiemer,0.14864624785366104
Luis De los santos,0.14699934962202985
Romy Gonzalez,0.14644870193729084
Seth Brown,0.14437258984877094
Jj Bleday,0.14321075194501773
Kyle Farmer,0.14286002796494576
Mickey Moniak,0.14239310146096024
Jake Cave,0.14204250598316953
Stuart Fairchild,0.1419002185040106
Orlando Arcia,0.14158043978429716
Jeimer Candelario,0.14083757305921432
Dan Vogelbach,0.14056794741882775
Thairo Estrada,0.140308098605489
Eduardo Escobar,0.1391719133940465
Ceddanne Rafaela,0.1384113497590096
Eddy Alvarez,0.13696923323247412
Brandon Marsh,0.13462170690826347
Jack Suwinski,0.13418692581616812
Arjun Nimmala,0.13410375306623606
Zack Gelof,0.13268137722439757
Mark Payton,0.13182123919477517
Leury García,0.13106884725210743
Willie Calhoun,0.129897811801339
Jonah Heim,0.12475411615213625
Casey Schmitt,0.12437428181336341
Will Smith,0.12333284933423336
Jeisson Rosario,0.12250328263163887
Oscar González,0.12235861771494877
Curtis Mead,0.11952984432759262
Yordys Valdes,0.11768087027456847
Francisco Álvarez,0.11653737590365218
Max Schuemann,0.11650419751838337
Michael Massey,0.11630582320471461
Nick Madrigal,0.1162385684710113
Anthony Santander,0.1158182633877203
Ryan Casteel,0.11567980237965741
Corbin Carroll,0.115604265580221
José Siri,0.11460468190029449
Austin Slater,0.11383504226738578
Travis Blankenhorn,0.11272466515442195
Michael Stefanic,0.1122321620046981
David Fry,0.11073539923728637
Wyatt Langford,0.11028735586896468
Miguel Rojas,0.10924431980410504
Nick Meyer,0.1086021213609149
Jon Singleton,0.10812337799746896
Jay Harry,0.10618505258111333
Heston Kjerstad,0.10508596955491209
Harrison Bader,0.1039676997179762
Randal Grichuk,0.10266770150516052
Michael Papierski,0.10114286567529623
Eugenio Suárez,0.10038135112184232
Luis Vázquez,0.0996433678509547
Anthony Rizzo,0.09730315918593854
Iván Herrera,0.09708527452257842
Nick Ahmed,0.09694293449895672
Yasmani Grandal,0.09674235628525568
Brandon Lowe,0.09642702940699036
Michael Taylor,0.09640623326239711
Cristian Pache,0.0955046003256757
J. p. Crawford,0.09540413181614074
Bo Naylor,0.09519796613196563
Isaac Collins,0.0949356038213687
Jared Triolo,0.09388784215914492
Jake Meyers,0.09327921691402713
Brooks Baldwin,0.09166101680088598
Edouard Julien,0.09147202526887965
Connor Joe,0.08942988591605527
Dairon Blanco,0.0877308412883181
Shea Langeliers,0.08586659648738945
Austin Riley,0.08578422251513887
Royce Lewis,0.08554692872409198
Aaron Hicks,0.08472573012345408
Bligh Madris,0.08451853752017047
Tony Kemp,0.0840919927436633
Brooks Lee,0.080173957567227
Edward Olivares,0.07936870966970483
Spencer Steer,0.07863776934831992
Tommy Edman,0.07771614443750299
Spencer Torkelson,0.07679228985596065
Nathan Lukes,0.07441781604553124
Andrew Knizner,0.07356707157338357
Adam Duvall,0.07354042960560844
Austin Hedges,0.07349255635145605
J. d. Martinez,0.07199788589332048
Tyler O'neill,0.07156068623930698
Wilmer Flores,0.06948436240521799
Colton Cowser,0.06945973113647791
Rhys Hoskins,0.06737477384069848
Mike Tauchman,0.06708548304991233
Zach Mckinstry,0.06676042853579928
Jonny Deluca,0.0666296073694786
Mark Canha,0.06585688762319464
Jordyn Adams,0.06564241066263504
Richie Palacios,0.0653998866851094
Connor Kaiser,0.06535222816499872
Donovan Walton,0.06519694052387262
Riley Greene,0.06339739245957093
Parker Meadows,0.061510796444779074
Josh Smith,0.06104599549945596
Tyrone Taylor,0.05852507847021688
Omar Narváez,0.05763989638728601
Wilderd Patiño,0.057458697160107965
Jerar Encarnacion,0.05634684175325743
Carlos Pérez,0.05578416680444794
Rob Refsnyder,0.054643313145012855
Eric Haase,0.053652004086695106
Victor Bericoto,0.05364050839345056
Phillip Sikes,0.05315310090723014
Geraldo Perdomo,0.052477875687975024
Sam Brown,0.05243889461240645
Will Wagner,0.05163756733429104
Ha-seong Kim,0.0506800964904922
Jonny Farmelo,0.05058632875744815
Carlos Rodríguez,0.049754314317006075
Jake Rogers,0.04942382875310838
Austin Hays,0.048667878175065175
Hao-Yu  Lee,0.04669679708958113
James Mccann,0.04654071870299699
Sam Haggerty,0.04604496842845593
Giancarlo Stanton,0.04554448202765006
Kevin Kiermaier,0.04545195149431937
Mitch Haniger,0.044987927814688175
Cedric Mullins,0.044775760774467405
Nick Fortes,0.04256350136190395
Eddie Rosario,0.03994969252519728
Derek Hill,0.0391703103665118
Michael Toglia,0.03864565773651333
Dom Nuñez,0.038197954933158355
Bryan Ramos,0.03778713001731383
Jon Berti,0.036579278328075164
Trey Mancini,0.034220954281054976
Alejandro Kirk,0.03301163050939788
Carson Kelly,0.03273534148938698
Luke Raley,0.030552425474686146
Nick Martini,0.028210067670103596
Jordan Beck,0.028050278474512094
Andre Lipcius,0.02586161946518655
Gary Sánchez,0.0252481504317041
Kyle Isbel,0.024552892983107047
Esteury Ruiz,0.023995831278886534
Dane Myers,0.0233280298686458
Johan Rojas,0.022194246889614883
Corey Julks,0.021313788808616743
Willson Contreras,0.020851349090534217
Jakob Marsee,0.020051940901700614
Miles Mastrobuoni,0.019277621829932257
Josh Lowe,0.0192120058580181
Christopher Morel,0.01889221841644271
Noelvi Marte,0.01839516155258057
Dustin Peterson,0.017030916331123407
David Hamilton,0.015104303306746242
Davis Schneider,0.014517946960102317
Jeff Mcneil,0.013927741601569496
Whit Merrifield,0.013203533109911039
Kevin Pillar,0.013091090905190578
Jordan Westburg,0.011190763151812347
Mitch Garver,0.010966444450715391
Addison Barger,0.009836144556469743
Travis D'arnaud,0.008964968513310877
Dylan Neuse,0.008592635795902175
Alex Call,0.008491923162798475
Richie Martin,0.007841002303639856
Ernesto Martinez Jr.,0.0076284542373713585
Ethan Wilson,0.005156863650951034
Luis Campusano,0.003806536938439596
Deyvison De Los Santos,0.0033792242610040067
Bryce Windham,0.0033164114299457093
Angel Martínez,0.0026611149343250644
Lars Nootbaar,0.0014011457673826187
Austin Gauthier,0.0010933917023284584
Reese Mcguire,-0.0001269894959952944
Yoán Moncada,-0.0011121810155307523
Geraldo Quintero,-0.001186555872574704
Jordan McCants,-0.0019910604962829637
Allan Cerda,-0.002017180989402968
A.J. Vukovich,-0.0024009831511337433
Daniel Johnson,-0.002554300815423946
Dylan Carlson,-0.0036245307519920302
Jake Alu,-0.003712154084869985
Tim Tawa,-0.004684515090226446
Ryan Jeffers,-0.005073564604000729
Leody Taveras,-0.005606504642404451
Adam Frazier,-0.005821642074866594
Max Kepler,-0.006027724281198157
Lazaro Montes,-0.006679411805218428
Jacob Burke,-0.006688540269952966
Miguel Sanó,-0.006739027527530009
Kyle Stowers,-0.007033091336325882
Dominic Fletcher,-0.007194956425323968
Sandy León,-0.008207246169028062
Tyler Freeman,-0.008257956834152536
Jake Slaughter,-0.008781742738734782
Nick Sogard,-0.011010265877029272
Christian Bethancourt,-0.011286922945230093
Anthony Bemboom,-0.011801038126220144
Ramón Urías,-0.012863651481582234
Enmanuel Valdez,-0.013101092806481952
Riley Adams,-0.01625584323849005
Matt Mervis,-0.018314024545750946
Cristofer Torin,-0.018977687109707174
Jakey Josepha,-0.018977687109707174
Max Muncy,-0.019134021316610503
Ben Rortvedt,-0.01935350926433017
Jorge Barrosa,-0.019624347784935187
Chadwick Tromp,-0.02002371574699122
Peyton Burdick,-0.020134210243041756
Mike Brosseau,-0.02097115820876747
Matt Wallner,-0.021107561910395894
Zach Dezenzo,-0.02229894177258248
Jacob Stallings,-0.02295732741392488
Kyle Mccann,-0.023260999178136687
Chris Williams,-0.023798734388960244
Cole Fontenelle,-0.025358389638531903
Emmanuel Rivera,-0.026000384380260998
Tyler Nevin,-0.026642982631861142
Jesus Rodriguez,-0.026964236703369917
Austin Barnes,-0.02934040052260138
Nelson Velázquez,-0.029369238187263336
Josh Jung,-0.030646082103302677
Cam Eden,-0.033667783442791185
Ambioris Tavarez,-0.03371545229798734
Connor Norby,-0.0338178451153388
Rece Hinds,-0.034063995971019057
Vidal Bruján,-0.034429527783078444
Petey Halpin,-0.034772504197235585
Ali Sánchez,-0.03557433296447314
Drew Millas,-0.035643463137033954
Javier Báez,-0.036256258309115164
Pete Crow-armstrong,-0.03782819380399563
Byron Buxton,-0.03799644869304729
Matt Scheffler,-0.038022334145396824
Raynel Delgado,-0.03840410819857947
Hunter Renfroe,-0.038566739712850545
César Salazar,-0.04061637423302854
Anthony Rendon,-0.040702239670795136
Mike Yastrzemski,-0.04144017832910982
Tj Friedl,-0.041942822354308816
Joey Loperfido,-0.0422733894277197
Brett Baty,-0.0439733239700892
David Fletcher,-0.04463289525143001
Hunter Goodman,-0.045269078071578074
Garrett Mitchell,-0.04556876299075005
Matt Carpenter,-0.0456516170493483
Austin Martin,-0.045751324645994865
Conner Capel,-0.04580364240919613
Chuckie Robinson,-0.045852325718860935
Jack Brannigan,-0.04612307905989302
Brandon Drury,-0.04732088060547732
Mj Melendez,-0.04831888285308677
Yan Gomes,-0.04971214977868039
Mike Ford,-0.04971507432402147
Dylan Crews,-0.05001057367288458
Joshua Palacios,-0.0500669125667523
Chase Delauter,-0.05167870220641293
Alberto Rodriguez,-0.05184531033514622
Dominic Smith,-0.05211604930672311
Tyler Wade,-0.05354897772067038
Daniel Schneemann,-0.05362089891023132
Yan Contreras,-0.05579622971183835
Austin Wells,-0.056827572966322924
Sean Murphy,-0.057305537307094534
Nolan Gorman,-0.05766584930260509
Cam Gallagher,-0.05790676968221817
Luis Matos,-0.05832769147461897
Andrew Mccutchen,-0.058642919266225946
Jo Adell,-0.05913110807724616
Rylan Bannon,-0.059531392769567724
Joey Bart,-0.060994738743308075
Will Benson,-0.06122834117797069
Gabriel Arias,-0.061302034738373465
Stone Garrett,-0.06175758397785113
Chas Mccormick,-0.06226911407961324
Weston Wilson,-0.0626108030903123
Jackson Holliday,-0.06299761103906087
Jose Trevino,-0.06428963661669235
Luis Guillorme,-0.06453141955641681
Caleb Durbin,-0.06623331540207625
José Azocar,-0.0680041958966775
Trevor Story,-0.06945233888053498
Alan Trejo,-0.07357452194629052
Joey Ortiz,-0.0756804889397078
Chris Owings,-0.07682660367850393
Jimmy Glowenke,-0.07772866151184318
Rafael Ortega,-0.07926104587188823
Tyler Black,-0.08265720106481272
Jacob Amaya,-0.08364778131234837
Hunter Feduccia,-0.08450299379602166
Mason Mccoy,-0.08490747344419172
Tyler Soderstrom,-0.08589299143485907
Ronald Acuña,-0.08702540540124257
Luken Baker,-0.08728614101318088
Jake Marisnick,-0.08850888839466556
David Hensley,-0.08891818732053933
Sal Stewart,-0.09110028462381348
Alex Kirilloff,-0.09211526269794712
Brayan Rocchio,-0.09280324889050506
Eric Brown Jr.,-0.09379879908958685
Luis Lara,-0.09380132827760859
Arquímedes Gamboa,-0.0960555582994905
Logan Davidson,-0.1002127630683079
Cj Alexander,-0.10115390696297824
TT Bowens,-0.10441251622235109
Trent Grisham,-0.10464885130885407
Patrick Wisdom,-0.10547836387190881
Evan Carter,-0.10626012379852429
Justyn-henry Malloy,-0.1096832740007129
Yanquiel Fernández,-0.11052786492915367
Luis González,-0.11083621284248579
Ismael Munguia,-0.11552479659057732
Jasson Domínguez,-0.11671232897410297
Dj Lemahieu,-0.11779965470452058
Ryan Noda,-0.11839938537781092
Peyton Wilson,-0.11878698192710116
Yeiner Fernandez,-0.11878698192710116
Grant Mccray,-0.1219381367637295
Aaron Schunk,-0.12288606819632633
Robbie Grossman,-0.12488332090750714
Jonathon Long,-0.12644881648863707
Jonatan Clase,-0.12697760578064665
Jorge Mateo,-0.12733352820891264
Nick Senzel,-0.13070786117292046
Jonathan Ornelas,-0.1318451763993885
Jacob Wilson,-0.1342467601119033
Yiddi Cappe,-0.13457940043656313
Dillon Dingler,-0.13607611531965316
Daulton Varsho,-0.13656051911205933
Will Simpson,-0.13819916607292973
Shay Whitcomb,-0.1384354794601211
Cavan Biggio,-0.13927874942342447
Bubba Thompson,-0.13934709547248464
Owen Miller,-0.13943814454043665
Garrett Stubbs,-0.14156570263132254
Sam Hilliard,-0.1435189199946038
Niko Kavadas,-0.1438558137272964
Harry Ford,-0.14418776352926585
Carter Bins,-0.14429753905389936
Danny Mendick,-0.14440637889627622
Tom Murphy,-0.1462446755872816
Kevin Smith,-0.14631280015270062
Billy Cook,-0.14673806571449685
Nick Yorke,-0.14690113100455382
Luisangel Acuña,-0.14875695272721706
Coby Mayo,-0.14908639203318916
Marcelo Mayer,-0.1500884332564981
Garrett Cooper,-0.15594391379258998
Miguel Vargas,-0.1559532586680557
Mike Trout,-0.15603679559171407
Colson Montgomery,-0.15850253019292337
David Bote,-0.1604079404754583
Taylor Walls,-0.16097313398487567
Vaughn Grissom,-0.16100265881135156
Jansel Luis,-0.16206843157629913
Daz Cameron,-0.16223091179645754
Daniel Susac,-0.1652253699387659
Shawn Ross,-0.16590386009601538
José Fermín,-0.1695711895783856
Luis Suisbel,-0.16979381910411867
Nolan Jones,-0.1708542297083099
Michael Helman,-0.1714376995862927
Jordan Walker,-0.1739391940887711
Trei Cruz,-0.17485602283066443
Logan Driscoll,-0.17542787003473564
Zyhir Hope,-0.176010135095611
Brennen Davis,-0.17729860627660315
Griffin Conine,-0.1783944824013342
Yonny Hernández,-0.1786979818970803
Jake Bauers,-0.1788168237974874
José Herrera,-0.18208424212464427
Curt Casali,-0.18479510772368551
Adrian Santana,-0.18520854307802373
Kyle Higashioka,-0.18554859306540009
Jordan Nwogu,-0.1857390170729784
Nacho Alvarez,-0.18765073940414553
Jordan Lawlar,-0.1881803242926569
Danny Jansen,-0.1883973784421666
Brett Phillips,-0.19250427704956408
Leo Rivas,-0.19390879942520142
Jhonkensy Noel,-0.19891316386184604
Jason Heyward,-0.19970430443735585
Matt Shaw,-0.20028197133034356
Blake Dunn,-0.20221184910943973
Lorenzo Cedrola,-0.2026957288074388
Jake Lamb,-0.20332695397635006
Jordan Diaz,-0.20363050625602652
Óscar Mercado,-0.20435866048129836
Brian Serven,-0.20541855493210606
Luis Torrens,-0.20834841898530332
Alex Jackson,-0.20885773963030296
Nasim Nuñez,-0.21196297181595525
Marco Luciano,-0.21382039608563197
José Abreu,-0.21621428078398555
Ryan Bliss,-0.22055398466119092
Erick Brito,-0.22157856518224223
Andruw Monasterio,-0.22265320885568035
Kala'i Rosario,-0.22356219428173507
Jared Young,-0.22386315674133844
Nick Allen,-0.22924581384552276
Jake Holton,-0.22928352254027295
Joey Votto,-0.22931577449398224
Josh Crouch,-0.2296096122396051
Wilber Sanchez,-0.23017760165661802
Alsander Womack,-0.23017760165705517
Clay Dungan,-0.23017760165705517
Tanner Murray,-0.23103634556543365
Michael Turconi,-0.23181097009910598
Elis Barreat,-0.2320302743514223
Christian Molfetta,-0.23209241428451174
Hudson Head,-0.23209241428451174
Carlos De La Cruz,-0.23248517987761874
Vinny Capra,-0.23305764798223305
William Lugo,-0.23323844783074626
Dylan Moore,-0.2334926660387759
Bryce Johnson,-0.2346917442729626
Zavier Warren,-0.23499869156212003
Brandon Crawford,-0.2371139058808935
Sergio Alcántara,-0.23752417902410988
Chris Taylor,-0.2378277460230316
Jake Mangum,-0.2401459858769677
Kody Clemens,-0.246837776780848
Dominic Canzone,-0.24741704548859417
Alika Williams,-0.2475847400896076
Jeter Downs,-0.2477516644679638
Kris Bryant,-0.24907498212528176
Ji hwan Bae,-0.249369425368403
Diego Castillo,-0.2502646614771713
Matt Thaiss,-0.2504964706376182
Axel Sanchez,-0.25129356750042625
Micah Pries,-0.2520610055156536
Keshawn Ogans,-0.2532808057286995
David Dahl,-0.2533781618080636
Jameson Hannah,-0.25380383872079304
Sandro Fabian,-0.25714827683261837
Troy Johnston,-0.2571740349076858
Ben Rice,-0.257185012295087
Hedbert Perez,-0.25719743563324443
Zach Remillard,-0.2598052965735191
Brewer Hicklen,-0.2603889203269725
Pedro León,-0.26147609853906667
Nick Lorusso,-0.26299977889832854
Oscar Colás,-0.26363188873123394
Bobby Dalbec,-0.2662531045103477
Darius Hill,-0.2669167175531249
Josh Kasevich,-0.2678585318860582
Jace Peterson,-0.2679105063393281
Ben Gamel,-0.268340113574402
Brandon Lockridge,-0.2701235960363684
Trenton Brooks,-0.2706588203732651
Tristin English,-0.2713111734011388
Jace Jung,-0.27265772378935343
Will Robertson,-0.2733818660593673
Tucker Barnhart,-0.2746172581553634
Tristan Gray,-0.27481174017717824
Braden Shewmake,-0.27777899147750873
Willy Vasquez,-0.27884232984242074
Aledmys Díaz,-0.27935016598688733
Avisaíl García,-0.2814885481210388
Nick Podkul,-0.28165852735259594
Yuli Gurriel,-0.2825852405127698
Estevan Florial,-0.2828918796536806
Jahmai Jones,-0.28304652374740424
Yolmer Sánchez,-0.2841814169082854
Forrest Wall,-0.28603736078231556
Zack Short,-0.28740330212741244
Carlos Narváez,-0.28819714112088624
Trey Sweeney,-0.28822141302952303
Oliver Dunn,-0.2886095724705864
Cooper Hummel,-0.2893734857723956
JT Mabry,-0.28956757990656934
Andrés Chaparro,-0.2902763251344631
Sean Bouchard,-0.29095435123569735
Tj Hopkins,-0.29183373851628885
Luke Adams,-0.29344046733872664
Abrahan Gutierrez,-0.2968637154444887
Luke Maile,-0.2973751013876042
Brock Rodden,-0.3007025125592376
Caden Connor,-0.30284211052632504
Kyren Paris,-0.3035099357000793
Eli White,-0.3054539161622513
Davis Wendzel,-0.3058619658362348
Liover Peguero,-0.3076264829420226
Zach Deloach,-0.3082257127026968
Mike Moustakas,-0.30828719853819375
Alexfri Planez,-0.30932834252533453
Pablo Reyes,-0.3105497432111092
Eguy Rosario,-0.3130364039606349
Seby Zavala,-0.31425423978964717
Jared Oliva,-0.31718825687678837
Carlos Colmenarez,-0.31741323626697543
Colby Thomas,-0.3179366793989893
Luis Urías,-0.3185318636590715
Eddys Leonard,-0.32253004538167734
James Outman,-0.3248044228567803
Cal Stevenson,-0.32539122187937963
José Rojas,-0.3255113191182283
Luis Liberato,-0.32551580372347405
Chad Stevens,-0.32604062348503704
Alek Thomas,-0.3284375959539467
Dasan Brown,-0.32928671216869604
Drew Romo,-0.3302884302886983
Kevin Sim,-0.330659872269146
Buddy Kennedy,-0.330987263840756
Bryce Teodosio,-0.33257773256293244
Tyler Locklear,-0.33280484267846616
Alexander Canario,-0.33536305511714554
Joey Gallo,-0.3354034061428263
Blake Sabol,-0.3388410331917009
Gilberto Celestino,-0.34027232014915354
Michael Arroyo,-0.340524686222904
Shalin Polanco,-0.34598530116475845
Luke Williams,-0.3467367884417233
Blaine Crim,-0.3471688649396638
Samad Taylor,-0.3478667160540246
Matt Duffy,-0.34787648822808054
Benny Montgomery,-0.3484144953215955
Owen Caissie,-0.350999875194863
Trey Cabbage,-0.3510980268550542
Matt Fraizer,-0.35235090310818834
Spencer Jones,-0.35348080844019714
Leo Jimenez,-0.3534978582691367
Reed Trimble,-0.3553014876820929
Martín Maldonado,-0.35540371067360615
E.J. Exposito,-0.3556462250666557
Jair Camargo,-0.3643558480251796
Ryan Kreidler,-0.3654789186656407
Ehire Adrianza,-0.36690610999991913
Jacob Hurtubise,-0.3673775839701775
Michael Pérez,-0.3699641023033528
Dj Stewart,-0.36999588141749506
Andrew Velazquez,-0.3760700929990554
Steward Berroa,-0.37766326444810017
Símon Muzziotti,-0.37822096203971645
Ji man Choi,-0.3787489041473883
René Pinto,-0.38190011157733056
C.J. Hinojosa,-0.38661335036067496
Felix Reyes,-0.38845436324485144
Kendall George,-0.3899759056259805
Brett Harris,-0.3920955965524212
Austin Wynns,-0.3925914782231824
Jacob Melton,-0.3973366226920398
Cole Roederer,-0.3994638935495945
Jack Pineda,-0.4010568112378832
Gavin Cross,-0.40136836074405063
Chris Roller,-0.40172891123527005
Elvis Andrus,-0.4077172501780639
Aramis Garcia,-0.4086174365355192
Niko Hulsizer,-0.4090494835376345
Akil Baddoo,-0.41335355870867996
Matthew Wood,-0.41764950057209554
Luke Voit,-0.4181481186814468
Alejo López,-0.41872465960246746
Niko Goodrum,-0.41919502178128387
Terence Doston,-0.4238313387368909
Tyler Cropley,-0.4243395000670703
Jared Walsh,-0.4263561458280521
Cole Tucker,-0.42839236962841704
Coco Montes,-0.4293121655107633
Dayan Frias,-0.43283824469749377
Lazaro Armenteros,-0.4364674732111481
Taylor Trammell,-0.43652615061340583
James Free,-0.4438757660351243
Waner Luciano,-0.44435488987878063
Edwin Arroyo,-0.4467130591777343
Mark Contreras,-0.4467671389095756
Kolten Wong,-0.44686190157324446
Livan Soto,-0.4474689011468359
Kyle Garlick,-0.45060949521596466
Albert Almora,-0.45071987564909705
Yohandy Morales,-0.4508602842866138
Jose Ramos,-0.45142359064446225
Ryan Mckenna,-0.4526790522807949
Maverick Handley,-0.4553602175180673
Kellen Strahm,-0.4554822966913855
Henry Davis,-0.456580950934473
Ben Cowles,-0.4571278731464623
Austin Shenton,-0.4649755289296736
Grae Kessinger,-0.4664712224271143
Dashawn Keirsey,-0.4701931872415427
Tyler Tolbert,-0.48057867208861144
Jake Rucker,-0.48384102430257864
Ramon Mendoza,-0.4881644275520922
Héctor Rodríguez,-0.4902598194085748
Johnathan Rodríguez,-0.4955074978735833
Drew Lugbauer,-0.49671495986362624
Brian Anderson,-0.4981509427186765
Drew Avans,-0.5071806537978216
Nate Eaton,-0.5089482117087768
Jason Delay,-0.5129689364741102
Charles Leblanc,-0.5133679848412886
Hunter Dozier,-0.516726294778847
Edwin Ríos,-0.5175370473035673
Zach Daniels,-0.5191409668758304
Josh Vanmeter,-0.5201551883910852
Eric Yang,-0.5256605577878576
Pablo Aliendo,-0.5257014014090579
Marty Costes,-0.5261084936575872
Cody Roberts,-0.5278530449591429
Jason Vosler,-0.5280974685016914
J. p. Martínez,-0.5288674067361874
Tucker Bradley,-0.5321444161615843
Max McDowell,-0.5356091411112764
Zach Humphreys,-0.5364716266426256
Tim Locastro,-0.5366494912297042
Juan Brito,-0.5389393079011017
C. j. Stubbs,-0.5410656984787717
Ronny Simon,-0.5428485631420523
Daniel Cope,-0.544636588813455
Ezequiel Pagan,-0.5452901541063802
Morgan McCullough,-0.5496987088598333
Bill Knight,-0.5514841867043192
Cal Mitchell,-0.5519928752560459
Donny Sands,-0.5542186154994841
Alan Roden,-0.558034232471056
Samuel Zavala,-0.5603457394184783
Jorbit Vivas,-0.5606644579882415
C. j. Cron,-0.5648503721906507
Cristhian Vaquero,-0.5651843157673698
Darick Hall,-0.5653921734016648
Jacob Berry,-0.5657937717772407
Gabriel Gonzalez,-0.5696583246030481
Cristopher Navarro,-0.5703412644522425
Max Stassi,-0.5706908956186354
Joe Suozzi,-0.5722627733885299
Dustin Harris,-0.5749413561792209
Leandro Pineda,-0.5781309557328341
Justin Foscue,-0.5815417696527113
Jonathan Guzmán,-0.5816281042019606
Rafael Lantigua,-0.5819872051317216
Elijah Green,-0.5828032226953818
Justice Bigbie,-0.5835765689897826
Alexander Ovalles,-0.5881127543893654
Joe Hudson,-0.588895682511682
Oswald Peraza,-0.5917424127682088
David Martin,-0.5928394344808562
Rodolfo Castro,-0.5961800688029499
Canaan Smith-njigba,-0.5984406914120937
Nic Kent,-0.6017260142513847
Skye Bolt,-0.6040831814106933
Kristian Robinson,-0.6042495182915347
Tanner Morris,-0.6119601596108233
William Simoneit,-0.6156627996164336
Tyler Heineman,-0.6157353788765789
Dalton Rushing,-0.6216041406360672
Rainer Nunez,-0.6246089408734752
Karson Simas,-0.6264853062086698
Bryson Horne,-0.6326456721825062
David Bañuelos,-0.6329833756243914
Yunior Severino,-0.6354458796566835
Jase Bowen,-0.6362713305156236
Jamie Westbrook,-0.6410707472678137
Carter Kieboom,-0.6429509116468084
Otto Kemp,-0.6446366491962215
Carson Mccusker,-0.6467729066942691
Devin Mann,-0.6471470334285464
Garrett Spain,-0.6478395804981123
Johnny Olmstead,-0.657615374638218
Brett Bateman,-0.6602080494011417
Brody Moore,-0.6615036769529711
Luke Waddell,-0.6637421192162394
Christopher Familia,-0.6639124186763845
Jimmy Crooks,-0.6653430262395612
Bob Seymour,-0.6692077816151543
José Barrero,-0.6721966666352721
Shayne Fontana,-0.6743410724941004
Elier Hernandez,-0.6760409683928313
Stephen Scott,-0.6787485928313369
Shane Sasaki,-0.6806020106450541
Austin Allen,-0.6806959028746589
Silas Ardoin,-0.680715201755234
Trayce Thompson,-0.6808429903848067
Kenedy Corona,-0.6816250116905153
Zach Zubia,-0.6832393169344825
Andy Weber,-0.6832677008595571
Will Holland,-0.6875038683240349
Matthew Batten,-0.6890206321638324
Brad Miller,-0.6903865171529762
Andy Thomas,-0.6960044642054289
Joe Perez,-0.6961070211047271
Tristan Peters,-0.6975251451484276
Brock Wilken,-0.698575400127578
Guy Lipscomb,-0.7024537901845616
Diego Mosquera,-0.7029986313594784
T.J. Rumfield,-0.7058615567537013
Scott Kapers,-0.7096852662939158
Bryan Lavastida,-0.71184258230364
Cristian Santana,-0.7129330981807271
Capri Ortiz,-0.7145204727306544
Nathan Martorella,-0.7169699737437851
Neyfy Castillo,-0.7177187665575387
Yoshi Tsutsugo,-0.7187934762448035
Rhylan Thomas,-0.7190246551586178
Zach Britton,-0.7195080088314622
Angel Tejada,-0.7198713244316428
Greg Jones,-0.7203890399443971
Michael Chavis,-0.7214711902620125
Carson Williams,-0.7240810849576309
Maddux Houghton,-0.7246861487021579
Kevin Plawecki,-0.727180928620078
Nate Furman,-0.7284497333818264
George Lombard Jr.,-0.7305485227157084
Jose Salas,-0.7327106973466725
Nelson Rada,-0.7412742397742748
Hunter Stovall,-0.741438993063154
Justin Dean,-0.7440142520058636
Scott Kingery,-0.7443057755376423
Errol Robinson,-0.7453171151614233
Stephen Piscotty,-0.7503091363916133
Jonny Butler,-0.750573893539874
Reece Walling,-0.7513262725505713
Ivan Melendez,-0.7525180040812686
Lonnie White Jr.,-0.7526403587455484
Kevin Made,-0.7542755060925894
Elijah Dunham,-0.7562915333126767
Alex Isola,-0.7591651167066344
Jimmy Herron,-0.7592085400163601
Colby Shade,-0.7644429154921395
Mat Nelson,-0.764557543534184
Nick Ward,-0.7661624792683358
Kevin Graham,-0.770154088097979
Greg Allen,-0.7729472901594502
Ewry Espinal,-0.774041978377547
Mickey Gasper,-0.7763330697277683
Jonathan Davis,-0.7780520406859647
Cameron Masterman,-0.7780731242646318
Yohel Pozo,-0.7783133167261178
Connor Hollis,-0.7800853918118693
Sebastian Walcott,-0.7814208670671379
Isiah Gilliam,-0.7817714958495596
Chavez Young,-0.7848124012389309
Yoyner Fajardo,-0.785093920886021
Jordy Barley,-0.7855414274697361
Josh Zamora,-0.7882682693468785
Sterlin Thompson,-0.7882935621747338
Leo De Vries,-0.7907561378390704
Ryan Ward,-0.7914188312995006
Donovan Antonia,-0.792284037617781
Rodolfo Nolasco,-0.7929499794965551
Nick Maton,-0.7933992042229352
Grant Koch,-0.7947349076157331
Aidan Smith,-0.7951054348100542
Michael Trautwein,-0.796602431850986
Leo Balcazar,-0.7979928230337495
Sam Huff,-0.8025194394040095
Nick Clarno,-0.8049712270726971
J.J. D'Orazio,-0.8069157188494243
Chris Rotondo,-0.8070582020550057
Chase Strumpf,-0.8102760001435413
Ben Williamson,-0.8147680520478799
Nick Peoples,-0.8168447513601585
Joe Dunand,-0.8170908908942051
Terrell Tatum,-0.81761312465524
Kahlil Watson,-0.8245605416337218
Andy Yerzy,-0.8247660064200882
Brock Vradenburg,-0.8289881286502744
Xavier Isaac,-0.8315110486070098
Gage Workman,-0.8321780611175809
Josh Hatcher,-0.8391790642475391
Milan Tolentino,-0.8402735734614308
Mark Kolozsvary,-0.8410803836417777
Abimelec Ortiz,-0.8421364071447995
Carter Howell,-0.8423183502778034
Victor Acosta,-0.8462137821472154
Cameron Barstad,-0.8463038553445918
Robbie Tenerowicz,-0.8466685414365261
Luis Ravelo,-0.8490578730654036
J. c. Escarra,-0.8506291284893975
Rodolfo Durán,-0.8544638627343453
Jean Walters,-0.8561620382123154
Cole Gabrielson,-0.8567890900943318
Caleb Hamilton,-0.8589940202879234
Kody Hoese,-0.8603542016933631
Lamar Sparks,-0.8750023026772686
Carlos Cortes,-0.8772166245895774
Joe Vetrano,-0.882796799782662
Lou Albrecht,-0.8888296115808317
Jace Avina,-0.9154977010185031
Aaron Bracho,-0.9163248357514377
Landon Stephens,-0.9414563492465763
Kale Emshoff,-0.9455737124571721
Alex Binelas,-0.9566636760345637
Jake Fox,-0.9634944250617575
Brady Lindsly,-0.968236054834524
Cristhian Rodriguez,-0.968236054834524
Ethan Workinger,-0.9809053556493486
Alexis Hernandez,-1.000252353951287
Noah Myers,-1.000252353951287
Dillon Head,-1.019403032754747
Mike Jarvis,-1.0284385819107313
Phil Clarke,-1.0297585261546538
Ray-Patrick Didder,-1.0833547163421002
Lyle Lin,-1.0909640895715447
Felnin Celesten,-1.1392792699499692
Patrick Winkel,-1.1413693456991847
Jose Fernandez,-1.1478018756520565
Hogan Windish,-1.2342440947196764
Ronaldo Hernández,-1.2877701524394178
Jesus Chirinos,-1.3042788613188203
Brandon McIlwain,-1.31016048741908
Mateo Gil,-1.31016048741908
Rowdey Jordan,-1.31016048741908
Eddy Rodriguez,-1.3243084688581754
Garret Forrester,-1.3243084688581754
Diego Hernandez,-1.559115309124683
Dereck Salom,-1.5595688738572067
