,Pos,Name,Year,Age,W,L,W-L%,ERA,G,GS,GF,CG,SHO,SV,IP,H,R,ER,HR,BB,IBB,SO,HBP,BK,WP,BF,ERA+,FIP,WHIP,H9,HR9,BB9,SO9,SO/W
1,SP,Daniel Hudson,2011.0,24,16,12,.571,3.49,33,33,0,3,0,0,222.0,217,98,86,17,50,1,169,8,1,4,921,113,3.28,1.203,8.8,0.7,2.0,6.9,3.38
2,SP,Ian Kennedy,2011.0,26,21,4,.840,2.88,33,33,0,1,1,0,222.0,186,73,71,19,55,0,198,9,1,11,900,137,3.22,1.086,7.5,0.8,2.2,8.0,3.60
3,SP,Joe Saunders,2011.0,30,12,13,.480,3.69,33,33,0,1,0,0,212.0,210,94,87,29,67,4,108,3,0,3,874,107,4.78,1.307,8.9,1.2,2.8,4.6,1.61
4,SP,Josh Collmenter,2011.0,25,10,10,.500,3.38,31,24,3,0,0,0,154.1,137,61,58,17,28,2,100,5,1,1,621,117,3.80,1.069,8.0,1.0,1.6,5.8,3.57
6,CL,J.J. Putz,2011.0,34,2,2,.500,2.17,60,0,52,0,0,45,58.0,41,15,14,4,12,0,61,2,0,2,229,182,2.54,0.914,6.4,0.6,1.9,9.5,5.08
7,RP,David Hernandez,2011.0,26,5,3,.625,3.38,74,0,28,0,0,11,69.1,49,27,26,4,30,1,77,2,1,7,291,117,2.94,1.139,6.4,0.5,3.9,10.0,2.57
8,RP,Micah Owings,2011.0,28,8,0,1.000,3.57,33,4,2,0,0,0,63.0,56,27,25,8,23,0,44,2,0,3,263,111,4.47,1.254,8.0,1.1,3.3,6.3,1.91
9,RP,Joe Paterson,2011.0,25,0,3,.000,2.91,62,0,17,0,0,1,34.0,28,11,11,1,15,0,28,4,0,1,150,137,3.44,1.265,7.4,0.3,4.0,7.4,1.87
10,RP,Sam Demel,2011.0,25,2,2,.500,4.21,34,0,7,0,0,0,25.2,31,13,12,4,13,1,15,2,0,0,117,95,5.64,1.714,10.9,1.4,4.6,5.3,1.15
12,,Zach Duke,2011.0,28,3,4,.429,4.93,21,9,5,0,0,1,76.2,101,42,42,6,19,0,32,1,0,1,338,80,3.99,1.565,11.9,0.7,2.2,3.8,1.68
13,,Armando Galarraga,2011.0,29,3,4,.429,5.91,8,8,0,0,0,0,42.2,47,36,28,13,22,2,28,1,1,1,198,67,7.29,1.617,9.9,2.7,4.6,5.9,1.27
14,,Wade Miley,2011.0,24,4,2,.667,4.50,8,7,0,0,0,0,40.0,48,20,20,6,18,0,25,0,0,1,180,88,5.08,1.650,10.8,1.4,4.1,5.6,1.39
15,,Barry Enright,2011.0,25,1,4,.200,7.41,7,7,0,0,0,0,37.2,50,31,31,11,15,1,21,1,0,2,175,54,6.98,1.726,11.9,2.6,3.6,5.0,1.40
16,,Aaron Heilman,2011.0,32,4,1,.800,6.88,32,0,10,0,0,0,35.1,48,28,27,8,11,0,33,1,0,0,164,58,5.12,1.670,12.2,2.0,2.8,8.4,3.00
17,,Esmerling Vasquez,2011.0,27,1,1,.500,4.15,31,0,5,0,0,0,30.1,27,16,14,2,13,2,20,4,0,0,132,96,4.24,1.319,8.0,0.6,3.9,5.9,1.54
18,,Bryan Shaw,2011.0,23,1,0,1.000,2.54,33,0,8,0,0,0,28.1,30,9,8,2,8,1,24,4,0,1,122,157,3.52,1.341,9.5,0.6,2.5,7.6,3.00
19,,Brad Ziegler,2011.0,31,0,0,,1.74,23,0,4,0,0,0,20.2,15,7,4,0,6,0,15,0,0,0,79,230,2.44,1.016,6.5,0.0,2.6,6.5,2.50
20,,J.C. Gutierrez,2011.0,27,0,0,,5.40,20,0,3,0,0,0,18.1,22,16,11,3,9,0,23,1,0,0,90,74,4.28,1.691,10.8,1.5,4.4,11.3,2.56
21,,Alberto Castillo,2011.0,35,1,0,1.000,2.31,17,0,4,0,0,0,11.2,10,3,3,0,7,0,6,1,0,0,50,176,4.05,1.457,7.7,0.0,5.4,4.6,0.86
22,,Jason Marquis,2011.0,32,0,1,.000,9.53,3,3,0,0,0,0,11.1,22,16,12,3,4,0,5,1,0,0,63,43,6.91,2.294,17.5,2.4,3.2,4.0,1.25
23,,Ryan Cook,2011.0,24,0,1,.000,7.04,12,0,5,0,0,0,7.2,11,6,6,0,8,0,7,0,1,1,41,59,4.33,2.478,12.9,0.0,9.4,8.2,0.88
24,,Kam Mickolio,2011.0,27,0,0,,6.75,6,0,0,0,0,0,6.2,10,5,5,0,3,0,7,0,0,0,32,62,2.28,1.950,13.5,0.0,4.1,9.5,2.33
25,,Yhency Brazoban,2011.0,31,0,0,,6.00,6,0,1,0,0,0,6.0,8,4,4,1,4,1,8,1,1,0,31,70,5.03,2.000,12.0,1.5,6.0,12.0,2.00
26,,Jarrod Parker,2011.0,22,0,0,,0.00,1,1,0,0,0,0,5.2,4,0,0,0,1,0,1,0,0,0,22,,3.20,0.882,6.4,0.0,1.6,1.6,1.00
27,,Zach Kroenke,2011.0,27,0,1,.000,9.00,4,0,3,0,0,0,4.0,6,4,4,1,1,0,3,0,0,0,19,48,5.53,1.750,13.5,2.3,2.3,6.8,3.00
1,SP,Tim Hudson,2011.0,35,16,10,.615,3.22,33,33,0,1,1,0,215.0,189,86,77,14,56,6,158,15,0,10,884,119,3.39,1.140,7.9,0.6,2.3,6.6,2.82
2,SP,Derek Lowe,2011.0,38,9,17,.346,5.05,34,34,0,0,0,0,187.0,212,110,105,14,70,4,137,3,2,1,830,76,3.70,1.508,10.2,0.7,3.4,6.6,1.96
3,SP,Jair Jurrjens,2011.0,25,13,6,.684,2.96,23,23,0,2,1,0,152.0,142,52,50,14,44,5,90,4,2,4,627,129,3.99,1.224,8.4,0.8,2.6,5.3,2.05
4,SP,Brandon Beachy,2011.0,24,7,3,.700,3.68,25,25,0,0,0,0,141.2,125,62,58,16,46,9,169,5,1,11,591,104,3.19,1.207,7.9,1.0,2.9,10.7,3.67
5,SP,Tommy Hanson,2011.0,24,11,7,.611,3.60,22,22,0,0,0,0,130.0,106,55,52,17,46,3,142,3,0,5,540,106,3.67,1.169,7.3,1.2,3.2,9.8,3.09
6,SP,Mike Minor,2011.0,23,5,3,.625,4.14,15,15,0,0,0,0,82.2,93,39,38,7,30,5,77,1,0,2,361,93,3.39,1.488,10.1,0.8,3.3,8.4,2.57
8,CL,Craig Kimbrel,2011.0,23,4,3,.571,2.10,79,0,64,0,0,46,77.0,48,19,18,3,32,1,127,1,0,4,306,183,1.52,1.039,5.6,0.4,3.7,14.8,3.97
9,RP,Jonny Venters,2011.0,26,6,2,.750,1.84,85,0,10,0,0,5,88.0,53,19,18,2,43,7,96,5,0,4,357,208,2.78,1.091,5.4,0.2,4.4,9.8,2.23
10,RP,Eric O'Flaherty,2011.0,26,2,4,.333,0.98,78,0,5,0,0,0,73.2,59,9,8,2,21,8,67,3,0,1,301,393,2.54,1.086,7.2,0.2,2.6,8.2,3.19
11,RP,Scott Linebrink,2011.0,34,4,4,.500,3.64,64,0,27,0,0,1,54.1,58,22,22,6,21,6,42,4,0,3,237,106,4.29,1.454,9.6,1.0,3.5,7.0,2.00
12,RP,George Sherrill,2011.0,34,3,1,.750,3.00,51,0,9,0,0,0,36.0,33,12,12,3,12,1,38,1,0,1,149,129,3.08,1.250,8.3,0.8,3.0,9.5,3.17
14,,Cristhian Martinez,2011.0,29,1,3,.250,3.36,46,0,12,0,0,0,77.2,56,30,29,8,19,2,58,3,0,3,308,114,3.72,0.966,6.5,0.9,2.2,6.7,3.05
15,,Randall Delgado,2011.0,21,1,1,.500,2.83,7,7,0,0,0,0,35.0,29,12,11,5,14,1,18,1,0,2,147,137,5.14,1.229,7.5,1.3,3.6,4.6,1.29
16,,Scott Proctor,2011.0,34,2,3,.400,6.44,31,0,11,0,0,0,29.1,31,21,21,5,19,4,18,1,0,2,139,60,6.06,1.705,9.5,1.5,5.8,5.5,0.95
17,,Anthony Varvaro,2011.0,26,0,2,.000,2.63,18,0,9,0,0,0,24.0,15,7,7,3,11,4,23,0,0,1,96,148,4.11,1.083,5.6,1.1,4.1,8.6,2.09
18,,Julio Teheran,2011.0,20,1,1,.500,5.03,5,3,0,0,0,0,19.2,21,11,11,4,8,0,10,0,0,1,87,77,5.87,1.475,9.6,1.8,3.7,4.6,1.25
19,,Cory Gearrin,2011.0,25,1,1,.500,7.85,18,0,4,0,0,0,18.1,17,16,16,0,12,4,25,2,0,1,85,50,2.59,1.582,8.3,0.0,5.9,12.3,2.08
20,,Arodys Vizcaino,2011.0,20,1,1,.500,4.67,17,0,2,0,0,0,17.1,16,9,9,1,9,1,17,1,0,5,77,84,3.54,1.442,8.3,0.5,4.7,8.8,1.89
21,,Jairo Asencio,2011.0,28,0,0,,6.97,6,0,3,0,0,0,10.1,16,11,8,1,5,2,8,0,0,0,52,57,4.19,2.032,13.9,0.9,4.4,7.0,1.60
22,,Peter Moylan,2011.0,32,2,1,.667,3.24,13,0,2,0,0,0,8.1,12,3,3,0,3,0,10,0,0,0,38,124,1.71,1.800,13.0,0.0,3.2,10.8,3.33
23,,Kris Medlen,2011.0,25,0,0,,0.00,2,0,1,0,0,0,2.1,1,0,0,0,0,0,2,0,0,0,8,,1.31,0.429,3.9,0.0,0.0,7.7,
1,SP,Jeremy Guthrie,2011.0,32,9,17,.346,4.33,34,32,1,2,0,0,208.0,213,113,100,26,66,5,130,9,0,0,889,97,4.48,1.341,9.2,1.1,2.9,5.6,1.97
2,SP,Zack Britton,2011.0,23,11,11,.500,4.61,28,28,0,0,0,0,154.1,162,93,79,12,62,3,97,1,0,7,666,92,4.00,1.451,9.4,0.7,3.6,5.7,1.56
3,SP,Jake Arrieta,2011.0,25,10,8,.556,5.05,22,22,0,0,0,0,119.1,115,70,67,21,59,2,93,4,0,0,523,83,5.34,1.458,8.7,1.6,4.4,7.0,1.58
4,SP,Alfredo Simon,2011.0,30,4,9,.308,4.90,23,16,1,0,0,0,115.2,128,69,63,15,40,6,83,4,2,2,499,86,4.42,1.452,10.0,1.2,3.1,6.5,2.08
5,SP,Chris Tillman,2011.0,23,3,5,.375,5.52,13,13,0,0,0,0,62.0,77,41,38,5,25,0,46,4,1,1,287,77,3.99,1.645,11.2,0.7,3.6,6.7,1.84
6,SP,Brian Matusz,2011.0,24,1,9,.100,10.69,12,12,0,0,0,0,49.2,81,60,59,18,24,1,38,0,0,0,245,40,7.66,2.114,14.7,3.3,4.3,6.9,1.58
8,CL,Kevin Gregg,2011.0,33,0,3,.000,4.37,63,0,48,0,0,22,59.2,58,35,29,7,40,4,53,2,0,2,275,97,4.89,1.642,8.7,1.1,6.0,8.0,1.33
9,RP,Jim Johnson,2011.0,28,6,5,.545,2.67,69,0,20,0,0,9,91.0,80,30,27,5,21,3,58,2,1,2,366,158,3.22,1.110,7.9,0.5,2.1,5.7,2.76
10,RP,Koji Uehara,2011.0,36,1,1,.500,1.72,43,0,19,0,0,0,47.0,25,9,9,6,8,1,62,0,0,0,174,246,2.56,0.702,4.8,1.1,1.5,11.9,7.75
11,RP,Jason Berken,2011.0,27,1,2,.333,5.36,40,0,10,0,0,0,47.0,63,29,28,10,21,2,41,1,0,4,223,79,5.45,1.787,12.1,1.9,4.0,7.9,1.95
12,RP,Mike Gonzalez,2011.0,33,2,2,.500,4.27,49,0,14,0,0,1,46.1,46,26,22,7,18,1,46,2,0,4,202,99,4.30,1.381,8.9,1.4,3.5,8.9,2.56
14,,Brad Bergesen,2011.0,25,2,7,.222,5.70,34,12,3,1,1,0,101.0,119,73,64,16,32,3,61,3,0,2,451,74,4.92,1.495,10.6,1.4,2.9,5.4,1.91
15,,Chris Jakubauskas,2011.0,32,2,2,.500,5.72,33,6,11,0,0,0,72.1,93,46,46,11,29,3,52,3,0,5,331,74,4.89,1.687,11.6,1.4,3.6,6.5,1.79
16,,Tommy Hunter,2011.0,24,3,3,.500,5.06,12,11,0,0,0,0,69.1,88,44,39,11,10,1,35,4,0,0,305,84,4.68,1.413,11.4,1.4,1.3,4.5,3.50
17,,Jeremy Accardo,2011.0,29,3,3,.500,5.73,31,0,7,0,0,0,37.2,43,24,24,5,18,4,23,1,0,0,167,74,5.04,1.619,10.3,1.2,4.3,5.5,1.28
18,,Jo-Jo Reyes,2011.0,26,2,3,.400,6.16,9,5,1,0,0,0,30.2,36,21,21,7,13,0,23,1,0,1,137,69,5.86,1.598,10.6,2.1,3.8,6.8,1.77
19,,Troy Patton,2011.0,25,2,1,.667,3.00,20,0,4,0,0,0,30.0,25,10,10,2,5,1,22,0,0,0,119,142,2.93,1.000,7.5,0.6,1.5,6.6,4.40
20,,Willie Eyre,2011.0,32,2,2,.500,3.44,19,0,4,0,0,0,18.1,12,7,7,2,5,0,10,0,0,1,72,125,4.17,0.927,5.9,1.0,2.5,4.9,2.00
21,,Clay Rapada,2011.0,30,2,0,1.000,6.06,32,0,4,0,0,0,16.1,14,11,11,3,7,0,18,0,0,0,69,71,4.49,1.286,7.7,1.7,3.9,9.9,2.57
22,,Josh Rupe,2011.0,28,0,0,,5.65,9,0,5,0,0,0,14.1,16,9,9,5,6,0,7,2,0,1,66,76,8.26,1.535,10.0,3.1,3.8,4.4,1.17
23,,Pedro Strop,2011.0,26,2,0,1.000,0.73,12,0,2,0,0,0,12.1,8,1,1,0,3,0,12,0,0,0,46,593,1.81,0.892,5.8,0.0,2.2,8.8,4.00
24,,Mark Hendrickson,2011.0,37,1,0,1.000,5.73,8,0,1,0,0,0,11.0,15,7,7,1,6,1,5,0,0,0,51,76,4.93,1.909,12.3,0.8,4.9,4.1,0.83
25,,Mitch Atkins,2011.0,25,0,0,,8.44,3,3,0,0,0,0,10.2,21,10,10,5,3,0,7,1,0,0,56,52,8.93,2.250,17.7,4.2,2.5,5.9,2.33
26,,Rick van den Hurk,2011.0,26,0,0,,8.00,4,2,1,0,0,0,9.0,12,9,8,4,8,0,7,1,0,0,46,55,10.25,2.222,12.0,4.0,8.0,7.0,0.88
27,,Zach Phillips,2011.0,24,0,0,,1.13,10,0,2,0,0,0,8.0,6,1,1,1,2,0,8,0,0,0,33,391,3.40,1.000,6.8,1.1,2.3,9.0,4.00
28,,Pedro Viola,2011.0,28,0,0,,9.82,4,0,1,0,0,0,3.2,6,4,4,3,2,0,4,0,0,0,20,47,13.12,2.182,14.7,7.4,4.9,9.8,2.00
29,,Mark Worrell,2011.0,28,0,0,,36.00,4,0,0,0,0,0,2.0,6,8,8,2,2,1,3,0,0,0,14,14,16.03,4.000,27.0,9.0,9.0,13.5,1.50
1,SP,Josh Beckett,2011.0,31,13,7,.650,2.89,30,30,0,1,1,0,193.0,146,65,62,21,52,1,175,9,0,6,767,149,3.57,1.026,6.8,1.0,2.4,8.2,3.37
2,SP,Jon Lester,2011.0,27,15,9,.625,3.47,31,31,0,0,0,0,191.2,166,77,74,20,75,0,182,11,0,4,799,124,3.83,1.257,7.8,0.9,3.5,8.5,2.43
3,SP,John Lackey,2011.0,32,12,12,.500,6.41,28,28,0,0,0,0,160.0,203,119,114,20,56,1,108,19,0,11,743,67,4.71,1.619,11.4,1.1,3.2,6.1,1.93
4,SP,Tim Wakefield,2011.0,44,7,8,.467,5.12,33,23,6,1,0,0,154.2,163,110,88,25,47,1,93,8,1,15,677,84,4.99,1.358,9.5,1.5,2.7,5.4,1.98
5,SP,Clay Buchholz,2011.0,26,6,3,.667,3.48,14,14,0,0,0,0,82.2,76,34,32,10,31,1,60,2,0,3,353,124,4.34,1.294,8.3,1.1,3.4,6.5,1.94
6,SP,Andrew Miller,2011.0,26,6,3,.667,5.54,17,12,2,0,0,0,65.0,77,43,40,8,41,0,50,3,1,2,310,78,5.12,1.815,10.7,1.1,5.7,6.9,1.22
8,CL,Jonathan Papelbon,2011.0,30,4,1,.800,2.94,63,0,54,0,0,31,64.1,50,22,21,3,10,1,87,3,0,1,255,147,1.53,0.933,7.0,0.4,1.4,12.2,8.70
9,RP,Alfredo Aceves,2011.0,28,10,2,.833,2.61,55,4,15,0,0,2,114.0,84,37,33,8,42,1,80,15,2,1,474,165,4.03,1.105,6.6,0.6,3.3,6.3,1.90
10,RP,Daniel Bard,2011.0,26,2,9,.182,3.33,70,0,10,0,0,1,73.0,46,29,27,5,24,3,74,2,1,2,288,129,2.96,0.959,5.7,0.6,3.0,9.1,3.08
11,RP,Matt Albers,2011.0,28,4,4,.500,4.73,56,0,10,0,0,0,64.2,62,35,34,7,31,1,68,5,0,2,289,91,4.00,1.438,8.6,1.0,4.3,9.5,2.19
12,RP,Dan Wheeler,2011.0,33,2,2,.500,4.38,47,0,22,0,0,0,49.1,47,24,24,7,8,1,39,0,0,0,201,99,3.78,1.115,8.6,1.3,1.5,7.1,4.88
14,,Erik Bedard,2011.0,32,1,2,.333,4.03,8,8,0,0,0,0,38.0,41,22,17,3,18,0,38,0,0,0,168,107,3.47,1.553,9.7,0.7,4.3,9.0,2.11
15,,Daisuke Matsuzaka,2011.0,30,3,3,.500,5.30,8,7,1,0,0,0,37.1,32,24,22,4,23,0,26,1,0,0,167,82,4.95,1.473,7.7,1.0,5.5,6.3,1.13
16,,Franklin Morales,2011.0,25,1,1,.500,3.62,36,0,9,0,0,0,32.1,30,15,13,4,11,0,31,2,1,1,134,120,3.92,1.268,8.4,1.1,3.1,8.6,2.82
17,,Scott Atchison,2011.0,35,1,0,1.000,3.26,17,0,4,0,0,1,30.1,31,11,11,0,6,0,17,2,0,2,122,133,2.70,1.220,9.2,0.0,1.8,5.0,2.83
18,,Kyle Weiland,2011.0,24,0,3,.000,7.66,7,5,2,0,0,0,24.2,29,22,21,5,12,0,13,4,0,0,118,57,6.55,1.662,10.6,1.8,4.4,4.7,1.08
19,,Michael Bowden,2011.0,24,0,0,,4.05,14,0,9,0,0,0,20.0,19,9,9,3,11,0,17,0,0,3,90,108,4.93,1.500,8.6,1.4,5.0,7.7,1.55
20,,Bobby Jenks,2011.0,30,2,2,.500,6.32,19,0,4,0,0,0,15.2,22,12,11,1,13,0,17,0,1,3,80,69,4.17,2.234,12.6,0.6,7.5,9.8,1.31
21,,Felix Doubront,2011.0,23,0,0,,6.10,11,0,1,0,0,1,10.1,12,7,7,1,8,0,6,0,0,0,47,73,5.44,1.935,10.5,0.9,7.0,5.2,0.75
22,,Hideki Okajima,2011.0,35,1,0,1.000,4.32,7,0,2,0,0,0,8.1,7,4,4,0,5,0,6,0,0,0,36,104,3.39,1.440,7.6,0.0,5.4,6.5,1.20
23,,Randy Williams,2011.0,35,0,1,.000,6.48,7,0,1,0,0,0,8.1,10,6,6,0,5,0,6,0,0,1,40,69,3.39,1.800,10.8,0.0,5.4,6.5,1.20
24,,Rich Hill,2011.0,31,0,0,,0.00,9,0,3,0,0,0,8.0,3,0,0,0,3,0,12,1,0,1,30,,1.53,0.750,3.4,0.0,3.4,13.5,4.00
25,,Tommy Hottovy,2011.0,29,0,0,,6.75,8,0,1,0,0,0,4.0,4,3,3,0,3,0,2,1,0,0,19,69,5.03,1.750,9.0,0.0,6.8,4.5,0.67
26,,Junichi Tazawa,2011.0,25,0,0,,6.00,3,0,2,0,0,0,3.0,3,2,2,1,1,0,4,0,0,0,13,80,5.69,1.333,9.0,3.0,3.0,12.0,4.00
27,,Trever Miller,2011.0,38,0,0,,0.00,3,0,1,0,0,0,2.0,0,0,0,0,0,0,1,0,0,0,6,,2.03,0.000,0.0,0.0,0.0,4.5,
28,,Dennys Reyes,2011.0,34,0,0,,16.20,4,0,0,0,0,0,1.2,2,3,3,0,2,0,1,2,0,0,10,32,9.03,2.400,10.8,0.0,10.8,5.4,0.50
29,,Darnell McDonald,2011.0,32,0,0,,18.00,1,0,1,0,0,0,1.0,1,2,2,0,2,0,0,0,0,0,6,32,9.03,3.000,9.0,0.0,18.0,0.0,0.00
1,SP,Ryan Dempster,2011.0,34,10,14,.417,4.80,34,34,0,0,0,0,202.1,211,111,108,23,82,2,191,5,0,7,881,81,3.90,1.448,9.4,1.0,3.6,8.5,2.33
2,SP,Matt Garza,2011.0,27,10,10,.500,3.32,31,31,0,2,0,0,198.0,186,90,73,14,63,5,197,3,0,6,839,118,2.95,1.258,8.5,0.6,2.9,9.0,3.13
3,SP,Carlos Zambrano,2011.0,30,9,7,.563,4.82,24,24,0,0,0,0,145.2,154,80,78,19,56,4,101,5,0,1,634,81,4.59,1.442,9.5,1.2,3.5,6.2,1.80
4,SP,Randy Wells,2011.0,28,7,6,.538,4.99,23,23,0,2,1,0,135.1,141,76,75,23,47,4,82,2,0,8,583,78,5.11,1.389,9.4,1.5,3.1,5.5,1.74
5,SP,Rodrigo Lopez,2011.0,35,6,6,.500,4.42,26,16,3,0,0,0,97.2,116,56,48,18,29,3,54,5,0,0,430,88,5.36,1.485,10.7,1.7,2.7,5.0,1.86
6,SP,Casey Coleman,2011.0,23,3,9,.250,6.40,19,17,1,0,0,0,84.1,102,62,60,10,46,3,75,4,1,3,398,61,4.57,1.755,10.9,1.1,4.9,8.0,1.63
8,CL,Carlos Marmol,2011.0,28,2,6,.250,4.01,75,0,61,0,0,34,74.0,54,33,33,5,48,2,99,9,0,4,327,98,3.54,1.378,6.6,0.6,5.8,12.0,2.06
9,RP,Jeff Samardzija,2011.0,26,8,4,.667,2.97,75,0,18,0,0,0,88.0,64,35,29,5,50,3,87,5,0,8,380,132,3.66,1.295,6.5,0.5,5.1,8.9,1.74
10,RP,Sean Marshall,2011.0,28,6,6,.500,2.26,78,0,18,0,0,5,75.2,66,21,19,1,17,4,79,2,1,0,307,173,1.86,1.097,7.9,0.1,2.0,9.4,4.65
11,RP,James Russell,2011.0,25,1,6,.143,4.12,64,5,10,0,0,0,67.2,76,37,31,12,14,4,43,2,0,1,292,95,4.77,1.330,10.1,1.6,1.9,5.7,3.07
12,RP,John Grabow,2011.0,32,3,1,.750,4.76,58,0,22,0,0,0,62.1,67,39,33,9,28,4,38,1,3,3,282,82,5.08,1.524,9.7,1.3,4.0,5.5,1.36
14,,Kerry Wood,2011.0,34,3,5,.375,3.35,55,0,7,0,0,1,51.0,45,23,19,5,21,2,57,5,0,5,224,117,3.59,1.294,7.9,0.9,3.7,10.1,2.71
15,,Doug Davis,2011.0,35,1,7,.125,6.50,9,9,0,0,0,0,45.2,59,38,33,2,26,1,36,2,0,0,224,60,3.86,1.861,11.6,0.4,5.1,7.1,1.38
16,,Ramon Ortiz,2011.0,38,1,2,.333,4.86,22,2,5,0,0,0,33.1,31,20,18,6,11,2,25,0,0,1,141,81,4.86,1.260,8.4,1.6,3.0,6.8,2.27
17,,Marcos Mateo,2011.0,27,1,2,.333,4.30,23,0,8,0,0,0,23.0,24,11,11,2,10,0,25,0,0,1,98,92,3.29,1.478,9.4,0.8,3.9,9.8,2.50
18,,Justin Berg,2011.0,27,0,0,,3.75,8,0,0,0,0,0,12.0,11,5,5,1,6,1,6,2,0,0,52,107,5.11,1.417,8.3,0.8,4.5,4.5,1.00
19,,Andrew Cashner,2011.0,24,0,0,,1.69,7,1,0,0,0,0,10.2,3,2,2,1,4,0,8,0,0,0,39,239,3.87,0.656,2.5,0.8,3.4,6.8,2.00
20,,Chris Carpenter,2011.0,25,0,0,,2.79,10,0,1,0,0,0,9.2,12,3,3,1,7,1,8,0,0,2,47,145,4.89,1.966,11.2,0.9,6.5,7.4,1.14
21,,Scott Maine,2011.0,26,0,0,,10.29,7,0,3,0,0,0,7.0,11,8,8,4,5,0,5,0,0,0,37,40,11.17,2.286,14.1,5.1,6.4,6.4,1.00
22,,Jeff Stevens,2011.0,27,0,0,,5.14,4,0,1,0,0,0,7.0,4,4,4,1,7,0,4,1,0,0,31,80,7.17,1.571,5.1,1.3,9.0,5.1,0.57
23,,John Gaub,2011.0,26,0,0,,6.75,4,0,0,0,0,0,2.2,2,2,2,0,2,0,3,0,0,1,12,66,3.03,1.500,6.8,0.0,6.8,10.1,1.50
24,,Rafael Dolis,2011.0,23,0,0,,0.00,1,0,0,0,0,0,1.1,0,0,0,0,1,0,1,0,0,0,4,,3.78,0.750,0.0,0.0,6.8,6.8,1.00
1,SP,Mark Buehrle,2011.0,32,13,9,.591,3.59,31,31,0,0,0,0,205.1,221,93,82,21,45,3,109,2,0,1,858,121,3.98,1.295,9.7,0.9,2.0,4.8,2.42
2,SP,Gavin Floyd,2011.0,28,12,13,.480,4.37,31,30,1,1,0,0,193.2,180,97,94,22,45,2,151,11,1,12,798,99,3.81,1.162,8.4,1.0,2.1,7.0,3.36
3,SP,John Danks,2011.0,26,8,12,.400,4.33,27,27,0,2,1,0,170.1,182,89,82,19,46,5,135,7,0,6,728,100,3.82,1.339,9.6,1.0,2.4,7.1,2.93
4,SP,Philip Humber,2011.0,28,9,9,.500,3.75,28,26,0,0,0,0,163.0,151,71,68,14,41,2,116,6,1,9,676,116,3.58,1.178,8.3,0.8,2.3,6.4,2.83
5,SP,Edwin Jackson,2011.0,27,7,7,.500,3.92,19,19,0,1,1,0,121.2,134,55,53,8,39,2,97,0,1,7,522,111,3.25,1.422,9.9,0.6,2.9,7.2,2.49
6,SP,Jake Peavy,2011.0,30,7,7,.500,4.92,19,18,0,1,1,0,111.2,117,61,61,10,24,4,95,3,0,4,470,88,3.21,1.263,9.4,0.8,1.9,7.7,3.96
8,CL,Sergio Santos,2011.0,27,4,5,.444,3.55,63,0,50,0,0,30,63.1,41,25,25,6,29,5,92,3,0,5,260,123,2.87,1.105,5.8,0.9,4.1,13.1,3.17
9,RP,Chris Sale,2011.0,22,2,2,.500,2.79,58,0,17,0,0,8,71.0,52,22,22,6,27,3,79,2,0,2,288,156,3.12,1.113,6.6,0.8,3.4,10.0,2.93
10,RP,Jesse Crain,2011.0,29,8,3,.727,2.62,67,0,11,0,0,1,65.1,50,20,19,7,31,5,70,0,1,0,268,166,3.70,1.240,6.9,1.0,4.3,9.6,2.26
11,RP,Matt Thornton,2011.0,34,2,5,.286,3.32,62,0,20,0,0,3,59.2,60,34,22,3,21,5,63,0,0,2,262,131,2.62,1.358,9.1,0.5,3.2,9.5,3.00
12,RP,Will Ohman,2011.0,33,1,3,.250,4.22,59,0,15,0,0,0,53.1,53,26,25,8,17,5,54,4,0,1,232,103,4.13,1.313,8.9,1.4,2.9,9.1,3.18
14,,Zach Stewart,2011.0,24,2,5,.286,6.22,10,8,1,1,1,0,50.2,64,35,35,9,13,1,35,1,0,1,222,70,4.78,1.520,11.4,1.6,2.3,6.2,2.69
15,,Tony Pena,2011.0,29,1,1,.500,6.20,17,0,10,0,0,0,20.1,25,15,14,2,10,2,17,0,0,0,97,71,4.11,1.721,11.1,0.9,4.4,7.5,1.70
16,,Brian Bruney,2011.0,29,1,0,1.000,6.86,23,0,6,0,0,0,19.2,26,15,15,4,12,0,16,0,0,0,93,64,5.87,1.932,11.9,1.8,5.5,7.3,1.33
17,,Dylan Axelrod,2011.0,25,1,0,1.000,2.89,4,3,1,0,0,0,18.2,18,6,6,1,9,2,19,1,0,0,82,152,3.29,1.446,8.7,0.5,4.3,9.2,2.11
18,,Josh Kinney,2011.0,32,0,0,,6.62,13,0,8,0,0,0,17.2,23,13,13,1,7,1,20,2,0,1,81,67,3.03,1.698,11.7,0.5,3.6,10.2,2.86
19,,Jason Frasor,2011.0,33,1,2,.333,5.09,20,0,4,0,0,0,17.2,20,10,10,3,11,2,20,1,0,1,83,87,5.01,1.755,10.2,1.5,5.6,10.2,1.82
20,,Jeff Gray,2011.0,29,0,0,,2.70,6,0,5,0,0,0,13.1,13,4,4,1,4,0,7,1,0,1,57,165,4.08,1.275,8.8,0.7,2.7,4.7,1.75
21,,Addison Reed,2011.0,22,0,0,,3.68,6,0,2,0,0,0,7.1,10,3,3,1,1,0,12,0,0,0,33,123,1.93,1.500,12.3,1.2,1.2,14.7,12.00
22,,Shane Lindsay,2011.0,26,0,0,,12.00,4,0,2,0,0,0,6.0,11,8,8,1,5,0,6,0,0,1,34,38,5.69,2.667,16.5,1.5,7.5,9.0,1.20
23,,Hector Santiago,2011.0,23,0,0,,0.00,2,0,1,0,0,0,5.1,1,0,0,0,1,1,2,0,0,1,18,,2.84,0.375,1.7,0.0,1.7,3.4,2.00
24,,Lucas Harrell,2011.0,26,0,0,,7.20,3,0,2,0,0,0,5.0,11,4,4,0,1,0,5,0,0,0,26,64,1.63,2.400,19.8,0.0,1.8,9.0,5.00
1,SP,Bronson Arroyo,2011.0,34,9,12,.429,5.07,32,32,0,1,1,0,199.0,227,119,112,46,45,5,108,6,0,0,855,78,5.71,1.367,10.3,2.1,2.0,4.9,2.40
2,SP,Mike Leake,2011.0,23,12,9,.571,3.86,29,26,2,0,0,0,167.2,159,74,72,23,38,3,118,8,1,2,693,102,4.22,1.175,8.5,1.2,2.0,6.3,3.11
3,SP,Johnny Cueto,2011.0,25,9,5,.643,2.31,24,24,0,3,1,0,156.0,123,51,40,8,47,0,104,10,1,5,631,171,3.45,1.090,7.1,0.5,2.7,6.0,2.21
4,SP,Homer Bailey,2011.0,25,9,7,.563,4.43,22,22,0,0,0,0,132.0,136,68,65,18,33,2,106,5,0,4,561,89,4.06,1.280,9.3,1.2,2.3,7.2,3.21
5,SP,Edinson Volquez,2011.0,27,5,7,.417,5.71,20,20,0,0,0,0,108.2,106,72,69,19,65,3,104,4,2,5,489,69,5.29,1.574,8.8,1.6,5.4,8.6,1.60
6,SP,Travis Wood,2011.0,24,6,6,.500,4.84,22,18,2,0,0,0,106.0,118,57,57,10,40,5,76,4,0,2,463,82,4.06,1.491,10.0,0.8,3.4,6.5,1.90
8,CL,Francisco Cordero,2011.0,36,5,3,.625,2.45,68,0,63,0,0,37,69.2,49,20,19,6,22,0,42,3,1,4,274,161,4.02,1.019,6.3,0.8,2.8,5.4,1.91
9,RP,Nick Masset,2011.0,29,3,6,.333,3.71,75,0,21,0,0,1,70.1,76,30,29,5,31,6,62,1,4,2,313,107,3.55,1.521,9.7,0.6,4.0,7.9,2.00
10,RP,Logan Ondrusek,2011.0,26,5,5,.500,3.23,66,0,14,0,0,0,61.1,55,25,22,6,28,7,41,2,0,6,268,123,4.43,1.353,8.1,0.9,4.1,6.0,1.46
11,RP,Aroldis Chapman,2011.0,23,4,1,.800,3.60,54,0,13,0,0,1,50.0,24,21,20,2,41,0,71,2,0,4,207,110,3.29,1.300,4.3,0.4,7.4,12.8,1.73
12,RP,Bill Bray,2011.0,28,5,3,.625,2.98,79,0,11,0,0,0,48.1,35,16,16,3,17,3,44,2,0,1,196,133,3.19,1.076,6.5,0.6,3.2,8.2,2.59
14,,Sam LeCure,2011.0,27,2,1,.667,3.71,43,4,7,0,0,0,77.2,57,33,32,10,21,3,73,4,0,0,307,107,3.78,1.004,6.6,1.2,2.4,8.5,3.48
15,,Dontrelle Willis,2011.0,29,1,6,.143,5.00,13,13,0,0,0,0,75.2,78,42,42,6,37,2,57,2,0,8,334,79,4.10,1.520,9.3,0.7,4.4,6.8,1.54
16,,Jose Arredondo,2011.0,27,4,4,.500,3.23,53,0,10,0,0,0,53.0,43,21,19,5,31,5,48,2,2,4,226,123,4.31,1.396,7.3,0.8,5.3,8.2,1.55
17,,Carlos Fisher,2011.0,28,0,3,.000,4.50,17,0,8,0,0,0,24.0,25,15,12,3,11,1,17,1,0,1,110,89,4.73,1.500,9.4,1.1,4.1,6.4,1.55
18,,Jordan Smith,2011.0,25,0,0,,7.20,17,0,1,0,0,0,20.0,32,16,16,3,8,1,13,1,1,2,94,56,5.03,2.000,14.4,1.4,3.6,5.9,1.63
19,,Matt Maloney,2011.0,27,0,3,.000,9.16,8,2,1,0,0,0,18.2,36,21,19,7,4,0,13,1,0,0,96,44,7.31,2.143,17.4,3.4,1.9,6.3,3.25
20,,Jeremy Horst,2011.0,25,0,0,,2.93,12,0,4,0,0,0,15.1,18,6,5,2,6,1,9,0,1,0,69,137,4.72,1.565,10.6,1.2,3.5,5.3,1.50
21,,Chad Reineke,2011.0,29,0,1,.000,6.75,2,1,0,0,0,0,6.2,5,6,5,2,6,0,3,1,0,1,30,62,9.18,1.650,6.8,2.7,8.1,4.1,0.50
22,,Jared Burton,2011.0,30,0,0,,3.86,6,0,1,0,0,0,4.2,6,2,2,1,3,0,3,0,0,0,23,111,6.45,1.929,11.6,1.9,5.8,5.8,1.00
23,,Daryl Thompson,2011.0,25,0,1,.000,15.00,1,0,0,0,0,0,3.0,6,5,5,0,5,0,0,0,0,0,20,30,8.03,3.667,18.0,0.0,15.0,0.0,0.00
1,SP,Justin Masterson,2011.0,26,12,10,.545,3.21,34,33,0,1,0,0,216.0,211,89,77,11,65,4,158,11,0,5,908,122,3.28,1.278,8.8,0.5,2.7,6.6,2.43
2,SP,Roberto Hernandez,2011.0,30,7,15,.318,5.25,32,32,0,0,0,0,188.2,205,125,110,22,60,3,109,14,1,3,833,75,4.56,1.405,9.8,1.0,2.9,5.2,1.82
3,SP,Josh Tomlin,2011.0,26,12,7,.632,4.25,26,26,0,0,0,0,165.1,157,80,78,24,21,2,89,3,0,3,662,93,4.27,1.077,8.5,1.3,1.1,4.8,4.24
4,SP,Carlos Carrasco,2011.0,24,8,9,.471,4.62,21,21,0,1,0,0,124.2,130,68,64,15,40,3,85,4,0,3,536,85,4.28,1.364,9.4,1.1,2.9,6.1,2.13
5,SP,Ubaldo Jimenez,2011.0,27,4,4,.500,5.10,11,11,0,0,0,0,65.1,68,43,37,7,27,0,62,2,0,2,290,77,3.85,1.454,9.4,1.0,3.7,8.5,2.30
6,SP,Mitch Talbot,2011.0,27,2,6,.250,6.64,12,12,0,0,0,0,63.2,90,47,47,10,28,2,36,3,0,1,299,59,5.40,1.853,12.7,1.4,4.0,5.1,1.29
8,CL,Chris Perez,2011.0,25,4,7,.364,3.32,64,0,57,0,0,36,59.2,46,24,22,5,26,4,39,3,0,1,248,119,4.27,1.207,6.9,0.8,3.9,5.9,1.50
9,RP,Joe Smith,2011.0,27,3,3,.500,2.01,71,0,13,0,0,0,67.0,52,16,15,1,21,1,45,2,0,2,267,196,2.91,1.090,7.0,0.1,2.8,6.0,2.14
10,RP,Rafael Perez,2011.0,29,5,2,.714,3.00,71,0,7,0,0,0,63.0,59,27,21,2,19,0,33,0,1,3,257,131,3.29,1.238,8.4,0.3,2.7,4.7,1.74
11,RP,Tony Sipp,2011.0,27,6,3,.667,3.03,69,0,17,0,0,0,62.1,45,22,21,10,24,3,57,0,1,2,251,130,4.44,1.107,6.5,1.4,3.5,8.2,2.38
12,RP,Vinnie Pestano,2011.0,26,1,2,.333,2.32,67,0,20,0,0,2,62.0,41,16,16,5,24,3,84,3,0,0,250,170,2.67,1.048,6.0,0.7,3.5,12.2,3.50
14,,Chad Durbin,2011.0,33,2,2,.500,5.53,56,0,11,0,0,0,68.1,86,45,42,12,26,3,59,3,0,6,318,71,4.85,1.639,11.3,1.6,3.4,7.8,2.27
15,,Jeanmar Gomez,2011.0,23,5,3,.625,4.47,11,10,0,0,0,0,58.1,73,31,29,6,15,1,31,1,0,2,259,88,4.12,1.509,11.3,0.9,2.3,4.8,2.07
16,,Frank Herrmann,2011.0,27,4,0,1.000,5.11,40,0,17,0,0,0,56.1,71,35,32,7,16,1,34,0,0,1,253,77,4.29,1.544,11.3,1.1,2.6,5.4,2.13
17,,David Huff,2011.0,26,2,6,.250,4.09,11,10,1,0,0,0,50.2,55,35,23,6,17,1,36,0,0,4,227,97,4.15,1.421,9.8,1.1,3.0,6.4,2.12
18,,Zach McAllister,2011.0,23,0,1,.000,6.11,4,4,0,0,0,0,17.2,26,16,12,1,7,1,14,0,0,0,84,66,3.36,1.868,13.2,0.5,3.6,7.1,2.00
19,,Alex White,2011.0,22,1,0,1.000,3.60,3,3,0,0,0,0,15.0,14,7,6,3,9,2,13,0,0,0,66,112,5.69,1.533,8.4,1.8,5.4,7.8,1.44
20,,Josh Judy,2011.0,25,0,0,,7.07,12,0,4,0,0,0,14.0,18,11,11,4,4,0,10,4,0,0,66,57,7.03,1.571,11.6,2.6,2.6,6.4,2.50
21,,Justin Germano,2011.0,28,0,1,.000,5.68,9,0,5,0,0,0,12.2,15,8,8,1,5,0,5,2,0,0,60,71,4.92,1.579,10.7,0.7,3.6,3.6,1.00
22,,Nick Hagadone,2011.0,25,1,0,1.000,4.09,9,0,3,0,0,0,11.0,4,6,5,0,6,0,11,1,0,2,42,99,2.93,0.909,3.3,0.0,4.9,9.0,1.83
23,,Zach Putnam,2011.0,23,1,1,.500,6.14,8,0,3,0,0,0,7.1,10,5,5,1,0,0,9,2,0,1,34,67,3.16,1.364,12.3,1.2,0.0,11.0,
24,,Corey Kluber,2011.0,25,0,0,,8.31,3,0,2,0,0,0,4.1,6,4,4,0,3,0,5,2,0,1,25,51,4.18,2.077,12.5,0.0,6.2,10.4,1.67
1,SP,Jhoulys Chacin,2011.0,23,11,14,.440,3.62,31,31,0,2,1,0,194.0,168,87,78,20,87,1,150,4,0,7,827,126,4.23,1.314,7.8,0.9,4.0,7.0,1.72
2,SP,Jason Hammel,2011.0,28,7,13,.350,4.76,32,27,2,0,0,1,170.1,175,100,90,21,68,3,94,6,1,8,739,96,4.83,1.427,9.2,1.1,3.6,5.0,1.38
3,SP,Ubaldo Jimenez,2011.0,27,6,9,.400,4.46,21,21,0,2,1,0,123.0,118,68,61,10,51,5,118,7,0,6,532,102,3.58,1.374,8.6,0.7,3.7,8.6,2.31
4,SP,Aaron Cook,2011.0,32,3,10,.231,6.03,18,17,0,0,0,0,97.0,127,67,65,9,37,5,48,5,0,3,441,76,4.54,1.691,11.8,0.8,3.4,4.5,1.30
5,SP,Esmil Rogers,2011.0,25,6,6,.500,7.05,18,13,1,0,0,0,83.0,110,65,65,14,47,5,63,6,1,5,404,65,5.62,1.892,11.9,1.5,5.1,6.8,1.34
6,SP,Juan Nicasio,2011.0,24,4,4,.500,4.14,13,13,0,0,0,0,71.2,73,35,33,8,18,3,58,1,0,1,299,110,3.65,1.270,9.2,1.0,2.3,7.3,3.22
8,CL,Huston Street,2011.0,27,1,4,.200,3.86,62,0,47,0,0,29,58.1,62,28,25,10,9,1,55,1,0,0,239,119,3.88,1.217,9.6,1.5,1.4,8.5,6.11
9,RP,Matt Belisle,2011.0,31,10,4,.714,3.25,74,0,10,0,0,0,72.0,77,33,26,5,14,3,58,4,0,2,301,141,3.07,1.264,9.6,0.6,1.8,7.3,4.14
10,RP,Rafael Betancourt,2011.0,36,2,0,1.000,2.89,68,0,24,0,0,8,62.1,46,21,20,7,8,0,73,0,2,1,237,158,2.53,0.866,6.6,1.0,1.2,10.5,9.13
11,RP,Matt Lindstrom,2011.0,31,2,2,.500,3.00,63,0,16,0,0,2,54.0,52,21,18,3,14,4,36,2,0,2,226,152,3.30,1.222,8.7,0.5,2.3,6.0,2.57
12,RP,Matt Reynolds,2011.0,26,1,2,.333,4.09,73,0,9,0,0,0,50.2,48,24,23,10,18,5,50,0,2,5,211,112,4.68,1.303,8.5,1.8,3.2,8.9,2.78
14,,Jorge De La Rosa,2011.0,30,5,2,.714,3.51,10,10,0,1,0,0,59.0,48,25,23,4,22,0,52,2,1,6,245,130,3.36,1.186,7.3,0.6,3.4,7.9,2.36
15,,Clayton Mortensen,2011.0,26,2,4,.333,3.86,16,6,6,0,0,0,58.1,55,30,25,9,24,2,30,2,0,3,244,119,5.34,1.354,8.5,1.4,3.7,4.6,1.25
16,,Kevin Millwood,2011.0,36,4,3,.571,3.98,9,9,0,0,0,0,54.1,58,26,24,9,8,0,36,0,0,2,222,115,4.29,1.215,9.6,1.5,1.3,6.0,4.50
17,,Rex Brothers,2011.0,23,1,2,.333,2.88,48,0,6,0,0,1,40.2,33,14,13,4,20,2,59,0,0,2,172,159,2.88,1.303,7.3,0.9,4.4,13.1,2.95
18,,Alex White,2011.0,22,2,4,.333,8.42,7,7,0,0,0,0,36.1,48,35,34,12,16,1,24,4,0,5,171,54,7.65,1.761,11.9,3.0,4.0,5.9,1.50
19,,Greg Reynolds,2011.0,25,3,0,1.000,6.19,13,3,3,0,0,0,32.0,40,22,22,6,10,2,18,1,0,1,144,74,5.37,1.563,11.3,1.7,2.8,5.1,1.80
20,,Edgmer Escalona,2011.0,24,0,0,,1.75,14,0,5,0,0,0,25.2,17,5,5,3,7,2,14,0,0,0,99,263,4.27,0.935,6.0,1.1,2.5,4.9,2.00
21,,Drew Pomeranz,2011.0,22,2,1,.667,5.40,4,4,0,0,0,0,18.1,19,11,11,0,5,0,13,1,0,1,77,86,2.59,1.309,9.3,0.0,2.5,6.4,2.60
22,,Josh Roenicke,2011.0,28,0,0,,3.78,19,0,6,0,0,0,16.2,14,7,7,1,7,1,12,1,0,1,68,123,3.81,1.260,7.6,0.5,3.8,6.5,1.71
23,,Felipe Paulino,2011.0,27,0,4,.000,7.36,18,0,8,0,0,0,14.2,23,12,12,3,7,0,14,0,0,1,68,63,5.21,2.045,14.1,1.8,4.3,8.6,2.00
24,,Franklin Morales,2011.0,25,0,1,.000,3.86,14,0,4,0,0,0,14.0,10,6,6,2,8,1,11,0,0,1,59,121,5.03,1.286,6.4,1.3,5.1,7.1,1.38
25,,Eric Stults,2011.0,31,0,0,,6.00,6,0,2,0,0,0,12.0,11,8,8,4,4,1,7,1,0,0,53,78,7.44,1.250,8.3,3.0,3.0,5.3,1.75
26,,J.C. Romero,2011.0,35,1,0,1.000,4.32,12,0,2,0,0,0,8.1,12,7,4,1,3,0,9,0,0,0,41,109,3.51,1.800,13.0,1.1,3.2,9.7,3.00
27,,Jim Miller,2011.0,29,0,0,,2.57,6,0,4,0,0,0,7.0,3,2,2,0,4,0,5,0,0,0,29,185,3.31,1.000,3.9,0.0,5.1,6.4,1.25
28,,Matt Daley,2011.0,29,0,0,,10.50,7,0,0,0,0,0,6.0,8,7,7,1,2,0,7,0,0,0,27,46,3.86,1.667,12.0,1.5,3.0,10.5,3.50
29,,Alan Johnson,2011.0,27,0,0,,9.00,1,1,0,0,0,0,4.0,6,5,4,0,3,0,3,0,0,1,20,55,3.78,2.250,13.5,0.0,6.8,6.8,1.00
30,,Bruce Billings,2011.0,25,0,0,,4.50,1,0,1,0,0,0,2.0,5,1,1,0,0,0,0,0,0,1,9,118,3.03,2.500,22.5,0.0,0.0,0.0,
31,,Edgar Gonzalez,2011.0,28,0,0,,9.00,1,0,1,0,0,0,2.0,5,2,2,0,1,0,1,0,0,0,11,59,3.53,3.000,22.5,0.0,4.5,4.5,1.00
1,SP,Justin Verlander,2011.0,28,24,5,.828,2.40,34,34,0,4,2,0,251.0,174,73,67,24,57,0,250,3,2,7,969,172,2.99,0.920,6.2,0.9,2.0,9.0,4.39
2,SP,Max Scherzer,2011.0,26,15,9,.625,4.43,33,33,0,0,0,0,195.0,207,101,96,29,56,1,174,7,0,12,833,93,4.14,1.349,9.6,1.3,2.6,8.0,3.11
3,SP,Rick Porcello,2011.0,22,14,9,.609,4.75,31,31,0,0,0,0,182.0,210,103,96,18,46,1,104,8,0,12,784,87,4.06,1.407,10.4,0.9,2.3,5.1,2.26
4,SP,Brad Penny,2011.0,33,11,11,.500,5.30,31,31,0,0,0,0,181.2,222,117,107,24,62,1,74,4,0,9,803,78,5.02,1.563,11.0,1.2,3.1,3.7,1.19
6,CL,Jose Valverde,2011.0,33,2,4,.333,2.24,75,0,70,0,0,49,72.1,52,21,18,5,34,4,69,3,1,3,301,185,3.55,1.189,6.5,0.6,4.2,8.6,2.03
7,RP,Phil Coke,2011.0,28,3,9,.250,4.47,48,14,6,0,0,1,108.2,118,64,54,5,40,5,69,4,0,4,474,93,3.57,1.454,9.8,0.4,3.3,5.7,1.73
8,RP,Joaquin Benoit,2011.0,33,4,3,.571,2.95,66,0,13,0,0,2,61.0,47,22,20,5,17,1,63,2,0,3,241,141,2.96,1.049,6.9,0.7,2.5,9.3,3.71
9,RP,Daniel Schlereth,2011.0,25,2,2,.500,3.49,49,0,16,0,0,0,49.0,36,20,19,6,31,3,44,5,0,6,212,119,5.03,1.367,6.6,1.1,5.7,8.1,1.42
10,RP,Al Alburquerque,2011.0,25,6,1,.857,1.87,41,0,11,0,0,0,43.1,21,9,9,0,29,4,67,2,0,4,182,223,2.08,1.154,4.4,0.0,6.0,13.9,2.31
12,,Doug Fister,2011.0,27,8,1,.889,1.79,11,10,0,0,0,0,70.1,54,19,14,4,5,0,57,3,0,0,273,231,2.48,0.839,6.9,0.5,0.6,7.3,11.40
13,,Ryan Perry,2011.0,24,2,0,1.000,5.35,36,0,6,0,0,0,37.0,39,25,22,1,21,3,24,2,1,3,168,78,3.94,1.622,9.5,0.2,5.1,5.8,1.14
14,,Charlie Furbush,2011.0,25,1,3,.250,3.62,17,2,1,0,0,0,32.1,36,18,13,5,14,1,26,3,1,0,139,115,5.00,1.546,10.0,1.4,3.9,7.2,1.86
15,,Duane Below,2011.0,25,0,2,.000,4.34,14,2,4,0,0,0,29.0,28,16,14,2,11,2,14,1,0,2,127,96,4.20,1.345,8.7,0.6,3.4,4.3,1.27
16,,David Pauley,2011.0,28,0,2,.000,5.95,14,0,4,0,0,0,19.2,26,14,13,4,6,1,10,1,0,0,89,71,5.72,1.627,11.9,1.8,2.7,4.6,1.67
17,,David Purcey,2011.0,29,1,2,.333,7.23,19,0,6,0,0,0,18.2,21,15,15,1,20,2,12,0,0,0,93,58,5.65,2.196,10.1,0.5,9.6,5.8,0.60
18,,Brayan Villarreal,2011.0,24,1,1,.500,6.75,16,0,4,0,0,0,16.0,21,12,12,3,10,2,14,0,0,1,76,63,5.59,1.938,11.8,1.7,5.6,7.9,1.40
19,,Adam Wilk,2011.0,23,0,0,,5.40,5,0,1,0,0,0,13.1,14,10,8,3,3,0,10,0,0,0,57,78,5.13,1.275,9.5,2.0,2.0,6.8,3.33
20,,Jacob Turner,2011.0,20,0,1,.000,8.53,3,3,0,0,0,0,12.2,17,13,12,3,4,0,8,1,0,0,60,50,6.03,1.658,12.1,2.1,2.8,5.7,2.00
21,,Brad Thomas,2011.0,33,0,1,.000,9.00,12,0,5,0,0,0,11.0,17,12,11,1,6,0,7,1,0,0,56,47,4.84,2.091,13.9,0.8,4.9,5.7,1.17
22,,Andy Oliver,2011.0,23,0,1,.000,6.52,2,2,0,0,0,0,9.2,11,7,7,3,8,0,5,2,0,1,49,66,9.13,1.966,10.2,2.8,7.4,4.7,0.63
23,,Enrique Gonzalez,2011.0,28,0,0,,10.00,8,0,5,0,0,0,9.0,12,10,10,1,7,2,3,0,0,0,44,43,6.14,2.111,12.0,1.0,7.0,3.0,0.43
24,,Lester Oliveros,2011.0,23,0,0,,5.63,9,0,3,0,0,0,8.0,8,5,5,0,4,1,4,0,0,1,35,77,3.53,1.500,9.0,0.0,4.5,4.5,1.00
25,,Chance Ruffin,2011.0,22,0,0,,4.91,2,0,0,0,0,0,3.2,5,2,2,2,0,0,3,0,0,0,16,93,8.48,1.364,12.3,4.9,0.0,7.4,
26,,Luis Marte,2011.0,24,1,0,1.000,2.45,4,0,2,0,0,0,3.2,6,1,1,0,1,0,3,0,0,1,17,185,2.21,1.909,14.7,0.0,2.5,7.4,3.00
27,,Robbie Weinhardt,2011.0,25,0,0,,10.80,2,0,0,0,0,0,1.2,4,2,2,0,0,0,1,0,0,0,9,47,1.83,2.400,21.6,0.0,0.0,5.4,
28,,Don Kelly,2011.0,31,0,0,,0.00,1,0,1,0,0,0,0.1,0,0,0,0,0,0,0,0,0,0,1,,3.03,0.000,0.0,0.0,0.0,0.0,
1,SP,Brett Myers,2011.0,30,7,14,.333,4.46,34,33,1,2,0,0,216.0,226,116,107,31,57,5,160,4,0,7,917,85,4.26,1.310,9.4,1.3,2.4,6.7,2.81
2,SP,Wandy Rodriguez,2011.0,32,11,11,.500,3.49,30,30,0,0,0,0,191.0,182,81,74,25,69,7,166,5,0,5,808,109,4.15,1.314,8.6,1.2,3.3,7.8,2.41
3,SP,Bud Norris,2011.0,26,6,11,.353,3.77,31,31,0,0,0,0,186.0,177,93,78,24,70,7,176,5,2,3,795,100,4.02,1.328,8.6,1.2,3.4,8.5,2.51
4,SP,J.A. Happ,2011.0,28,6,15,.286,5.35,28,28,0,0,0,0,156.1,157,103,93,21,83,5,134,2,2,3,698,71,4.69,1.535,9.0,1.2,4.8,7.7,1.61
5,SP,Jordan Lyles,2011.0,20,2,8,.200,5.36,20,15,2,0,0,0,94.0,107,61,56,14,26,1,67,5,0,0,415,71,4.53,1.415,10.2,1.3,2.5,6.4,2.58
7,CL,Mark Melancon,2011.0,26,8,4,.667,2.78,71,0,47,0,0,20,74.1,65,28,23,5,26,6,66,2,0,1,309,137,3.25,1.224,7.9,0.6,3.1,8.0,2.54
8,RP,Wilton Lopez,2011.0,27,2,6,.250,2.79,73,0,13,0,0,0,71.0,72,26,22,6,18,3,56,3,1,1,298,136,3.43,1.268,9.1,0.8,2.3,7.1,3.11
9,RP,Enerio Del Rosario,2011.0,25,0,3,.000,4.58,54,0,13,0,0,0,53.0,59,30,27,3,31,3,31,3,1,2,250,83,4.52,1.698,10.0,0.5,5.3,5.3,1.00
10,RP,Fernando Rodriguez Jr.,2011.0,27,2,3,.400,3.96,47,0,11,0,0,0,52.1,51,24,23,6,30,5,57,3,0,2,231,96,4.23,1.548,8.8,1.0,5.2,9.8,1.90
11,RP,Sergio Escalona,2011.0,26,2,1,.667,2.93,49,0,5,0,0,0,27.2,24,10,9,3,11,1,25,2,0,2,115,131,4.04,1.265,7.8,1.0,3.6,8.1,2.27
13,,Aneury Rodriguez,2011.0,23,1,6,.143,5.27,43,8,16,0,0,0,85.1,83,57,50,13,32,3,64,2,0,3,369,72,4.70,1.348,8.8,1.4,3.4,6.8,2.00
14,,Henry Sosa,2011.0,25,3,5,.375,5.23,10,10,0,0,0,0,53.1,54,31,31,7,23,1,38,3,1,3,231,73,4.77,1.444,9.1,1.2,3.9,6.4,1.65
15,,Jeff Fulchino,2011.0,31,1,4,.200,5.18,36,0,9,0,0,0,33.0,34,19,19,5,18,3,31,0,0,0,150,74,4.75,1.576,9.3,1.4,4.9,8.5,1.72
16,,Nelson Figueroa,2011.0,37,0,3,.000,8.69,8,5,2,0,0,0,29.0,45,33,28,3,16,0,17,0,0,1,146,44,4.85,2.103,14.0,0.9,5.0,5.3,1.06
17,,David Carpenter,2011.0,25,1,3,.250,2.93,34,0,12,0,0,1,27.2,28,9,9,3,13,7,29,4,1,2,125,131,4.18,1.482,9.1,1.0,4.2,9.4,2.23
18,,Fernando Abad,2011.0,25,1,4,.200,7.32,29,0,1,0,0,0,19.2,28,18,16,5,9,0,15,1,0,0,99,53,6.33,1.881,12.8,2.3,4.1,6.9,1.67
19,,Jose Valdez,2011.0,28,0,0,,9.00,12,0,7,0,0,0,14.0,17,14,14,2,7,1,15,1,0,1,65,43,4.45,1.714,10.9,1.3,4.5,9.6,2.14
20,,Brandon Lyon,2011.0,31,3,3,.500,11.48,15,0,13,0,0,4,13.1,27,17,17,4,5,1,6,0,0,1,71,34,7.15,2.400,18.2,2.7,3.4,4.1,1.20
21,,Lucas Harrell,2011.0,26,0,2,.000,3.46,6,2,0,0,0,0,13.0,12,8,5,0,7,0,10,1,1,1,60,113,3.33,1.462,8.3,0.0,4.8,6.9,1.43
22,,Wesley Wright,2011.0,26,0,0,,1.50,21,0,5,0,0,0,12.0,6,2,2,1,5,0,11,0,0,1,44,261,3.53,0.917,4.5,0.8,3.8,8.3,2.20
23,,Juan Abreu,2011.0,26,0,0,,2.70,7,0,2,0,0,0,6.2,6,2,2,1,3,0,12,5,0,0,34,149,4.98,1.350,8.1,1.4,4.1,16.2,4.00
24,,Lance Pendleton,2011.0,27,0,0,,17.36,4,0,1,0,0,0,4.2,10,9,9,4,1,0,5,2,0,0,27,24,13.95,2.357,19.3,7.7,1.9,9.6,5.00
25,,Xavier Cedeno,2011.0,24,0,0,,27.00,3,0,0,0,0,0,1.2,7,5,5,2,0,0,0,0,0,0,11,17,18.63,4.200,37.8,10.8,0.0,0.0,
1,SP,Luke Hochevar,2011.0,27,11,11,.500,4.68,31,31,0,0,0,0,198.0,192,110,103,23,62,4,128,7,2,7,835,87,4.29,1.283,8.7,1.0,2.8,5.8,2.06
2,SP,Jeff Francis,2011.0,30,6,16,.273,4.82,31,31,0,1,0,0,183.0,224,102,98,19,39,5,91,5,1,5,803,85,4.10,1.437,11.0,0.9,1.9,4.5,2.33
3,SP,Bruce Chen,2011.0,34,12,8,.600,3.77,25,25,0,1,0,0,155.0,152,71,65,18,50,2,97,7,0,2,654,108,4.39,1.303,8.8,1.0,2.9,5.6,1.94
4,SP,Felipe Paulino,2011.0,27,4,6,.400,4.11,21,20,0,0,0,0,124.2,123,62,57,10,48,2,119,8,1,6,531,100,3.51,1.372,8.9,0.7,3.5,8.6,2.48
5,SP,Danny Duffy,2011.0,22,4,8,.333,5.64,20,20,0,0,0,0,105.1,119,66,66,15,51,1,87,5,1,4,474,73,4.82,1.614,10.2,1.3,4.4,7.4,1.71
6,SP,Kyle Davies,2011.0,27,1,9,.100,6.75,13,13,0,0,0,0,61.1,84,52,46,7,26,2,50,5,0,4,293,61,4.39,1.793,12.3,1.0,3.8,7.3,1.92
8,CL,Joakim Soria,2011.0,27,5,5,.500,4.03,60,0,47,0,0,28,60.1,60,29,27,7,17,0,60,2,0,1,256,102,3.49,1.276,9.0,1.0,2.5,9.0,3.53
9,RP,Blake Wood,2011.0,25,5,3,.625,3.75,55,0,20,0,0,1,69.2,66,30,29,5,32,7,62,3,0,2,303,110,3.69,1.407,8.5,0.6,4.1,8.0,1.94
10,RP,Tim Collins,2011.0,21,4,4,.500,3.63,68,0,18,0,0,0,67.0,52,28,27,5,48,2,60,2,0,3,295,113,4.44,1.493,7.0,0.7,6.4,8.1,1.25
11,RP,Aaron Crow,2011.0,24,4,4,.500,2.76,57,0,19,0,0,0,62.0,55,20,19,8,31,2,65,0,1,9,266,149,4.11,1.387,8.0,1.2,4.5,9.4,2.10
12,RP,Louis Coleman,2011.0,25,1,4,.200,2.87,48,0,11,0,0,1,59.2,44,20,19,9,26,6,64,3,0,4,244,143,4.30,1.173,6.6,1.4,3.9,9.7,2.46
14,,Nathan Adcock,2011.0,23,1,1,.500,4.62,24,3,5,0,0,1,60.1,63,34,31,5,26,3,36,3,1,4,265,89,4.35,1.475,9.4,0.7,3.9,5.4,1.38
15,,Greg Holland,2011.0,25,5,1,.833,1.80,46,0,15,0,0,4,60.0,37,13,12,3,19,3,74,1,0,7,233,228,2.21,0.933,5.6,0.5,2.9,11.1,3.89
16,,Sean O'Sullivan,2011.0,23,2,6,.250,7.25,12,10,1,0,0,0,58.1,78,52,47,10,26,1,19,2,0,3,273,57,6.04,1.783,12.0,1.5,4.0,2.9,0.73
17,,Everett Teaford,2011.0,27,2,1,.667,3.27,26,3,7,0,0,1,44.0,36,17,16,8,14,0,28,1,0,2,175,126,5.14,1.136,7.4,1.6,2.9,5.7,2.00
18,,Vin Mazzaro,2011.0,24,1,1,.500,8.26,7,4,2,0,0,0,28.1,39,26,26,4,15,1,10,1,0,2,131,50,5.85,1.906,12.4,1.3,4.8,3.2,0.67
19,,Jeremy Jeffress,2011.0,23,1,1,.500,4.70,14,0,6,0,0,1,15.1,12,8,8,1,11,0,13,0,0,1,67,89,4.33,1.500,7.0,0.6,6.5,7.6,1.18
20,,Luis Mendoza,2011.0,27,2,0,1.000,1.23,2,2,0,0,0,0,14.2,11,3,2,0,5,0,7,2,0,0,60,341,3.50,1.091,6.8,0.0,3.1,4.3,1.40
21,,Jesse Chavez,2011.0,27,0,0,,10.57,4,0,3,0,0,0,7.2,12,9,9,3,5,0,8,0,0,0,39,41,7.98,2.217,14.1,3.5,5.9,9.4,1.60
22,,Rob Tejeda,2011.0,29,0,1,.000,6.14,9,0,3,0,0,0,7.1,12,5,5,2,3,0,2,0,0,2,35,70,7.25,2.045,14.7,2.5,3.7,2.5,0.67
23,,Kanekoa Texeira,2011.0,25,0,0,,2.84,6,0,2,0,0,0,6.1,13,2,2,0,3,1,0,0,0,1,35,152,4.45,2.526,18.5,0.0,4.3,0.0,0.00
24,,Kelvin Herrera,2011.0,21,0,1,.000,13.50,2,0,0,0,0,0,2.0,2,3,3,1,0,0,0,1,0,0,9,36,11.03,1.000,9.0,4.5,0.0,0.0,
25,,Mitch Maier,2011.0,29,0,0,,0.00,1,0,1,0,0,0,1.0,1,0,0,0,0,0,0,0,0,0,4,,3.03,1.000,9.0,0.0,0.0,0.0,
1,SP,Dan Haren,2011.0,30,16,10,.615,3.17,35,34,1,4,3,0,238.1,211,91,84,20,33,1,192,5,0,6,953,119,2.98,1.024,8.0,0.8,1.2,7.3,5.82
2,SP,Jered Weaver,2011.0,28,18,8,.692,2.41,33,33,0,4,2,0,235.2,182,65,63,20,56,0,198,3,0,8,926,156,3.20,1.010,7.0,0.8,2.1,7.6,3.54
3,SP,Ervin Santana,2011.0,28,11,12,.478,3.38,33,33,0,4,1,0,228.2,207,95,86,26,72,4,178,8,1,10,949,111,4.00,1.220,8.1,1.0,2.8,7.0,2.47
4,SP,Joel Pineiro,2011.0,32,7,7,.500,5.13,27,24,2,0,0,0,145.2,182,90,83,16,38,3,62,2,0,2,631,73,4.43,1.510,11.2,1.0,2.3,3.8,1.63
5,SP,Tyler Chatwood,2011.0,21,6,11,.353,4.75,27,25,0,0,0,0,142.0,166,81,75,14,71,4,74,6,1,3,633,79,4.89,1.669,10.5,0.9,4.5,4.7,1.04
7,CL,Jordan Walden,2011.0,23,5,5,.500,2.98,62,0,42,0,0,32,60.1,49,22,20,3,26,3,67,1,0,6,253,127,2.79,1.243,7.3,0.4,3.9,10.0,2.58
8,RP,Hisanori Takahashi,2011.0,36,4,3,.571,3.44,61,0,18,0,0,2,68.0,58,30,26,7,25,8,52,0,0,1,281,110,3.94,1.221,7.7,0.9,3.3,6.9,2.08
9,RP,Rich Thompson,2011.0,26,1,3,.250,3.00,44,0,16,0,0,0,54.0,46,18,18,5,20,0,56,0,1,1,228,126,3.27,1.222,7.7,0.8,3.3,9.3,2.80
10,RP,Scott Downs,2011.0,35,6,3,.667,1.34,60,0,10,0,0,1,53.2,39,11,8,3,15,3,35,0,0,2,218,282,3.29,1.006,6.5,0.5,2.5,5.9,2.33
11,RP,Fernando Rodney,2011.0,34,3,5,.375,4.50,39,0,15,0,0,3,32.0,26,18,16,1,28,0,26,3,0,2,150,85,4.71,1.688,7.3,0.3,7.9,7.3,0.93
13,,Jerome Williams,2011.0,29,4,0,1.000,3.68,10,6,1,0,0,0,44.0,45,20,18,6,15,0,28,1,0,0,184,103,4.62,1.364,9.2,1.2,3.1,5.7,1.87
14,,Bobby Cassevah,2011.0,25,1,1,.500,2.72,30,0,6,0,0,0,39.2,28,12,12,1,19,2,24,1,0,3,157,139,3.66,1.185,6.4,0.2,4.3,5.4,1.26
15,,Trevor Bell,2011.0,24,1,1,.500,3.41,19,0,14,0,0,0,34.1,39,14,13,2,10,1,17,1,0,2,146,112,3.75,1.427,10.2,0.5,2.6,4.5,1.70
16,,Matt Palmer,2011.0,32,1,1,.500,5.74,3,3,0,0,0,0,15.2,19,11,10,0,4,0,7,1,0,0,69,67,3.09,1.468,10.9,0.0,2.3,4.0,1.75
17,,Garrett Richards,2011.0,23,0,2,.000,5.79,7,3,2,0,0,0,14.0,16,11,9,4,7,0,9,0,0,2,62,67,6.95,1.643,10.3,2.6,4.5,5.8,1.29
18,,Francisco Rodriguez,2011.0,28,0,0,,4.61,10,0,4,0,0,0,13.2,13,7,7,2,5,0,7,0,0,0,59,84,5.00,1.317,8.6,1.3,3.3,4.6,1.40
19,,Kevin Jepsen,2011.0,26,1,2,.333,7.62,16,0,5,0,0,0,13.0,21,11,11,2,9,4,6,1,0,5,68,51,6.41,2.308,14.5,1.4,6.2,4.2,0.67
20,,Michael Kohn,2011.0,25,0,1,.000,7.30,14,0,7,0,0,1,12.1,14,10,10,6,9,0,9,1,0,1,60,53,10.32,1.865,10.2,4.4,6.6,6.6,1.00
21,,Jason Bulger,2011.0,32,0,1,.000,0.96,5,0,4,0,0,0,9.1,6,4,1,2,10,1,7,0,0,0,43,407,7.53,1.714,5.8,1.9,9.6,6.8,0.70
22,,Horacio Ramirez,2011.0,31,1,0,1.000,6.00,12,0,3,0,0,0,9.0,16,7,6,1,2,0,4,0,0,1,40,65,4.25,2.000,16.0,1.0,2.0,4.0,2.00
23,,Scott Kazmir,2011.0,27,0,0,,27.00,1,1,0,0,0,0,1.2,5,5,5,1,2,0,0,2,1,0,14,17,18.03,4.200,27.0,5.4,10.8,0.0,0.00
1,SP,Clayton Kershaw,2011.0,23,21,5,.808,2.28,33,33,0,5,2,0,233.1,174,66,59,15,54,2,248,3,1,5,912,161,2.47,0.977,6.7,0.6,2.1,9.6,4.59
2,SP,Hiroki Kuroda,2011.0,36,13,16,.448,3.07,32,32,0,0,0,0,202.0,196,77,69,24,49,6,161,5,1,12,838,120,3.78,1.213,8.7,1.1,2.2,7.2,3.29
3,SP,Ted Lilly,2011.0,35,12,14,.462,3.97,33,33,0,0,0,0,192.2,172,88,85,28,51,8,158,9,2,2,800,93,4.21,1.157,8.0,1.3,2.4,7.4,3.10
4,SP,Chad Billingsley,2011.0,26,11,11,.500,4.21,32,32,0,1,0,0,188.0,189,98,88,14,84,4,152,7,0,5,829,87,3.83,1.452,9.0,0.7,4.0,7.3,1.81
6,CL,Javy Guerra,2011.0,25,2,2,.500,2.31,47,0,38,0,0,21,46.2,37,12,12,2,18,1,38,3,0,2,195,160,3.30,1.179,7.1,0.4,3.5,7.3,2.11
7,RP,Matt Guerrier,2011.0,32,4,3,.571,4.07,70,0,12,0,0,1,66.1,59,31,30,4,25,5,50,0,0,2,282,91,3.43,1.266,8.0,0.5,3.4,6.8,2.00
8,RP,Mike MacDougal,2011.0,34,3,1,.750,2.05,69,0,14,0,0,1,57.0,54,16,13,3,29,3,41,3,0,3,247,180,3.95,1.456,8.5,0.5,4.6,6.5,1.41
9,RP,Kenley Jansen,2011.0,23,2,1,.667,2.85,51,0,13,0,0,5,53.2,30,17,17,3,26,0,96,2,2,0,218,130,1.74,1.043,5.0,0.5,4.4,16.1,3.69
10,RP,Blake Hawksworth,2011.0,28,2,5,.286,4.08,49,0,12,0,0,0,53.0,45,29,24,6,17,3,43,0,0,5,219,91,3.84,1.170,7.6,1.0,2.9,7.3,2.53
12,,Rubby De La Rosa,2011.0,22,4,5,.444,3.71,13,10,2,0,0,0,60.2,54,26,25,6,31,3,60,0,0,3,254,100,3.87,1.401,8.0,0.9,4.6,8.9,1.94
13,,Jon Garland,2011.0,31,1,5,.167,4.33,9,9,0,1,0,0,54.0,55,26,26,6,20,0,28,2,1,0,230,85,4.65,1.389,9.2,1.0,3.3,4.7,1.40
14,,Nathan Eovaldi,2011.0,21,1,2,.333,3.63,10,6,1,0,0,0,34.2,28,14,14,2,20,0,23,2,0,0,146,102,4.35,1.385,7.3,0.5,5.2,6.0,1.15
15,,Scott Elbert,2011.0,25,0,1,.000,2.43,47,0,11,0,0,2,33.1,27,9,9,1,14,4,34,1,0,2,139,153,2.73,1.230,7.3,0.3,3.8,9.2,2.43
16,,Dana Eveland,2011.0,27,3,2,.600,3.03,5,5,0,0,0,0,29.2,28,10,10,1,6,0,16,2,0,0,118,123,3.19,1.146,8.5,0.3,1.8,4.9,2.67
17,,Josh Lindblom,2011.0,24,1,0,1.000,2.73,27,0,8,0,0,0,29.2,21,9,9,0,10,3,28,2,0,3,116,136,2.35,1.045,6.4,0.0,3.0,8.5,2.80
18,,Hung-Chih Kuo,2011.0,29,1,2,.333,9.00,40,0,5,0,0,0,27.0,24,29,27,4,23,2,36,2,0,2,127,41,5.06,1.741,8.0,1.3,7.7,12.0,1.57
19,,Ramon Troncoso,2011.0,28,0,0,,6.75,18,0,13,0,0,0,22.2,38,18,17,5,4,1,14,0,0,2,103,55,5.19,1.853,15.1,2.0,1.6,5.6,3.50
20,,Lance Cormier,2011.0,30,0,1,.000,9.88,9,0,8,0,0,0,13.2,22,17,15,4,5,0,7,0,0,2,70,38,6.90,1.976,14.5,2.6,3.3,4.6,1.40
21,,John Ely,2011.0,25,0,1,.000,4.26,5,1,1,0,0,0,12.2,12,6,6,2,7,1,13,0,0,0,56,89,4.68,1.500,8.5,1.4,5.0,9.2,1.86
22,,Jonathan Broxton,2011.0,27,1,2,.333,5.68,14,0,12,0,0,7,12.2,15,10,8,2,9,2,10,0,0,0,62,67,5.63,1.895,10.7,1.4,6.4,7.1,1.11
23,,Vicente Padilla,2011.0,33,0,0,,4.15,9,0,4,0,0,3,8.2,7,4,4,0,5,0,9,0,0,0,36,93,2.68,1.385,7.3,0.0,5.2,9.3,1.80
1,SP,Ricky Nolasco,2011.0,28,10,12,.455,4.67,33,33,0,2,1,0,206.0,244,117,107,20,44,8,148,3,0,6,891,84,3.53,1.398,10.7,0.9,1.9,6.5,3.36
2,SP,Anibal Sanchez,2011.0,27,8,9,.471,3.67,32,32,0,3,2,0,196.1,187,85,80,20,64,8,202,5,5,4,830,106,3.35,1.278,8.6,0.9,2.9,9.3,3.16
3,SP,Javier Vazquez,2011.0,34,13,11,.542,3.69,32,32,0,2,1,0,192.2,178,91,79,21,50,8,162,2,0,5,798,106,3.57,1.183,8.3,1.0,2.3,7.6,3.24
4,SP,Chris Volstad,2011.0,24,5,13,.278,4.89,29,29,0,0,0,0,165.2,187,96,90,23,49,6,117,1,1,2,719,80,4.32,1.425,10.2,1.2,2.7,6.4,2.39
5,SP,Brad Hand,2011.0,21,1,8,.111,4.20,12,12,0,0,0,0,60.0,53,32,28,10,35,1,38,1,1,0,263,93,5.73,1.467,8.0,1.5,5.3,5.7,1.09
7,CL,Juan Carlos Oviedo,2011.0,29,1,4,.200,4.06,68,0,51,0,0,36,64.1,57,30,29,8,21,2,55,1,0,1,268,97,3.96,1.212,8.0,1.1,2.9,7.7,2.62
8,RP,Edward Mujica,2011.0,27,9,6,.600,2.96,67,0,11,0,0,0,76.0,64,27,25,7,14,5,63,2,0,1,297,132,3.20,1.026,7.6,0.8,1.7,7.5,4.50
9,RP,Mike Dunn,2011.0,26,5,6,.455,3.43,72,0,11,0,0,0,63.0,51,28,24,9,31,2,68,2,0,3,267,114,4.29,1.302,7.3,1.3,4.4,9.7,2.19
10,RP,Ryan Webb,2011.0,25,2,4,.333,3.20,53,0,10,0,0,0,50.2,48,20,18,2,20,5,31,2,1,1,214,123,3.62,1.342,8.5,0.4,3.6,5.5,1.55
11,RP,Randy Choate,2011.0,35,1,1,.500,1.82,54,0,6,0,0,0,24.2,13,7,5,3,13,5,31,2,0,0,103,217,3.92,1.054,4.7,1.1,4.7,11.3,2.38
13,,Clay Hensley,2011.0,31,6,7,.462,5.19,37,9,7,0,0,0,67.2,62,41,39,9,30,1,46,4,0,0,297,76,4.90,1.360,8.2,1.2,4.0,6.1,1.53
14,,Burke Badenhop,2011.0,28,2,3,.400,4.10,50,0,15,0,0,1,63.2,65,29,29,1,24,4,51,4,0,4,276,96,2.95,1.398,9.2,0.1,3.4,7.2,2.13
15,,Brian Sanches,2011.0,32,4,1,.800,3.94,39,2,8,0,0,0,61.2,52,32,27,7,36,6,53,2,1,4,270,100,4.63,1.427,7.6,1.0,5.3,7.7,1.47
16,,Josh Johnson,2011.0,27,3,1,.750,1.64,9,9,0,0,0,0,60.1,39,13,11,2,20,2,56,1,1,2,234,239,2.64,0.978,5.8,0.3,3.0,8.4,2.80
17,,Steve Cishek,2011.0,25,2,1,.667,2.63,45,0,21,0,0,3,54.2,45,18,16,1,19,7,55,3,0,5,229,149,2.46,1.171,7.4,0.2,3.1,9.1,2.89
18,,Jose Ceda,2011.0,24,0,1,.000,4.43,17,0,9,0,0,0,20.1,16,11,10,1,12,0,21,0,0,1,88,90,3.37,1.377,7.1,0.4,5.3,9.3,1.75
19,,Alex Sanabia,2011.0,22,0,0,,3.27,3,2,0,0,0,0,11.0,13,4,4,2,3,0,8,0,0,2,48,123,4.75,1.455,10.6,1.6,2.5,6.5,2.67
20,,Chris Hatcher,2011.0,26,0,0,,6.97,11,0,4,0,0,0,10.1,14,8,8,2,4,1,8,0,0,2,48,58,5.15,1.742,12.2,1.7,3.5,7.0,2.00
21,,Sandy Rosario,2011.0,25,0,0,,2.45,4,0,1,0,0,0,3.2,5,1,1,0,2,0,2,0,0,0,18,176,3.57,1.909,12.3,0.0,4.9,4.9,1.00
22,,Jay Buente,2011.0,27,0,1,.000,9.00,1,1,0,0,0,0,3.0,5,4,3,0,3,0,1,1,0,0,18,49,6.36,2.667,15.0,0.0,9.0,3.0,0.33
23,,Elih Villanueva,2011.0,24,0,1,.000,24.00,1,1,0,0,0,0,3.0,5,8,8,1,5,1,2,1,0,0,20,18,12.03,3.333,15.0,3.0,15.0,6.0,0.40
24,,Bryan Petersen,2011.0,25,0,0,,0.00,1,0,1,0,0,0,1.0,0,0,0,0,1,0,0,0,0,0,4,,6.03,1.000,0.0,0.0,9.0,0.0,0.00
1,SP,Randy Wolf,2011.0,34,13,10,.565,3.69,33,33,0,0,0,0,212.1,214,95,87,23,66,1,134,13,1,4,903,107,4.29,1.319,9.1,1.0,2.8,5.7,2.03
2,SP,Yovani Gallardo,2011.0,25,17,10,.630,3.52,33,33,0,1,1,0,207.1,193,92,81,27,59,1,207,1,0,12,865,112,3.59,1.215,8.4,1.2,2.6,9.0,3.51
3,SP,Shaun Marcum,2011.0,29,13,7,.650,3.54,33,33,0,0,0,0,200.2,175,84,79,22,57,3,158,0,0,6,823,111,3.73,1.156,7.8,1.0,2.6,7.1,2.77
4,SP,Zack Greinke,2011.0,27,16,6,.727,3.83,28,28,0,0,0,0,171.2,161,82,73,19,45,0,201,4,0,10,715,103,2.98,1.200,8.4,1.0,2.4,10.5,4.47
5,SP,Chris Narveson,2011.0,29,11,8,.579,4.45,30,28,0,0,0,0,161.2,160,82,80,17,65,1,126,1,1,4,699,89,4.06,1.392,8.9,0.9,3.6,7.0,1.94
7,CL,John Axford,2011.0,28,2,2,.500,1.95,74,0,63,0,0,46,73.2,59,19,16,4,25,1,86,0,0,8,305,202,2.41,1.140,7.2,0.5,3.1,10.5,3.44
8,RP,Marco Estrada,2011.0,27,4,8,.333,4.08,43,7,12,0,0,0,92.2,83,45,42,11,29,2,88,2,2,4,381,97,3.67,1.209,8.1,1.1,2.8,8.5,3.03
9,RP,Kameron Loe,2011.0,29,4,7,.364,3.50,72,0,19,0,0,1,72.0,65,30,28,4,16,2,61,2,0,5,291,113,2.80,1.125,8.1,0.5,2.0,7.6,3.81
10,RP,LaTroy Hawkins,2011.0,38,3,1,.750,2.42,52,0,10,0,0,0,48.1,50,15,13,1,10,1,28,0,0,2,204,164,2.76,1.241,9.3,0.2,1.9,5.2,2.80
11,RP,Francisco Rodriguez,2011.0,29,4,0,1.000,1.86,31,0,2,0,0,0,29.0,23,7,6,1,10,0,33,0,0,2,120,214,2.23,1.138,7.1,0.3,3.1,10.2,3.30
13,,Sergio Mitre,2011.0,30,0,1,.000,3.27,22,0,8,0,0,0,33.0,30,14,12,3,10,0,14,1,0,0,138,122,4.36,1.212,8.2,0.8,2.7,3.8,1.40
14,,Tim Dillard,2011.0,27,1,1,.500,4.08,24,0,11,0,0,0,28.2,26,13,13,3,4,0,27,2,0,2,117,98,3.13,1.047,8.2,0.9,1.3,8.5,6.75
15,,Takashi Saito,2011.0,41,4,2,.667,2.03,30,0,5,0,0,0,26.2,21,6,6,2,9,2,23,1,0,2,108,197,3.40,1.125,7.1,0.7,3.0,7.8,2.56
16,,Zach Braddock,2011.0,23,0,1,.000,7.27,25,0,4,0,0,0,17.1,16,15,14,2,11,1,18,2,0,2,82,55,4.70,1.558,8.3,1.0,5.7,9.3,1.64
17,,Brandon Kintzler,2011.0,26,1,1,.500,3.68,9,0,3,0,0,0,14.2,14,9,6,3,3,0,15,0,1,0,61,110,4.25,1.159,8.6,1.8,1.8,9.2,5.00
18,,Mike McClendon,2011.0,26,3,0,1.000,2.63,9,0,7,0,0,0,13.2,15,5,4,1,3,0,10,1,0,2,59,154,3.39,1.317,9.9,0.7,2.0,6.6,3.33
19,,Frankie De La Cruz,2011.0,27,0,0,,2.77,11,0,9,0,0,0,13.0,10,4,4,0,5,0,9,2,0,3,55,146,3.26,1.154,6.9,0.0,3.5,6.2,1.80
20,,Sean Green,2011.0,32,0,1,.000,5.40,14,0,3,0,0,0,11.2,14,8,7,0,6,1,7,0,0,1,56,75,3.37,1.714,10.8,0.0,4.6,5.4,1.17
21,,Mitch Stetter,2011.0,30,0,0,,5.14,16,0,2,0,0,0,7.0,8,4,4,2,1,0,7,1,0,1,31,81,5.60,1.286,10.3,2.6,1.3,9.0,7.00
22,,Mark DiFelice,2011.0,34,0,0,,12.00,3,0,1,0,0,0,3.0,3,4,4,1,2,0,3,0,0,0,14,37,7.36,1.667,9.0,3.0,6.0,9.0,1.50
23,,Mike Fiers,2011.0,26,0,0,,0.00,2,0,2,0,0,0,2.0,2,0,0,0,3,0,2,0,0,0,10,,5.53,2.500,9.0,0.0,13.5,9.0,0.67
24,,Danny Herrera,2011.0,26,0,0,,21.60,2,0,0,0,0,0,1.2,6,5,4,1,1,0,0,0,0,0,11,22,12.63,4.200,32.4,5.4,5.4,0.0,0.00
1,SP,Carl Pavano,2011.0,35,9,13,.409,4.30,33,33,0,3,1,0,222.0,262,123,106,23,40,0,102,8,2,4,955,94,4.10,1.360,10.6,0.9,1.6,4.1,2.55
2,SP,Brian Duensing,2011.0,28,9,14,.391,5.23,32,28,0,1,1,0,161.2,193,102,94,21,52,3,115,1,0,3,711,77,4.27,1.515,10.7,1.2,2.9,6.4,2.21
3,SP,Nick Blackburn,2011.0,29,7,10,.412,4.49,26,26,0,1,0,0,148.1,183,91,74,19,54,5,76,4,0,5,670,90,4.84,1.598,11.1,1.2,3.3,4.6,1.41
4,SP,Scott Baker,2011.0,29,8,6,.571,3.14,23,21,2,1,0,0,134.2,126,50,47,15,32,2,123,4,0,4,548,129,3.45,1.173,8.4,1.0,2.1,8.2,3.84
5,SP,Francisco Liriano,2011.0,27,9,10,.474,5.09,26,24,0,1,1,0,134.1,125,81,76,14,75,1,112,7,0,9,591,80,4.54,1.489,8.4,0.9,5.0,7.5,1.49
7,CL,Matt Capps,2011.0,27,4,7,.364,4.25,69,0,35,0,0,15,65.2,66,31,31,10,13,1,34,4,0,1,274,96,4.75,1.203,9.0,1.4,1.8,4.7,2.62
8,RP,Glen Perkins,2011.0,28,4,4,.500,2.48,65,0,17,0,0,2,61.2,55,19,17,2,21,5,65,1,0,3,253,164,2.41,1.232,8.0,0.3,3.1,9.5,3.10
9,RP,Alex Burnett,2011.0,23,2,5,.286,5.51,66,0,12,0,0,0,50.2,50,32,31,4,21,1,33,8,0,2,225,74,4.47,1.401,8.9,0.7,3.7,5.9,1.57
10,RP,Jose Mijares,2011.0,26,0,2,.000,4.59,58,0,13,0,0,0,49.0,53,31,25,4,30,2,30,3,0,1,228,89,4.88,1.694,9.7,0.7,5.5,5.5,1.00
11,RP,Joe Nathan,2011.0,36,2,1,.667,4.84,48,0,33,0,0,14,44.2,38,26,24,7,14,2,43,3,0,3,191,84,4.28,1.164,7.7,1.4,2.8,8.7,3.07
13,,Anthony Swarzak,2011.0,25,4,7,.364,4.32,27,11,2,0,0,0,102.0,111,53,49,9,26,1,55,6,1,3,441,94,4.03,1.343,9.8,0.8,2.3,4.9,2.12
14,,Kevin Slowey,2011.0,27,0,8,.000,6.67,14,8,1,0,0,0,59.1,78,44,44,10,5,0,34,3,0,0,258,61,4.47,1.399,11.8,1.5,0.8,5.2,6.80
15,,Phil Dumatrait,2011.0,29,1,3,.250,3.92,45,0,14,0,0,1,41.1,45,22,18,7,25,5,29,1,0,2,196,104,5.71,1.694,9.8,1.5,5.4,6.3,1.16
16,,Scott Diamond,2011.0,24,1,5,.167,5.08,7,7,0,0,0,0,39.0,51,25,22,3,17,3,19,0,0,3,181,80,4.36,1.744,11.8,0.7,3.9,4.4,1.12
17,,Jim Hoey,2011.0,28,1,2,.333,5.47,26,0,11,0,0,0,24.2,34,20,15,4,13,0,14,0,0,1,118,75,5.58,1.905,12.4,1.5,4.7,5.1,1.08
18,,Liam Hendriks,2011.0,22,0,2,.000,6.17,4,4,0,0,0,0,23.1,29,16,16,3,6,0,16,0,0,1,100,67,4.10,1.500,11.2,1.2,2.3,6.2,2.67
19,,Lester Oliveros,2011.0,23,0,0,,4.05,10,0,3,0,0,0,13.1,13,6,6,0,7,1,9,0,0,0,56,103,3.25,1.500,8.8,0.0,4.7,6.1,1.29
20,,Dusty Hughes,2011.0,29,1,0,1.000,9.95,15,0,6,0,0,0,12.2,19,14,14,4,8,2,11,1,0,0,62,42,7.53,2.132,13.5,2.8,5.7,7.8,1.38
21,,Kyle Waldrop,2011.0,25,1,0,1.000,5.73,7,0,1,0,0,0,11.0,10,7,7,1,6,2,5,0,0,1,50,73,4.93,1.455,8.2,0.8,4.9,4.1,0.83
22,,Chuck James,2011.0,29,0,0,,6.10,8,0,3,0,0,0,10.1,12,7,7,1,4,0,8,0,2,0,46,69,3.90,1.548,10.5,0.9,3.5,7.0,2.00
23,,Eric Hacker,2011.0,28,0,0,,0.00,2,0,0,0,0,0,5.1,4,1,0,0,4,0,2,0,0,0,22,,4.53,1.500,6.8,0.0,6.8,3.4,0.50
24,,Jeff Manship,2011.0,26,0,0,,8.10,5,0,1,0,0,0,3.1,5,3,3,0,4,1,2,0,0,0,19,56,5.43,2.700,13.5,0.0,10.8,5.4,0.50
25,,Anthony Slama,2011.0,27,0,0,,0.00,2,0,0,0,0,0,2.1,0,0,0,0,2,0,3,0,0,1,9,,3.03,0.857,0.0,0.0,7.7,11.6,1.50
26,,Michael Cuddyer,2011.0,32,0,0,,0.00,1,0,1,0,0,0,1.0,2,0,0,0,1,0,0,0,0,0,6,,6.03,3.000,18.0,0.0,9.0,0.0,0.00
1,SP,CC Sabathia,2011.0,30,19,8,.704,3.00,33,33,0,3,1,0,237.1,230,87,79,17,61,4,230,7,1,2,985,143,2.88,1.226,8.7,0.6,2.3,8.7,3.77
2,SP,A.J. Burnett,2011.0,34,11,11,.500,5.15,33,32,0,0,0,0,190.1,190,115,109,31,83,2,173,9,0,25,837,83,4.77,1.434,9.0,1.5,3.9,8.2,2.08
3,SP,Ivan Nova,2011.0,24,16,4,.800,3.70,28,27,1,0,0,0,165.1,163,74,68,13,57,3,98,6,0,11,704,116,4.00,1.331,8.9,0.7,3.1,5.3,1.72
4,SP,Bartolo Colon,2011.0,38,8,10,.444,4.00,29,26,0,1,1,0,164.1,172,85,73,21,40,3,135,3,0,0,694,107,3.83,1.290,9.4,1.2,2.2,7.4,3.38
5,SP,Freddy Garcia,2011.0,34,12,8,.600,3.62,26,25,1,0,0,0,146.2,152,63,59,16,45,5,96,3,0,4,626,119,4.12,1.343,9.3,1.0,2.8,5.9,2.13
6,SP,Phil Hughes,2011.0,25,5,5,.500,5.79,17,14,1,1,1,0,74.2,84,48,48,9,27,2,47,4,0,3,334,74,4.58,1.487,10.1,1.1,3.3,5.7,1.74
8,CL,Mariano Rivera,2011.0,41,1,2,.333,1.91,64,0,54,0,0,44,61.1,47,13,13,3,8,2,60,2,0,1,233,226,2.19,0.897,6.9,0.4,1.2,8.8,7.50
9,RP,David Robertson,2011.0,26,4,0,1.000,1.08,70,0,8,0,0,1,66.2,40,9,8,1,35,6,100,1,1,6,272,399,1.84,1.125,5.4,0.1,4.7,13.5,2.86
10,RP,Luis Ayala,2011.0,33,2,2,.500,2.09,52,0,20,0,0,0,56.0,51,17,13,5,20,3,39,6,1,2,233,207,4.19,1.268,8.2,0.8,3.2,6.3,1.95
11,RP,Boone Logan,2011.0,26,5,3,.625,3.46,64,0,6,0,0,0,41.2,43,20,16,4,13,3,46,4,0,1,185,125,3.29,1.344,9.3,0.9,2.8,9.9,3.54
12,RP,Rafael Soriano,2011.0,31,2,3,.400,4.12,42,0,8,0,0,2,39.1,33,18,18,4,18,2,36,1,0,0,164,105,3.97,1.297,7.6,0.9,4.1,8.2,2.00
14,,Hector Noesi,2011.0,24,2,2,.500,4.47,30,2,14,0,0,0,56.1,63,29,28,6,22,4,45,2,0,4,247,96,4.09,1.509,10.1,1.0,3.5,7.2,2.05
15,,Cory Wade,2011.0,28,6,1,.857,2.04,40,0,8,0,0,0,39.2,33,10,9,5,8,0,30,0,0,1,157,212,3.76,1.034,7.5,1.1,1.8,6.8,3.75
16,,Joba Chamberlain,2011.0,25,2,0,1.000,2.83,27,0,3,0,0,0,28.2,23,10,9,3,7,0,24,1,0,1,110,154,3.55,1.047,7.2,0.9,2.2,7.5,3.43
17,,Lance Pendleton,2011.0,27,0,0,,3.21,11,0,9,0,0,0,14.0,10,5,5,2,10,0,8,0,0,0,62,137,5.88,1.429,6.4,1.3,6.4,5.1,0.80
18,,Scott Proctor,2011.0,34,0,3,.000,9.00,8,0,3,0,0,0,11.0,19,13,11,6,12,1,11,0,0,2,62,49,11.39,2.818,15.5,4.9,9.8,9.0,0.92
19,,Aaron Laffey,2011.0,26,2,1,.667,3.38,11,0,0,0,0,0,10.2,13,4,4,0,5,0,6,2,0,0,50,131,3.87,1.688,11.0,0.0,4.2,5.1,1.20
20,,Brian Gordon,2011.0,32,0,1,.000,5.23,2,2,0,0,0,0,10.1,12,6,6,3,3,1,4,2,0,0,46,85,7.48,1.452,10.5,2.6,2.6,3.5,1.33
21,,Buddy Carlyle,2011.0,33,0,1,.000,4.70,8,0,6,0,0,0,7.2,5,4,4,1,7,1,9,0,0,2,34,96,5.11,1.565,5.9,1.2,8.2,10.6,1.29
22,,Amauri Sanit,2011.0,31,0,0,,12.86,4,0,1,0,0,0,7.0,12,10,10,0,3,1,4,3,0,1,40,35,4.45,2.143,15.4,0.0,3.9,5.1,1.33
23,,RaAol ValdA(c)s,2011.0,33,0,0,,2.70,6,0,0,0,0,0,6.2,8,2,2,1,2,0,8,0,0,0,28,167,3.48,1.500,10.8,1.4,2.7,10.8,4.00
24,,George Kontos,2011.0,26,0,0,,3.00,7,0,4,0,0,0,6.0,4,2,2,1,3,0,6,0,0,0,24,151,4.69,1.167,6.0,1.5,4.5,9.0,2.00
25,,Sergio Mitre,2011.0,30,0,0,,11.81,4,0,4,0,0,0,5.1,9,9,7,0,4,0,2,1,0,1,30,39,5.09,2.438,15.2,0.0,6.8,3.4,0.50
26,,Jeff Marquez,2011.0,26,0,0,,2.25,3,0,3,0,0,0,4.0,5,1,1,0,0,0,2,0,0,0,18,208,2.03,1.250,11.3,0.0,0.0,4.5,
27,,Dellin Betances,2011.0,23,0,0,,6.75,2,1,0,0,0,0,2.2,1,2,2,0,6,0,2,1,0,0,16,72,9.40,2.625,3.4,0.0,20.3,6.8,0.33
28,,Andrew Brackman,2011.0,25,0,0,,0.00,3,0,1,0,0,0,2.1,1,0,0,0,3,0,0,0,0,0,13,,6.88,1.714,3.9,0.0,11.6,0.0,0.00
29,,Kevin Whelan,2011.0,27,0,0,,5.40,2,0,1,0,0,0,1.2,0,1,1,0,5,0,1,0,0,0,10,96,10.83,3.000,0.0,0.0,27.0,5.4,0.20
30,,Steve Garrison,2011.0,24,0,0,,0.00,1,0,1,0,0,0,0.2,0,0,0,0,0,0,0,0,0,0,2,,3.03,0.000,0.0,0.0,0.0,0.0,
1,SP,R.A. Dickey,2011.0,36,8,13,.381,3.28,33,32,0,1,0,0,208.2,202,85,76,18,54,2,134,9,1,9,876,112,3.77,1.227,8.7,0.8,2.3,5.8,2.48
2,SP,Mike Pelfrey,2011.0,27,7,13,.350,4.74,34,33,0,2,0,0,193.2,220,111,102,21,65,7,105,7,2,2,860,78,4.47,1.472,10.2,1.0,3.0,4.9,1.62
3,SP,Chris Capuano,2011.0,32,11,12,.478,4.55,33,31,0,1,1,0,186.0,198,99,94,27,53,5,168,5,0,4,802,81,4.04,1.349,9.6,1.3,2.6,8.1,3.17
4,SP,Dillon Gee,2011.0,25,13,6,.684,4.43,30,27,1,1,0,0,160.2,150,85,79,18,71,4,114,14,1,6,706,83,4.65,1.376,8.4,1.0,4.0,6.4,1.61
5,SP,Jon Niese,2011.0,24,11,11,.500,4.40,27,26,0,0,0,0,157.1,178,88,77,14,44,4,138,5,0,3,694,83,3.36,1.411,10.2,0.8,2.5,7.9,3.14
7,CL,Francisco Rodriguez,2011.0,29,2,2,.500,3.16,42,0,34,0,0,23,42.2,44,15,15,3,16,4,46,2,0,2,187,117,3.05,1.406,9.3,0.6,3.4,9.7,2.88
8,RP,Pedro Beato,2011.0,24,2,1,.667,4.30,60,0,7,0,0,0,67.0,59,41,32,5,27,3,39,4,0,1,283,86,4.22,1.284,7.9,0.7,3.6,5.2,1.44
9,RP,Bobby Parnell,2011.0,26,4,6,.400,3.64,60,0,23,0,0,6,59.1,60,29,24,4,27,4,64,2,1,8,268,101,3.21,1.466,9.1,0.6,4.1,9.7,2.37
10,RP,Jason Isringhausen,2011.0,38,3,3,.500,4.05,53,0,15,0,0,7,46.2,36,23,21,6,24,2,44,1,0,1,200,91,4.42,1.286,6.9,1.2,4.6,8.5,1.83
11,RP,Tim Byrdak,2011.0,37,2,1,.667,3.82,72,0,10,0,0,1,37.2,34,20,16,3,19,4,47,1,0,1,168,97,3.16,1.407,8.1,0.7,4.5,11.2,2.47
13,,D.J. Carrasco,2011.0,34,1,3,.250,6.02,42,1,15,0,0,0,49.1,67,35,33,7,16,4,27,6,1,3,225,61,5.11,1.682,12.2,1.3,2.9,4.9,1.69
14,,Manny Acosta,2011.0,30,4,1,.800,3.45,44,0,15,0,0,4,47.0,50,21,18,6,15,0,46,2,0,0,204,107,3.81,1.383,9.6,1.1,2.9,8.8,3.07
15,,Ryota Igarashi,2011.0,32,4,1,.800,4.66,45,0,9,0,0,0,38.2,43,20,20,2,28,2,42,4,0,3,190,80,4.01,1.836,10.0,0.5,6.5,9.8,1.50
16,,Miguel Batista,2011.0,40,2,0,1.000,2.64,9,4,0,1,1,0,30.2,22,9,9,0,14,1,15,2,0,1,125,141,3.61,1.174,6.5,0.0,4.1,4.4,1.07
17,,Taylor Buchholz,2011.0,29,1,1,.500,3.12,23,0,8,0,0,0,26.0,22,10,9,5,7,0,26,1,0,0,107,120,4.45,1.115,7.6,1.7,2.4,9.0,3.71
18,,Chris Young,2011.0,32,1,0,1.000,1.88,4,4,0,0,0,0,24.0,12,5,5,3,11,0,22,1,0,0,95,199,4.32,0.958,4.5,1.1,4.1,8.3,2.00
19,,Chris Schwinden,2011.0,24,0,2,.000,4.71,4,4,0,0,0,0,21.0,23,13,11,1,6,2,17,1,0,1,95,79,3.03,1.381,9.9,0.4,2.6,7.3,2.83
20,,Josh Stinson,2011.0,23,0,2,.000,6.92,14,0,3,0,0,1,13.0,14,10,10,1,7,0,8,0,0,0,57,55,4.41,1.615,9.7,0.7,4.8,5.5,1.14
21,,Dale Thayer,2011.0,30,0,3,.000,3.48,11,0,7,0,0,0,10.1,12,4,4,0,0,0,5,0,0,0,42,110,2.06,1.161,10.5,0.0,0.0,4.4,
22,,Danny Herrera,2011.0,26,0,1,.000,1.13,16,0,2,0,0,0,8.0,7,1,1,0,2,0,5,0,1,1,33,343,2.53,1.125,7.9,0.0,2.3,5.6,2.50
23,,Pat Misch,2011.0,29,1,0,1.000,10.29,6,0,2,0,0,0,7.0,11,8,8,1,4,0,5,1,0,0,37,38,5.60,2.143,14.1,1.3,5.1,6.4,1.25
24,,Blaine Boyer,2011.0,29,0,2,.000,10.80,5,0,3,0,0,1,6.2,13,8,8,2,1,0,1,1,0,0,33,36,7.53,2.100,17.6,2.7,1.4,1.4,1.00
25,,Mike O'Connor,2011.0,30,0,1,.000,2.70,9,0,2,0,0,0,6.2,5,2,2,0,3,0,8,1,0,0,29,144,2.43,1.200,6.8,0.0,4.1,10.8,2.67
1,SP,Trevor Cahill,2011.0,23,12,14,.462,4.16,34,34,0,0,0,0,207.2,214,102,96,19,82,1,147,8,0,15,901,96,4.10,1.425,9.3,0.8,3.6,6.4,1.79
2,SP,Gio Gonzalez,2011.0,25,16,12,.571,3.12,32,32,0,0,0,0,202.0,175,81,70,17,91,1,197,8,1,6,864,129,3.64,1.317,7.8,0.8,4.1,8.8,2.16
3,SP,Brandon McCarthy,2011.0,27,9,9,.500,3.32,25,25,0,5,1,0,170.2,168,73,63,11,25,1,123,0,0,3,690,121,2.86,1.131,8.9,0.6,1.3,6.5,4.92
4,SP,Guillermo Moscoso,2011.0,27,8,10,.444,3.38,23,21,1,0,0,0,128.0,102,59,48,14,38,1,74,2,1,0,526,119,4.23,1.094,7.2,1.0,2.7,5.2,1.95
5,SP,Brett Anderson,2011.0,23,3,6,.333,4.00,13,13,0,1,0,0,83.1,86,40,37,8,25,1,61,7,1,0,356,101,3.96,1.332,9.3,0.9,2.7,6.6,2.44
6,SP,Rich Harden,2011.0,29,4,4,.500,5.12,15,15,0,0,0,0,82.2,87,48,47,17,31,0,91,2,0,4,363,79,4.69,1.427,9.5,1.9,3.4,9.9,2.94
8,CL,Andrew Bailey,2011.0,27,0,4,.000,3.24,42,0,37,0,0,24,41.2,34,18,15,3,12,2,41,0,0,0,170,125,2.86,1.104,7.3,0.6,2.6,8.9,3.42
9,RP,Grant Balfour,2011.0,33,5,2,.714,2.47,62,0,15,0,0,2,62.0,44,17,17,8,20,1,59,0,0,0,242,163,3.77,1.032,6.4,1.2,2.9,8.6,2.95
10,RP,Craig Breslow,2011.0,30,0,2,.000,3.79,67,0,10,0,0,0,59.1,69,29,25,4,21,1,44,2,0,3,261,106,3.58,1.517,10.5,0.6,3.2,6.7,2.10
11,RP,Brian Fuentes,2011.0,35,2,8,.200,3.70,67,0,29,0,0,12,58.1,52,30,24,6,20,5,42,4,0,2,250,109,4.16,1.234,8.0,0.9,3.1,6.5,2.10
12,RP,Brad Ziegler,2011.0,31,3,2,.600,2.39,43,0,12,0,0,1,37.2,38,14,10,0,13,3,29,1,0,1,160,169,2.60,1.354,9.1,0.0,3.1,6.9,2.23
14,,Josh Outman,2011.0,26,3,5,.375,3.70,13,9,2,0,0,0,58.1,62,27,24,4,23,0,35,0,0,3,254,109,3.90,1.457,9.6,0.6,3.5,5.4,1.52
15,,Tyson Ross,2011.0,24,3,3,.500,2.75,9,6,1,0,0,0,36.0,33,12,11,1,13,1,24,0,0,2,145,147,3.14,1.278,8.3,0.3,3.3,6.0,1.85
16,,Michael Wuertz,2011.0,32,0,0,,6.68,39,0,7,0,0,0,33.2,37,25,25,5,26,4,32,1,0,0,162,61,5.46,1.871,9.9,1.3,7.0,8.6,1.23
17,,Fautino De Los Santos,2011.0,25,3,2,.600,4.32,34,0,8,0,0,0,33.1,27,19,16,4,17,1,43,0,0,9,143,94,3.54,1.320,7.3,1.1,4.6,11.6,2.53
18,,Jerry Blevins,2011.0,27,0,0,,2.86,26,0,11,0,0,0,28.1,24,14,9,2,14,1,26,1,0,0,122,142,3.70,1.341,7.6,0.6,4.4,8.3,1.86
19,,Graham Godfrey,2011.0,26,1,2,.333,3.96,5,4,0,0,0,0,25.0,32,14,11,3,5,0,13,1,0,0,112,103,4.27,1.480,11.5,1.1,1.8,4.7,2.60
20,,Joey Devine,2011.0,27,1,1,.500,3.52,26,0,3,0,0,0,23.0,18,9,9,0,11,0,20,2,0,0,100,116,2.98,1.261,7.0,0.0,4.3,7.8,1.82
21,,Dallas Braden,2011.0,27,1,1,.500,3.00,3,3,0,0,0,0,18.0,18,7,6,2,5,0,15,0,0,0,73,136,3.64,1.278,9.0,1.0,2.5,7.5,3.00
22,,Trystan Magnuson,2011.0,26,0,0,,6.14,9,0,3,0,0,0,14.2,15,11,10,3,5,0,11,0,0,3,65,67,5.21,1.364,9.2,1.8,3.1,6.8,2.20
23,,David Purcey,2011.0,29,0,0,,2.13,9,0,3,0,0,0,12.2,9,3,3,1,3,0,7,0,0,0,50,193,3.66,0.947,6.4,0.7,2.1,5.0,2.33
24,,Bobby Cramer,2011.0,31,0,1,.000,1.08,5,0,3,0,0,0,8.1,6,1,1,1,1,0,6,0,0,0,31,388,3.51,0.840,6.5,1.1,1.1,6.5,6.00
25,,Jordan Norberto,2011.0,24,0,0,,8.10,6,0,3,0,0,0,6.2,8,6,6,0,7,0,4,1,0,1,35,52,5.43,2.250,10.8,0.0,9.5,5.4,0.57
26,,Andrew Carignan,2011.0,24,0,0,,4.26,6,0,3,0,0,0,6.1,8,4,3,1,2,0,5,0,0,1,31,100,4.45,1.579,11.4,1.4,2.8,7.1,2.50
27,,Bruce Billings,2011.0,25,0,0,,12.60,3,0,0,0,0,0,5.0,8,9,7,1,6,0,7,0,0,0,29,34,6.43,2.800,14.4,1.8,10.8,12.6,1.17
28,,Neil Wagner,2011.0,27,0,0,,7.20,6,0,5,0,0,0,5.0,6,7,4,1,3,0,4,1,0,0,24,60,6.43,1.800,10.8,1.8,5.4,7.2,1.33
1,SP,Roy Halladay,2011.0,34,19,6,.760,2.35,32,32,0,8,1,0,233.2,208,65,61,10,35,4,220,4,1,2,933,163,2.20,1.040,8.0,0.4,1.3,8.5,6.29
2,SP,Cliff Lee,2011.0,32,17,8,.680,2.40,32,32,0,6,6,0,232.2,197,66,62,18,42,0,238,6,0,0,920,160,2.60,1.027,7.6,0.7,1.6,9.2,5.67
3,SP,Cole Hamels,2011.0,27,14,9,.609,2.79,32,31,0,3,0,0,216.0,169,68,67,19,44,2,194,5,3,3,850,137,3.05,0.986,7.0,0.8,1.8,8.1,4.41
4,SP,Roy Oswalt,2011.0,33,9,10,.474,3.69,23,23,0,0,0,0,139.0,153,60,57,10,33,2,93,5,0,3,594,104,3.44,1.338,9.9,0.6,2.1,6.0,2.82
5,SP,Vance Worley,2011.0,23,11,3,.786,3.01,25,21,0,1,0,0,131.2,116,47,44,10,46,2,119,3,1,2,553,127,3.32,1.230,7.9,0.7,3.1,8.1,2.59
7,CL,Ryan Madson,2011.0,30,4,2,.667,2.37,62,0,46,0,0,32,60.2,54,16,16,2,16,8,62,1,0,0,246,162,2.25,1.154,8.0,0.3,2.4,9.2,3.88
8,RP,Kyle Kendrick,2011.0,26,8,6,.571,3.22,34,15,5,0,0,0,114.2,110,50,41,14,30,5,59,7,1,1,478,119,4.55,1.221,8.6,1.1,2.4,4.6,1.97
9,RP,Michael Stutes,2011.0,24,6,2,.750,3.63,57,0,11,0,0,0,62.0,49,25,25,7,28,2,58,2,0,0,259,106,4.07,1.242,7.1,1.0,4.1,8.4,2.07
10,RP,Antonio Bastardo,2011.0,25,6,1,.857,2.64,64,0,15,0,0,8,58.0,28,17,17,6,26,0,70,0,0,4,225,146,3.30,0.931,4.3,0.9,4.0,10.9,2.69
11,RP,David Herndon,2011.0,25,1,4,.200,3.32,45,0,22,0,0,1,57.0,54,26,21,9,24,7,39,2,0,3,243,116,5.08,1.368,8.5,1.4,3.8,6.2,1.63
13,,Joe Blanton,2011.0,30,1,2,.333,5.01,11,8,1,0,0,0,41.1,52,23,23,5,9,0,35,1,0,0,180,77,3.63,1.476,11.3,1.1,2.0,7.6,3.89
14,,Danys BA!ez,2011.0,33,2,4,.333,6.25,29,0,14,0,0,0,36.0,43,28,25,5,13,2,18,3,0,1,163,62,5.16,1.556,10.8,1.3,3.3,4.5,1.38
15,,Brad Lidge,2011.0,34,0,2,.000,1.40,25,0,4,0,0,1,19.1,16,3,3,0,13,3,23,1,0,2,86,279,2.82,1.500,7.4,0.0,6.1,10.7,1.77
16,,J.C. Romero,2011.0,35,0,0,,3.86,24,0,4,0,0,0,16.1,16,7,7,0,12,2,10,1,0,0,75,101,4.19,1.714,8.8,0.0,6.6,5.5,0.83
17,,Michael Schwimer,2011.0,25,1,1,.500,5.02,12,0,5,0,0,0,14.1,15,8,8,2,7,1,16,1,0,0,64,78,4.28,1.535,9.4,1.3,4.4,10.0,2.29
18,,JosA(c) Contreras,2011.0,39,0,0,,3.86,17,0,8,0,0,5,14.0,11,6,6,0,8,0,13,1,0,0,60,102,3.10,1.357,7.1,0.0,5.1,8.4,1.63
19,,Drew Carpenter,2011.0,26,0,0,,7.71,6,0,1,0,0,0,9.1,13,8,8,2,4,0,10,0,0,0,44,52,4.95,1.821,12.5,1.9,3.9,9.6,2.50
20,,Juan Perez,2011.0,32,1,0,1.000,3.60,8,0,1,0,0,0,5.0,1,2,2,0,5,0,8,0,0,1,21,115,2.83,1.200,1.8,0.0,9.0,14.4,1.60
21,,Scott Mathieson,2011.0,27,0,0,,0.00,4,0,2,0,0,0,5.0,9,0,0,0,3,0,5,2,0,0,28,,4.03,2.400,16.2,0.0,5.4,9.0,1.67
22,,Justin De Fratus,2011.0,23,1,0,1.000,2.25,5,0,2,0,0,0,4.0,1,2,1,0,3,1,3,1,0,1,17,187,4.53,1.000,2.3,0.0,6.8,6.8,1.00
23,,Mike Zagurski,2011.0,28,0,0,,5.40,4,0,1,0,0,0,3.1,4,2,2,1,3,0,4,0,0,0,17,79,7.23,2.100,10.8,2.7,8.1,10.8,1.33
24,,Joe Savery,2011.0,25,0,0,,0.00,4,0,1,0,0,0,2.2,1,0,0,0,0,0,2,0,0,0,9,,1.53,0.375,3.4,0.0,0.0,6.8,
25,,Wilson Valdez,2011.0,33,1,0,1.000,0.00,1,0,1,0,0,0,1.0,0,0,0,0,0,0,0,1,0,0,4,,6.03,0.000,0.0,0.0,0.0,0.0,
1,SP,Charlie Morton,2011.0,27,10,10,.500,3.83,29,29,0,2,1,0,171.2,186,82,73,6,77,5,110,13,1,9,769,97,3.77,1.532,9.8,0.3,4.0,5.8,1.43
2,SP,James McDonald,2011.0,26,9,9,.500,4.21,31,31,0,0,0,0,171.0,176,86,80,24,78,4,142,7,1,5,754,88,4.68,1.485,9.3,1.3,4.1,7.5,1.82
3,SP,Paul Maholm,2011.0,29,6,14,.300,3.66,26,26,0,1,1,0,162.1,160,72,66,11,50,6,97,8,0,3,687,102,3.78,1.294,8.9,0.6,2.8,5.4,1.94
4,SP,Jeff Karstens,2011.0,28,9,9,.500,3.38,30,26,1,1,1,0,162.1,163,69,61,22,33,6,96,4,1,4,668,110,4.29,1.207,9.0,1.2,1.8,5.3,2.91
5,SP,Kevin Correia,2011.0,30,12,11,.522,4.79,27,26,1,1,0,0,154.0,175,90,82,24,39,0,77,2,1,3,660,78,4.85,1.390,10.2,1.4,2.3,4.5,1.97
7,CL,Joel Hanrahan,2011.0,29,1,4,.200,1.83,70,0,59,0,0,40,68.2,56,17,14,1,16,2,61,1,0,6,274,203,2.18,1.049,7.3,0.1,2.1,8.0,3.81
8,RP,Daniel McCutchen,2011.0,28,5,3,.625,3.72,73,0,15,0,0,0,84.2,87,38,35,7,33,5,47,4,0,7,364,100,4.30,1.417,9.2,0.7,3.5,5.0,1.42
9,RP,Jose Veras,2011.0,30,2,4,.333,3.80,79,0,19,0,0,1,71.0,54,32,30,6,34,3,79,4,1,5,305,98,3.50,1.239,6.8,0.8,4.3,10.0,2.32
10,RP,Chris Resop,2011.0,28,5,4,.556,4.39,76,0,12,0,0,1,69.2,73,34,34,8,30,9,79,3,1,4,309,85,3.67,1.478,9.4,1.0,3.9,10.2,2.63
11,RP,Tony Watson,2011.0,26,2,2,.500,3.95,43,0,6,0,0,0,41.0,34,18,18,6,20,4,37,1,0,0,174,95,4.66,1.317,7.5,1.3,4.4,8.1,1.85
13,,Brad Lincoln,2011.0,26,2,3,.400,4.72,12,8,0,0,0,0,47.2,54,27,25,4,16,4,29,2,0,0,211,79,4.03,1.469,10.2,0.8,3.0,5.5,1.81
14,,Ross Ohlendorf,2011.0,28,1,3,.250,8.15,9,9,0,0,0,0,38.2,60,38,35,9,15,2,27,6,0,2,194,46,6.28,1.940,14.0,2.1,3.5,6.3,1.80
15,,Jason Grilli,2011.0,34,2,1,.667,2.48,28,0,4,0,0,1,32.2,24,10,9,2,15,5,37,4,0,3,140,151,3.30,1.194,6.6,0.6,4.1,10.2,2.47
16,,Joe Beimel,2011.0,34,1,1,.500,5.33,35,0,9,0,0,0,25.1,34,17,15,6,9,1,17,1,0,0,117,71,5.95,1.697,12.1,2.1,3.2,6.0,1.89
17,,Chris Leroux,2011.0,27,1,1,.500,2.88,23,0,5,0,0,0,25.0,26,9,8,0,7,2,24,1,0,2,110,131,2.07,1.320,9.4,0.0,2.5,8.6,3.43
18,,Daniel Moskos,2011.0,25,1,1,.500,2.96,31,0,6,0,0,0,24.1,29,11,8,0,9,3,11,0,0,0,110,127,3.23,1.562,10.7,0.0,3.3,4.1,1.22
19,,Evan Meek,2011.0,28,1,1,.500,3.48,24,0,6,0,0,0,20.2,27,11,8,1,12,0,17,0,0,2,100,108,3.75,1.887,11.8,0.4,5.2,7.4,1.42
20,,Jeff Locke,2011.0,23,0,3,.000,6.48,4,4,0,0,0,0,16.2,21,12,12,3,10,0,5,1,0,0,78,59,6.75,1.860,11.3,1.6,5.4,2.7,0.50
21,,Brian Burres,2011.0,30,1,0,1.000,3.86,5,2,2,0,0,0,14.0,12,6,6,4,4,0,10,0,0,2,60,99,6.17,1.143,7.7,2.6,2.6,6.4,2.50
22,,Jared Hughes,2011.0,25,0,1,.000,4.09,12,0,1,0,0,0,11.0,9,5,5,1,4,0,10,0,0,0,46,94,3.48,1.182,7.4,0.8,3.3,8.2,2.50
23,,Michael Crotta,2011.0,26,0,1,.000,9.28,15,0,1,0,0,0,10.2,20,11,11,2,5,0,7,0,0,1,56,41,5.56,2.344,16.9,1.7,4.2,5.9,1.40
24,,Tim Wood,2011.0,28,0,3,.000,5.63,13,0,5,0,0,0,8.0,8,5,5,1,8,3,2,0,0,1,38,69,7.15,2.000,9.0,1.1,9.0,2.3,0.25
25,,Aaron Thompson,2011.0,24,0,0,,7.04,4,1,0,0,0,0,7.2,13,6,6,2,6,0,1,0,0,0,41,55,8.50,2.478,15.3,2.3,7.0,1.2,0.17
26,,Jose Ascanio,2011.0,26,0,0,,7.11,8,0,4,0,0,0,6.1,10,5,5,2,2,0,5,0,0,0,31,56,6.50,1.895,14.2,2.8,2.8,7.1,2.50
27,,Garrett Olson,2011.0,27,1,1,.500,2.08,4,0,1,0,0,0,4.1,2,1,1,0,3,1,4,0,0,1,21,195,3.26,1.154,4.2,0.0,6.2,8.3,1.33
1,SP,Mat Latos,2011.0,23,9,14,.391,3.47,31,31,0,0,0,0,194.1,168,82,75,16,62,3,185,1,0,5,799,102,3.16,1.184,7.8,0.7,2.9,8.6,2.98
2,SP,Tim Stauffer,2011.0,29,9,12,.429,3.73,31,31,0,0,0,0,185.2,180,81,77,20,53,5,128,8,1,4,777,95,4.03,1.255,8.7,1.0,2.6,6.2,2.42
3,SP,Aaron Harang,2011.0,33,14,7,.667,3.64,28,28,0,0,0,0,170.2,175,73,69,20,58,4,124,3,0,3,719,98,4.17,1.365,9.2,1.1,3.1,6.5,2.14
4,SP,Dustin Moseley,2011.0,29,3,10,.231,3.30,20,20,0,0,0,0,120.0,117,59,44,10,36,6,64,2,0,1,504,108,3.99,1.275,8.8,0.8,2.7,4.8,1.78
5,SP,Clayton Richard,2011.0,27,5,9,.357,3.88,18,18,0,0,0,0,99.2,104,52,43,8,38,2,53,2,1,3,427,92,4.21,1.425,9.4,0.7,3.4,4.8,1.39
6,SP,Wade LeBlanc,2011.0,26,5,6,.455,4.63,14,14,0,0,0,0,79.2,84,42,41,7,28,1,51,1,1,1,339,77,3.98,1.406,9.5,0.8,3.2,5.8,1.82
8,CL,Heath Bell,2011.0,33,3,4,.429,2.44,64,0,54,0,0,43,62.2,51,20,17,4,21,2,51,0,0,8,256,147,3.23,1.149,7.3,0.6,3.0,7.3,2.43
9,RP,Chad Qualls,2011.0,32,6,8,.429,3.51,77,0,20,0,0,0,74.1,73,30,29,7,20,5,43,0,0,4,306,102,3.90,1.251,8.8,0.8,2.4,5.2,2.15
10,RP,Ernesto Frieri,2011.0,25,1,2,.333,2.71,59,0,20,0,0,0,63.0,51,21,19,3,34,5,76,9,1,1,276,132,3.28,1.349,7.3,0.4,4.9,10.9,2.24
11,RP,Luke Gregerson,2011.0,27,3,3,.500,2.75,61,0,11,0,0,0,55.2,57,23,17,2,19,3,34,2,0,2,241,130,3.40,1.365,9.2,0.3,3.1,5.5,1.79
12,RP,Mike Adams,2011.0,32,3,1,.750,1.13,48,0,5,0,0,1,48.0,26,7,6,2,9,1,49,0,0,0,179,319,2.09,0.729,4.9,0.4,1.7,9.2,5.44
14,,Cory Luebke,2011.0,26,6,10,.375,3.29,46,17,3,0,0,0,139.2,105,54,51,12,44,3,154,2,2,5,555,108,2.92,1.067,6.8,0.8,2.8,9.9,3.50
15,,Anthony Bass,2011.0,23,2,0,1.000,1.68,27,3,6,0,0,0,48.1,41,9,9,3,21,1,24,1,0,1,198,214,4.20,1.283,7.6,0.6,3.9,4.5,1.14
16,,Josh Spence,2011.0,23,0,2,.000,2.73,40,0,8,0,0,0,29.2,14,9,9,2,19,5,31,2,0,0,123,132,3.94,1.112,4.2,0.6,5.8,9.4,1.63
17,,Pat Neshek,2011.0,30,1,1,.500,4.01,25,0,13,0,0,0,24.2,19,12,11,4,22,1,20,1,0,1,112,90,6.31,1.662,6.9,1.5,8.0,7.3,0.91
18,,Evan Scribner,2011.0,25,0,0,,7.07,10,0,5,0,0,0,14.0,18,11,11,1,4,0,10,0,0,0,64,52,3.38,1.571,11.6,0.6,2.6,6.4,2.50
19,,Erik Hamren,2011.0,24,1,0,1.000,4.38,14,0,5,0,0,0,12.1,10,7,6,2,9,1,10,2,0,0,55,84,6.19,1.541,7.3,1.5,6.6,7.3,1.11
20,,Joe Thatcher,2011.0,29,0,0,,4.50,18,0,5,0,0,0,10.0,8,5,5,1,7,1,9,0,0,0,44,82,4.63,1.500,7.2,0.9,6.3,8.1,1.29
21,,Brad Brach,2011.0,25,0,2,.000,5.14,9,0,4,0,0,0,7.0,9,5,4,0,7,4,11,1,0,1,38,73,3.31,2.286,11.6,0.0,9.0,14.1,1.57
22,,Drew Carpenter,2011.0,26,0,0,,8.44,6,0,2,0,0,0,5.1,6,5,5,1,3,1,6,0,0,3,24,46,4.90,1.688,10.1,1.7,5.1,10.1,2.00
23,,Sam Deduno,2011.0,27,0,0,,3.00,2,0,0,0,0,0,3.0,5,1,1,0,3,1,4,0,0,1,17,135,3.36,2.667,15.0,0.0,9.0,12.0,1.33
24,,Jeff Fulchino,2011.0,31,0,0,,16.20,3,0,1,0,0,0,1.2,3,3,3,0,4,1,2,0,0,1,12,28,7.83,4.200,16.2,0.0,21.6,10.8,0.50
1,SP,Felix Hernandez,2011.0,25,14,14,.500,3.47,33,33,0,5,0,0,233.2,218,99,90,19,67,0,222,7,1,12,964,109,3.13,1.220,8.4,0.7,2.6,8.6,3.31
2,SP,Jason Vargas,2011.0,28,10,13,.435,4.25,32,32,0,4,3,0,201.0,205,105,95,22,59,4,131,4,1,3,857,88,4.08,1.313,9.2,1.0,2.6,5.9,2.22
3,SP,Michael Pineda,2011.0,22,9,10,.474,3.74,28,28,0,0,0,0,171.0,133,76,71,18,55,1,173,5,0,9,696,101,3.42,1.099,7.0,0.9,2.9,9.1,3.15
4,SP,Doug Fister,2011.0,27,3,12,.200,3.33,21,21,0,3,0,0,146.0,139,57,54,7,32,2,89,9,1,3,602,113,3.27,1.171,8.6,0.4,2.0,5.5,2.78
5,SP,Blake Beavan,2011.0,22,5,6,.455,4.27,15,15,0,0,0,0,97.0,106,46,46,13,15,0,42,3,0,4,405,88,4.46,1.247,9.8,1.2,1.4,3.9,2.80
6,SP,Erik Bedard,2011.0,32,4,7,.364,3.45,16,16,0,0,0,0,91.1,77,41,35,11,30,0,87,1,0,5,373,109,3.70,1.172,7.6,1.1,3.0,8.6,2.90
8,CL,Brandon League,2011.0,28,1,5,.167,2.79,65,0,60,0,0,37,61.1,56,25,19,3,10,2,45,2,0,4,250,136,2.78,1.076,8.2,0.4,1.5,6.6,4.50
9,RP,Jamey Wright,2011.0,36,2,3,.400,3.16,60,0,19,0,0,1,68.1,61,26,24,6,30,3,48,5,0,4,286,120,4.30,1.332,8.0,0.8,4.0,6.3,1.60
10,RP,David Pauley,2011.0,28,5,4,.556,2.15,39,0,13,0,0,0,54.1,38,13,13,2,16,4,34,4,0,0,213,176,3.36,0.994,6.3,0.3,2.7,5.6,2.13
11,RP,Aaron Laffey,2011.0,26,1,1,.500,4.01,36,0,7,0,0,0,42.2,54,20,19,7,16,3,24,1,1,2,197,95,5.23,1.641,11.4,1.5,3.4,5.1,1.50
12,RP,Chris Ray,2011.0,29,3,2,.600,4.68,29,0,15,0,0,0,32.2,33,18,17,2,12,2,22,0,1,4,139,81,3.58,1.378,9.1,0.6,3.3,6.1,1.83
14,,Charlie Furbush,2011.0,25,3,7,.300,6.62,11,10,0,0,0,0,53.0,61,41,39,11,16,1,41,3,0,2,233,57,5.25,1.453,10.4,1.9,2.7,7.0,2.56
15,,Jeff Gray,2011.0,29,0,1,.000,4.89,24,0,6,0,0,1,35.0,39,19,19,3,17,2,16,0,0,1,158,78,4.68,1.600,10.0,0.8,4.4,4.1,0.94
16,,Tom Wilhelmsen,2011.0,27,2,0,1.000,3.31,25,0,10,0,0,0,32.2,25,13,12,2,13,0,30,2,1,6,136,115,3.36,1.163,6.9,0.6,3.6,8.3,2.31
17,,Josh Lueke,2011.0,26,1,1,.500,6.06,25,0,8,0,0,0,32.2,34,22,22,2,13,1,29,0,0,5,142,63,3.24,1.439,9.4,0.6,3.6,8.0,2.23
18,,Anthony Vasquez,2011.0,24,1,6,.143,8.90,7,7,0,0,0,0,29.1,46,35,29,13,10,0,13,3,0,0,146,43,9.23,1.909,14.1,4.0,3.1,4.0,1.30
19,,Chance Ruffin,2011.0,22,1,0,1.000,3.86,13,0,2,0,0,0,14.0,13,6,6,2,9,0,15,0,0,1,62,100,4.67,1.571,8.4,1.3,5.8,9.6,1.67
20,,Shawn Kelley,2011.0,27,0,0,,0.00,10,0,2,0,0,0,12.2,7,0,0,0,3,1,10,0,0,0,47,,2.16,0.789,5.0,0.0,2.1,7.1,3.33
21,,Dan Cortes,2011.0,24,0,2,.000,5.91,10,0,3,0,0,0,10.2,13,7,7,1,6,0,3,1,0,1,50,66,5.65,1.781,11.0,0.8,5.1,2.5,0.50
22,,Steve Delabar,2011.0,27,1,1,.500,2.57,6,0,4,0,0,0,7.0,5,2,2,1,4,1,7,1,0,0,28,155,5.03,1.286,6.4,1.3,5.1,9.0,1.75
23,,Cesar Jimenez,2011.0,26,1,0,1.000,5.40,8,0,1,0,0,0,6.2,6,4,4,0,3,0,7,0,0,2,30,74,2.28,1.350,8.1,0.0,4.1,9.5,2.33
1,SP,Matt Cain,2011.0,26,12,11,.522,2.88,33,33,0,1,0,0,221.2,177,82,71,9,63,5,179,9,0,4,907,121,2.91,1.083,7.2,0.4,2.6,7.3,2.84
2,SP,Tim Lincecum,2011.0,27,13,14,.481,2.74,33,33,0,1,1,0,217.0,176,74,66,15,86,5,220,6,0,9,900,127,3.17,1.207,7.3,0.6,3.6,9.1,2.56
3,SP,Madison Bumgarner,2011.0,21,13,13,.500,3.21,33,33,0,0,0,0,204.2,202,82,73,12,46,5,191,5,1,0,844,109,2.67,1.212,8.9,0.5,2.0,8.4,4.15
4,SP,Ryan Vogelsong,2011.0,33,13,7,.650,2.71,30,28,1,1,1,0,179.2,164,62,54,15,61,6,139,5,1,1,752,129,3.67,1.252,8.2,0.8,3.1,7.0,2.28
5,SP,Jonathan Sanchez,2011.0,28,4,7,.364,4.26,19,19,0,0,0,0,101.1,80,54,48,9,66,2,102,6,0,5,444,82,4.30,1.441,7.1,0.8,5.9,9.1,1.55
7,CL,Brian Wilson,2011.0,29,6,4,.600,3.11,57,0,45,0,0,36,55.0,50,20,19,2,31,0,54,2,0,2,243,113,3.33,1.473,8.2,0.3,5.1,8.8,1.74
8,RP,Ramon Ramirez,2011.0,29,3,3,.500,2.62,66,0,22,0,0,4,68.2,54,24,20,3,26,5,66,3,1,6,282,133,2.94,1.165,7.1,0.4,3.4,8.7,2.54
9,RP,Jeremy Affeldt,2011.0,32,3,2,.600,2.63,67,0,12,0,0,3,61.2,47,22,18,5,24,3,54,4,0,4,259,133,3.69,1.151,6.9,0.7,3.5,7.9,2.25
10,RP,Javier Lopez,2011.0,33,5,2,.714,2.72,70,0,17,0,0,1,53.0,42,16,16,0,26,6,40,3,0,1,222,129,3.16,1.283,7.1,0.0,4.4,6.8,1.54
11,RP,Sergio Romo,2011.0,28,3,1,.750,1.50,65,0,16,0,0,1,48.0,29,8,8,2,5,1,70,0,0,0,175,234,0.96,0.708,5.4,0.4,0.9,13.1,14.00
13,,Guillermo Mota,2011.0,37,2,2,.500,3.81,52,0,11,0,0,1,80.1,71,34,34,10,30,4,77,2,1,1,333,92,3.92,1.257,8.0,1.1,3.4,8.6,2.57
14,,Barry Zito,2011.0,33,3,4,.429,5.87,13,9,3,0,0,0,53.2,51,35,35,10,24,1,32,0,0,1,225,60,5.60,1.398,8.6,1.7,4.0,5.4,1.33
15,,Santiago Casilla,2011.0,30,2,2,.500,1.74,49,0,20,0,0,6,51.2,33,11,10,1,25,1,45,2,0,5,211,201,3.10,1.123,5.7,0.2,4.4,7.8,1.80
16,,Dan Runzler,2011.0,26,1,2,.333,6.26,31,1,9,0,0,0,27.1,29,21,19,0,16,1,25,0,0,1,120,56,2.95,1.646,9.5,0.0,5.3,8.2,1.56
17,,Eric Surkamp,2011.0,23,2,2,.500,5.74,6,6,0,0,0,0,26.2,32,18,17,1,17,1,13,2,0,0,126,62,4.68,1.838,10.8,0.3,5.7,4.4,0.76
18,,Steve Edlefsen,2011.0,26,0,0,,9.53,13,0,2,0,0,0,11.1,17,12,12,2,10,0,6,1,0,0,60,38,7.17,2.382,13.5,1.6,7.9,4.8,0.60
19,,Waldis Joaquin,2011.0,24,1,0,1.000,4.26,5,0,1,0,0,0,6.1,6,3,3,0,3,0,3,0,0,2,27,87,3.50,1.421,8.5,0.0,4.3,4.3,1.00
1,SP,Chris Carpenter,2011.0,36,11,9,.550,3.45,34,34,0,4,2,0,237.1,243,98,91,16,55,5,191,6,1,3,996,108,3.06,1.256,9.2,0.6,2.1,7.2,3.47
2,SP,Jaime Garcia,2011.0,24,13,7,.650,3.56,32,32,0,2,2,0,194.2,207,100,77,15,50,2,156,2,1,12,826,104,3.23,1.320,9.6,0.7,2.3,7.2,3.12
3,SP,Kyle Lohse,2011.0,32,14,8,.636,3.39,30,30,0,1,1,0,188.1,178,80,71,16,42,1,111,3,0,1,775,109,3.67,1.168,8.5,0.8,2.0,5.3,2.64
4,SP,Jake Westbrook,2011.0,33,12,9,.571,4.66,33,33,0,0,0,0,183.1,208,103,95,16,73,8,104,2,0,3,809,80,4.25,1.533,10.2,0.8,3.6,5.1,1.42
5,SP,Edwin Jackson,2011.0,27,5,2,.714,3.58,13,12,1,0,0,0,78.0,91,37,31,8,23,2,51,2,1,2,339,104,4.01,1.462,10.5,0.9,2.7,5.9,2.22
7,CL,Fernando Salas,2011.0,26,5,6,.455,2.28,68,0,46,0,0,24,75.0,50,20,19,7,21,3,75,2,0,2,295,163,3.16,0.947,6.0,0.8,2.5,9.0,3.57
8,RP,Kyle McClellan,2011.0,27,12,7,.632,4.19,43,17,5,0,0,0,141.2,143,71,66,21,43,3,76,6,0,6,607,89,4.92,1.313,9.1,1.3,2.7,4.8,1.77
9,RP,Jason Motte,2011.0,29,5,2,.714,2.25,78,0,27,0,0,9,68.0,49,22,17,2,16,2,63,5,0,1,268,166,2.48,0.956,6.5,0.3,2.1,8.3,3.94
10,RP,Mitchell Boggs,2011.0,27,2,3,.400,3.56,51,0,20,0,0,4,60.2,62,27,24,4,21,2,48,2,0,5,260,105,3.44,1.368,9.2,0.6,3.1,7.1,2.29
11,RP,Trever Miller,2011.0,38,0,1,.000,4.02,39,0,4,0,0,1,15.2,19,7,7,1,10,2,9,2,0,1,77,95,5.00,1.851,10.9,0.6,5.7,5.2,0.90
13,,Lance Lynn,2011.0,24,1,1,.500,3.12,18,2,2,0,0,1,34.2,25,12,12,3,11,1,40,1,0,1,136,120,2.88,1.038,6.5,0.8,2.9,10.4,3.64
14,,Eduardo Sanchez,2011.0,22,3,1,.750,1.80,26,0,11,0,0,5,30.0,14,6,6,1,16,0,35,3,0,5,118,209,3.03,1.000,4.2,0.3,4.8,10.5,2.19
15,,Miguel Batista,2011.0,40,3,2,.600,4.60,26,1,2,0,0,0,29.1,27,20,15,2,19,4,16,4,0,2,137,82,5.17,1.568,8.3,0.6,5.8,4.9,0.84
16,,Ryan Franklin,2011.0,38,1,4,.200,8.46,21,0,9,0,0,1,27.2,44,27,26,9,7,2,17,1,0,1,133,44,6.89,1.843,14.3,2.9,2.3,5.5,2.43
17,,Octavio Dotel,2011.0,37,3,3,.500,3.28,29,0,10,0,0,2,24.2,16,10,9,1,5,0,32,0,0,1,96,115,1.57,0.851,5.8,0.4,1.8,11.7,6.40
18,,Marc Rzepczynski,2011.0,25,0,3,.000,3.97,28,0,1,0,0,0,22.2,22,11,10,1,11,1,28,1,0,1,98,95,2.72,1.456,8.7,0.4,4.4,11.1,2.55
19,,Brian Tallet,2011.0,33,0,1,.000,8.31,18,0,7,0,0,0,13.0,20,13,12,4,5,1,9,2,0,0,68,46,7.26,1.923,13.8,2.8,3.5,6.2,1.80
20,,Arthur Rhodes,2011.0,41,0,1,.000,4.15,19,0,1,0,0,0,8.2,6,4,4,2,3,0,6,0,0,0,33,93,5.68,1.038,6.2,2.1,3.1,6.2,2.00
21,,Brandon Dickson,2011.0,26,0,0,,3.24,4,1,0,0,0,0,8.1,9,3,3,2,3,0,7,0,0,0,34,120,5.55,1.440,9.7,2.2,3.2,7.6,2.33
22,,Bryan Augenstein,2011.0,24,0,1,.000,9.53,5,0,1,0,0,0,5.2,11,7,6,1,3,3,6,1,0,1,31,42,5.32,2.471,17.5,1.6,4.8,9.5,2.00
23,,RaAol ValdA(c)s,2011.0,33,0,1,.000,3.38,7,0,3,0,0,0,5.1,6,2,2,0,4,2,7,1,0,0,27,118,3.21,1.875,10.1,0.0,6.8,11.8,1.75
24,,Maikel Cleto,2011.0,22,0,0,,12.46,3,0,2,0,0,0,4.1,7,6,6,2,4,0,6,0,0,0,25,33,9.03,2.538,14.5,4.2,8.3,12.5,1.50
25,,P.J. Walters,2011.0,26,0,0,,9.00,4,0,2,0,0,0,4.0,3,4,4,1,2,0,3,0,0,0,18,45,6.28,1.250,6.8,2.3,4.5,6.8,1.50
26,,Skip Schumaker,2011.0,31,0,0,,18.00,1,0,1,0,0,0,1.0,1,2,2,1,1,0,2,0,0,0,5,29,15.03,2.000,9.0,9.0,9.0,18.0,2.00
1,SP,James Shields,2011.0,29,16,12,.571,2.82,33,33,0,11,4,0,249.1,195,83,78,26,65,1,225,5,0,4,975,134,3.42,1.043,7.0,0.9,2.3,8.1,3.46
2,SP,David Price,2011.0,25,12,13,.480,3.49,34,34,0,0,0,0,224.1,192,93,87,22,63,5,218,9,0,2,918,108,3.32,1.137,7.7,0.9,2.5,8.7,3.46
3,SP,Jeremy Hellickson,2011.0,24,13,10,.565,2.95,29,29,0,2,1,0,189.0,146,64,62,21,72,8,117,4,1,8,774,128,4.44,1.153,7.0,1.0,3.4,5.6,1.63
4,SP,Wade Davis,2011.0,25,11,10,.524,4.45,29,29,0,1,0,0,184.0,190,96,91,23,63,1,105,8,0,6,795,85,4.67,1.375,9.3,1.1,3.1,5.1,1.67
5,SP,Jeff Niemann,2011.0,28,11,7,.611,4.06,23,23,0,1,0,0,135.1,131,65,61,18,37,1,105,5,0,7,572,93,4.13,1.241,8.7,1.2,2.5,7.0,2.84
7,CL,Kyle Farnsworth,2011.0,35,5,1,.833,2.18,63,0,51,0,0,25,57.2,45,15,14,5,12,1,51,3,0,2,231,173,3.16,0.988,7.0,0.8,1.9,8.0,4.25
8,RP,Joel Peralta,2011.0,35,3,4,.429,2.93,71,0,18,0,0,6,67.2,44,23,22,7,18,3,61,0,0,3,256,129,3.36,0.916,5.9,0.9,2.4,8.1,3.39
9,RP,Juan Cruz,2011.0,32,5,0,1.000,3.88,56,0,9,0,0,0,48.2,36,21,21,5,28,2,46,0,0,3,200,98,4.20,1.315,6.7,0.9,5.2,8.5,1.64
10,RP,Cesar Ramos,2011.0,27,0,1,.000,3.92,59,0,9,0,0,0,43.2,36,22,19,4,25,8,31,3,0,1,192,97,4.72,1.397,7.4,0.8,5.2,6.4,1.24
11,RP,J.P. Howell,2011.0,28,2,3,.400,6.16,46,0,5,0,0,1,30.2,30,24,21,5,18,1,26,2,2,2,138,62,5.41,1.565,8.8,1.5,5.3,7.6,1.44
13,,Alex Cobb,2011.0,23,3,2,.600,3.42,9,9,0,0,0,0,52.2,49,21,20,3,21,1,37,1,0,2,224,111,3.61,1.329,8.4,0.5,3.6,6.3,1.76
14,,Brandon Gomes,2011.0,26,2,1,.667,2.92,40,0,17,0,0,0,37.0,34,15,12,3,16,0,32,1,0,1,160,130,3.73,1.351,8.3,0.7,3.9,7.8,2.00
15,,Andy Sonnanstine,2011.0,28,0,2,.000,5.55,15,4,8,0,0,0,35.2,40,22,22,10,12,1,12,1,0,0,152,68,7.09,1.458,10.1,2.5,3.0,3.0,1.00
16,,Adam Russell,2011.0,28,1,2,.333,3.03,36,0,14,0,0,0,32.2,31,13,11,2,20,1,13,3,0,1,147,125,5.14,1.561,8.5,0.6,5.5,3.6,0.65
17,,Jake McGee,2011.0,24,5,2,.714,4.50,37,0,9,0,0,0,28.0,30,14,14,5,12,1,27,0,0,0,124,85,4.70,1.500,9.6,1.6,3.9,8.7,2.25
18,,Matt Moore,2011.0,22,1,0,1.000,2.89,3,1,0,0,0,0,9.1,9,3,3,1,3,0,15,0,0,2,40,136,2.17,1.286,8.7,1.0,2.9,14.5,5.00
19,,Alex Torres,2011.0,23,1,1,.500,3.38,4,0,2,0,0,0,8.0,8,4,3,0,7,2,9,1,0,0,39,117,3.78,1.875,9.0,0.0,7.9,10.1,1.29
20,,Dane De La Rosa,2011.0,28,0,0,,9.82,7,0,2,0,0,0,7.1,10,8,8,1,3,0,8,0,0,1,34,40,3.84,1.773,12.3,1.2,3.7,9.8,2.67
21,,Rob Delaney,2011.0,26,0,0,,10.80,4,0,1,0,0,0,5.0,4,6,6,0,7,1,3,0,0,0,25,38,6.03,2.200,7.2,0.0,12.6,5.4,0.43
22,,Jay Buente,2011.0,27,0,0,,9.00,1,0,1,0,0,0,2.0,2,2,2,0,2,0,1,0,0,0,10,50,5.03,2.000,9.0,0.0,9.0,4.5,0.50
23,,Mike Ekstrom,2011.0,27,0,0,,0.00,1,0,1,0,0,0,1.0,1,0,0,0,0,0,1,0,0,0,4,,1.03,1.000,9.0,0.0,0.0,9.0,
1,SP,C.J. Wilson,2011.0,30,16,7,.696,2.94,34,34,0,3,1,0,223.1,191,89,73,16,74,0,206,10,0,6,915,150,3.24,1.187,7.7,0.6,3.0,8.3,2.78
2,SP,Colby Lewis,2011.0,31,14,10,.583,4.40,32,32,0,2,1,0,200.1,187,103,98,35,56,1,169,6,0,4,839,100,4.54,1.213,8.4,1.6,2.5,7.6,3.02
3,SP,Derek Holland,2011.0,24,16,5,.762,3.95,32,32,0,4,4,0,198.0,201,97,87,22,67,1,162,6,1,2,843,112,3.94,1.354,9.1,1.0,3.0,7.4,2.42
4,SP,Matt Harrison,2011.0,25,14,9,.609,3.39,31,30,0,0,0,0,185.2,180,79,70,13,57,1,126,1,1,6,772,130,3.52,1.276,8.7,0.6,2.8,6.1,2.21
5,SP,Alexi Ogando,2011.0,27,13,8,.619,3.51,31,29,2,1,1,0,169.0,149,73,66,16,43,0,126,7,0,5,693,126,3.65,1.136,7.9,0.9,2.3,6.7,2.93
7,CL,Neftali Feliz,2011.0,23,2,3,.400,2.74,64,0,56,0,0,32,62.1,42,22,19,4,30,1,54,0,1,2,252,162,3.57,1.155,6.1,0.6,4.3,7.8,1.80
8,RP,Darren Oliver,2011.0,40,5,5,.500,2.29,61,0,17,0,0,2,51.0,47,17,13,3,11,1,44,1,1,0,215,194,2.77,1.137,8.3,0.5,1.9,7.8,4.00
9,RP,Mark Lowe,2011.0,28,2,3,.400,3.80,52,0,10,0,0,1,45.0,46,26,19,6,19,4,42,0,0,3,196,117,4.16,1.444,9.2,1.2,3.8,8.4,2.21
10,RP,Yoshinori Tateyama,2011.0,35,2,0,1.000,4.50,39,0,8,0,0,1,44.0,37,23,22,8,11,4,43,2,0,1,181,99,4.32,1.091,7.6,1.6,2.3,8.8,3.91
11,RP,Arthur Rhodes,2011.0,41,3,3,.500,4.81,32,0,10,0,0,1,24.1,28,13,13,6,8,1,15,0,0,1,105,93,5.98,1.479,10.4,2.2,3.0,5.5,1.88
13,,Dave Bush,2011.0,31,0,1,.000,5.79,17,3,7,0,0,0,37.1,47,27,24,6,9,2,23,3,0,2,166,77,4.85,1.500,11.3,1.4,2.2,5.5,2.56
14,,Scott Feldman,2011.0,28,2,1,.667,3.94,11,2,5,0,0,0,32.0,25,14,14,3,10,0,22,2,0,2,129,113,3.99,1.094,7.0,0.8,2.8,6.2,2.20
15,,Michael Kirkman,2011.0,24,1,1,.500,6.59,15,0,7,0,0,0,27.1,26,22,20,5,12,2,21,3,0,2,122,68,5.51,1.390,8.6,1.6,4.0,6.9,1.75
16,,Mike Adams,2011.0,32,2,3,.400,2.10,27,0,5,0,0,1,25.2,18,6,6,3,5,1,25,0,0,0,98,212,3.18,0.896,6.3,1.1,1.8,8.8,5.00
17,,Koji Uehara,2011.0,36,1,2,.333,4.00,22,0,3,0,0,0,18.0,13,8,8,5,1,0,23,0,0,0,69,112,4.25,0.778,6.5,2.5,0.5,11.5,23.00
18,,Brett Tomko,2011.0,38,0,1,.000,4.58,8,0,3,0,0,0,17.2,15,9,9,4,10,1,14,0,0,1,74,98,6.08,1.415,7.6,2.0,5.1,7.1,1.40
19,,Darren O'Day,2011.0,28,0,1,.000,5.40,16,0,7,0,0,0,16.2,17,10,10,7,5,0,18,2,0,0,74,83,7.59,1.320,9.2,3.8,2.7,9.7,3.60
20,,Tommy Hunter,2011.0,24,1,1,.500,2.93,8,0,2,0,0,0,15.1,12,6,5,1,5,0,10,0,0,0,62,154,3.55,1.109,7.0,0.6,2.9,5.9,2.00
21,,Pedro Strop,2011.0,26,0,1,.000,3.72,11,0,4,0,0,0,9.2,7,4,4,0,7,0,9,1,2,2,44,123,3.65,1.448,6.5,0.0,6.5,8.4,1.29
22,,Cody Eppley,2011.0,25,1,1,.500,8.00,10,0,1,0,0,0,9.0,11,8,8,3,5,1,6,1,0,1,43,57,8.03,1.778,11.0,3.0,5.0,6.0,1.20
23,,Mark Hamburger,2011.0,24,1,0,1.000,4.50,5,0,1,0,0,0,8.0,5,4,4,0,3,0,6,0,0,1,31,102,2.65,1.000,5.6,0.0,3.4,6.8,2.00
24,,Mike Gonzalez,2011.0,33,0,0,,5.14,7,0,1,0,0,0,7.0,5,4,4,0,3,0,5,0,0,1,28,90,2.88,1.143,6.4,0.0,3.9,6.4,1.67
25,,Mason Tobin,2011.0,23,0,0,,6.75,4,0,1,0,0,0,5.1,5,5,4,1,5,0,0,1,0,0,24,70,8.84,1.875,8.4,1.7,8.4,0.0,0.00
26,,Ryan Tucker,2011.0,24,0,0,,7.20,5,0,1,0,0,0,5.0,6,5,4,1,4,0,4,0,0,1,25,66,6.43,2.000,10.8,1.8,7.2,7.2,1.00
27,,Merkin Valdez,2011.0,29,0,0,,6.23,5,0,1,0,0,0,4.1,7,3,3,2,1,0,6,0,0,0,21,76,6.95,1.846,14.5,4.2,2.1,12.5,6.00
1,SP,Ricky Romero,2011.0,26,15,11,.577,2.92,32,32,0,4,2,0,225.0,176,85,73,26,80,2,178,14,1,9,917,146,4.20,1.138,7.0,1.0,3.2,7.1,2.23
2,SP,Brandon Morrow,2011.0,26,11,11,.500,4.72,30,30,0,0,0,0,179.1,162,103,94,21,69,1,203,12,1,12,777,90,3.64,1.288,8.1,1.1,3.5,10.2,2.94
3,SP,Brett Cecil,2011.0,24,4,11,.267,4.73,20,20,0,2,1,0,123.2,122,68,65,22,42,1,87,6,0,1,532,90,5.10,1.326,8.9,1.6,3.1,6.3,2.07
4,SP,Jo-Jo Reyes,2011.0,26,5,8,.385,5.40,20,20,0,1,0,0,110.0,140,78,66,14,35,0,64,6,0,6,504,79,4.63,1.591,11.5,1.1,2.9,5.2,1.83
5,SP,Kyle Drabek,2011.0,23,4,5,.444,6.06,18,14,2,0,0,0,78.2,87,54,53,10,55,0,51,1,0,11,365,70,5.52,1.805,10.0,1.1,6.3,5.8,0.93
7,CL,Frank Francisco,2011.0,31,1,4,.200,3.55,54,0,38,0,0,17,50.2,49,21,20,7,18,2,53,0,0,2,218,120,3.79,1.322,8.7,1.2,3.2,9.4,2.94
8,RP,Shawn Camp,2011.0,35,6,3,.667,4.21,67,0,23,0,0,1,66.1,79,36,31,3,22,9,32,6,0,0,292,102,3.91,1.523,10.7,0.4,3.0,4.3,1.45
9,RP,Casey Janssen,2011.0,29,6,0,1.000,2.26,55,0,11,0,0,2,55.2,47,14,14,2,14,1,53,2,0,2,223,189,2.45,1.096,7.6,0.3,2.3,8.6,3.79
10,RP,Jon Rauch,2011.0,32,5,4,.556,4.85,53,0,28,0,0,11,52.0,56,28,28,11,14,1,36,1,0,2,225,88,5.26,1.346,9.7,1.9,2.4,6.2,2.57
11,RP,Jason Frasor,2011.0,33,2,1,.667,2.98,44,0,6,0,0,0,42.1,38,15,14,4,15,1,37,2,0,2,178,144,3.71,1.252,8.1,0.9,3.2,7.9,2.47
13,,Carlos Villanueva,2011.0,27,6,4,.600,4.04,33,13,3,0,0,0,107.0,103,49,48,11,32,3,68,4,0,4,454,106,4.10,1.262,8.7,0.9,2.7,5.7,2.13
14,,Jesse Litsch,2011.0,26,6,3,.667,4.44,28,8,4,0,0,1,75.0,69,40,37,10,28,2,66,3,0,3,317,96,4.24,1.293,8.3,1.2,3.4,7.9,2.36
15,,Luis Perez,2011.0,26,3,3,.500,5.12,37,4,7,0,0,0,65.0,74,40,37,9,27,1,54,5,0,4,294,83,4.64,1.554,10.2,1.2,3.7,7.5,2.00
16,,Henderson Alvarez III,2011.0,21,1,3,.250,3.53,10,10,0,0,0,0,63.2,64,26,25,8,8,0,40,4,0,2,259,121,3.97,1.131,9.0,1.1,1.1,5.7,5.00
17,,Marc Rzepczynski,2011.0,25,2,3,.400,2.97,43,0,6,0,0,0,39.1,28,16,13,2,15,0,33,3,0,5,158,144,3.38,1.093,6.4,0.5,3.4,7.6,2.20
18,,Octavio Dotel,2011.0,37,2,1,.667,3.68,36,0,11,0,0,1,29.1,20,13,12,5,12,2,30,2,0,0,122,117,4.63,1.091,6.1,1.5,3.7,9.2,2.50
19,,Dustin McGowan,2011.0,29,0,2,.000,6.43,5,4,0,0,0,0,21.0,20,15,15,4,13,0,20,1,0,3,96,67,5.60,1.571,8.6,1.7,5.6,8.6,1.54
20,,Brad Mills,2011.0,26,1,2,.333,9.82,5,4,0,0,0,0,18.1,23,20,20,4,12,1,18,2,0,1,91,44,6.19,1.909,11.3,2.0,5.9,8.8,1.50
21,,Zach Stewart,2011.0,24,0,1,.000,4.86,3,3,0,0,0,0,16.2,26,9,9,2,5,1,10,1,1,1,75,89,4.47,1.860,14.0,1.1,2.7,5.4,2.00
22,,Joel Carreno,2011.0,24,1,0,1.000,1.15,11,0,3,0,0,0,15.2,11,2,2,1,4,0,14,0,0,0,59,378,2.83,0.957,6.3,0.6,2.3,8.0,3.50
23,,Wil Ledezma,2011.0,30,0,0,,15.00,5,0,2,0,0,0,6.0,11,10,10,1,7,0,6,0,0,2,36,30,6.69,3.000,16.5,1.5,10.5,9.0,0.86
24,,Rommie Lewis,2011.0,28,0,0,,9.00,6,0,3,0,0,0,5.0,12,8,5,1,2,0,5,2,0,0,31,51,6.03,2.800,21.6,1.8,3.6,9.0,2.50
25,,Trever Miller,2011.0,38,0,0,,4.91,6,0,0,0,0,0,3.2,6,2,2,1,2,0,2,0,0,1,18,95,7.12,2.182,14.7,2.5,4.9,4.9,1.00
26,,David Purcey,2011.0,29,0,0,,11.57,5,0,0,0,0,0,2.1,3,3,3,0,4,0,3,0,0,0,14,42,5.60,3.000,11.6,0.0,15.4,11.6,0.75
27,,Chad Beck,2011.0,26,0,0,,0.00,3,0,3,0,0,0,2.1,1,0,0,0,0,0,3,0,0,0,8,,0.45,0.429,3.9,0.0,0.0,11.6,
28,,Danny Farquhar,2011.0,24,0,0,,13.50,3,0,2,0,0,0,2.0,4,4,3,0,2,0,1,0,0,0,11,37,5.03,3.000,18.0,0.0,9.0,4.5,0.50
29,,Mike McCoy,2011.0,30,0,0,,0.00,1,0,1,0,0,0,1.0,0,0,0,0,0,0,0,0,0,0,3,,3.03,0.000,0.0,0.0,0.0,0.0,
30,,P.J. Walters,2011.0,26,0,0,,0.00,1,0,0,0,0,0,1.0,0,0,0,0,1,0,1,0,0,0,3,,4.03,1.000,0.0,0.0,9.0,9.0,1.00
31,,Scott Richmond,2011.0,31,0,0,,0.00,1,0,1,0,0,0,0.1,0,0,0,0,0,0,0,0,0,0,1,,3.03,0.000,0.0,0.0,0.0,0.0,
32,,Brian Tallet,2011.0,33,0,1,.000,54.00,1,0,1,0,0,0,0.1,2,2,2,0,2,0,1,0,0,0,5,16,15.03,12.000,54.0,0.0,54.0,27.0,0.50
1,SP,John Lannan,2011.0,26,10,13,.435,3.70,33,33,0,0,0,0,184.2,194,90,76,15,76,3,106,7,0,4,808,103,4.28,1.462,9.5,0.7,3.7,5.2,1.39
2,SP,LivA!n HernA!ndez,2011.0,36,8,13,.381,4.47,29,29,0,1,1,0,175.1,199,98,87,16,46,6,99,5,0,3,751,86,3.95,1.397,10.2,0.8,2.4,5.1,2.15
3,SP,Jordan Zimmermann,2011.0,25,8,11,.421,3.18,26,26,0,1,0,0,161.1,154,62,57,12,31,2,124,7,1,3,662,120,3.16,1.147,8.6,0.7,1.7,6.9,4.00
4,SP,Jason Marquis,2011.0,32,8,5,.615,3.95,20,20,0,1,1,0,120.2,132,58,53,8,39,1,71,4,0,1,524,97,3.78,1.417,9.8,0.6,2.9,5.3,1.82
5,SP,Chien-Ming Wang,2011.0,31,4,3,.571,4.04,11,11,0,0,0,0,62.1,67,35,28,8,13,0,25,1,0,2,264,95,4.57,1.283,9.7,1.2,1.9,3.6,1.92
7,CL,Drew Storen,2011.0,23,6,3,.667,2.75,73,0,52,0,0,43,75.1,57,24,23,8,20,4,74,2,0,2,303,140,3.32,1.022,6.8,1.0,2.4,8.8,3.70
8,RP,Tyler Clippard,2011.0,26,3,0,1.000,1.83,72,0,8,0,0,0,88.1,48,18,18,11,26,2,104,0,0,1,329,209,3.17,0.838,4.9,1.1,2.6,10.6,4.00
9,RP,Henry Rodriguez,2011.0,24,3,3,.500,3.56,59,0,21,0,0,2,65.2,54,30,26,1,45,1,70,2,1,14,295,108,3.24,1.508,7.4,0.1,6.2,9.6,1.56
10,RP,Todd Coffey,2011.0,30,5,1,.833,3.62,69,0,15,0,0,0,59.2,55,25,24,4,20,3,46,1,0,1,254,106,3.41,1.257,8.3,0.6,3.0,6.9,2.30
11,RP,Sean Burnett,2011.0,28,5,5,.500,3.81,69,0,17,0,0,4,56.2,54,24,24,6,21,4,33,3,0,2,242,101,4.51,1.324,8.6,1.0,3.3,5.2,1.57
13,,Tom Gorzelanny,2011.0,28,4,6,.400,4.03,30,15,1,0,0,0,105.0,102,50,47,15,33,5,95,6,1,5,447,95,4.19,1.286,8.7,1.3,2.8,8.1,2.88
14,,Ross Detwiler,2011.0,25,4,5,.444,3.00,15,10,0,0,0,0,66.0,63,26,22,7,20,2,41,3,0,2,277,128,4.21,1.258,8.6,1.0,2.7,5.6,2.05
15,,Collin Balester,2011.0,25,1,4,.200,4.54,23,0,9,0,0,0,35.2,38,21,18,7,14,0,34,1,1,2,159,85,4.93,1.458,9.6,1.8,3.5,8.6,2.43
16,,Yunesky Maya,2011.0,29,1,1,.500,5.23,10,5,2,0,0,0,32.2,40,19,19,3,10,2,15,2,0,1,142,74,4.40,1.531,11.0,0.8,2.8,4.1,1.50
17,,Ryan Mattheus,2011.0,27,2,2,.500,2.81,35,0,12,0,0,0,32.0,26,11,10,1,15,3,12,2,1,1,136,138,4.28,1.281,7.3,0.3,4.2,3.4,0.80
18,,Tommy Milone,2011.0,24,1,0,1.000,3.81,5,5,0,0,0,0,26.0,28,11,11,2,4,2,15,2,0,0,110,102,3.56,1.231,9.7,0.7,1.4,5.2,3.75
19,,Stephen Strasburg,2011.0,22,1,1,.500,1.50,5,5,0,0,0,0,24.0,15,5,4,0,2,0,24,0,0,0,88,259,1.28,0.708,5.6,0.0,0.8,9.0,12.00
20,,Doug Slaten,2011.0,31,0,2,.000,4.41,31,0,11,0,0,0,16.1,26,10,8,3,9,3,13,1,0,0,84,89,5.66,2.143,14.3,1.7,5.0,7.2,1.44
21,,Cole Kimball,2011.0,25,1,0,1.000,1.93,12,0,4,0,0,0,14.0,8,3,3,0,11,0,11,1,0,2,59,204,4.03,1.357,5.1,0.0,7.1,7.1,1.00
22,,Brian Broderick,2011.0,24,0,1,.000,6.57,11,0,3,0,0,0,12.1,16,9,9,0,3,0,4,2,1,1,57,60,3.59,1.541,11.7,0.0,2.2,2.9,1.33
23,,Brad Peacock,2011.0,23,2,0,1.000,0.75,3,2,0,0,0,0,12.0,7,1,1,0,6,0,4,0,0,1,48,526,3.86,1.083,5.3,0.0,4.5,3.0,0.67
24,,Craig Stammen,2011.0,27,1,1,.500,0.87,7,0,2,0,0,0,10.1,3,1,1,0,4,0,12,0,0,1,38,456,1.86,0.677,2.6,0.0,3.5,10.5,3.00
25,,Chad Gaudin,2011.0,28,1,1,.500,6.48,10,0,1,0,0,0,8.1,12,10,6,1,8,0,10,0,0,0,45,62,5.07,2.400,13.0,1.1,8.6,10.8,1.25
26,,Atahualpa Severino,2011.0,26,1,0,1.000,3.86,6,0,0,0,0,0,4.2,5,2,2,1,1,0,7,0,0,0,19,108,3.45,1.286,9.6,1.9,1.9,13.5,7.00
