Player,ScaledElo,Tier,WithinTier
"Fedde, Erick",1.2594501808916513e-05,0,1.2594501808916513e-05
"Díaz, Alexis",1.2011420720658203e-05,0,1.2011420720658203e-05
"Guerrero, Luis",1.1950754051144922e-05,0,1.1950754051144922e-05
"Herrin, Tim",1.14565020053362e-05,0,1.14565020053362e-05
"Vásquez, Randy",1.1331421075151281e-05,0,1.1331421075151281e-05
"Anderson, Ian",9.943761079508712e-06,0,9.943761079508712e-06
"Kochanowicz, Jack",9.905104393224192e-06,0,9.905104393224192e-06
"McCullers Jr., Lance",9.52689005818383e-06,0,9.52689005818383e-06
"Palmquist, Carson",9.362768123036645e-06,0,9.362768123036645e-06
"Ellard, Fraser",9.026957674920929e-06,0,9.026957674920929e-06
"Henry, Cole",8.95245584652711e-06,0,8.95245584652711e-06
"Arrighetti, Spencer",8.74425538630401e-06,0,8.74425538630401e-06
"Sims, Lucas",8.722089135435514e-06,0,8.722089135435514e-06
"Murdock, Noah",8.523844174734591e-06,0,8.523844174734591e-06
"Reifert, Evan",8.181022183632977e-06,0,8.181022183632977e-06
"Vasil, Mike",8.061188133496626e-06,0,8.061188133496626e-06
"Buehler, Walker",8.050946574691767e-06,0,8.050946574691767e-06
"Núñez, Eduarniel",8.038748589316764e-06,0,8.038748589316764e-06
"Jacob, Alek",7.948654572976943e-06,0,7.948654572976943e-06
"Waldron, Matt",7.812139601138603e-06,0,7.812139601138603e-06
"Hicks, Jordan",7.731005496089211e-06,0,7.731005496089211e-06
"Wilson, Bryse",7.652956885359657e-06,0,7.652956885359657e-06
"Altavilla, Dan",7.644328098687342e-06,0,7.644328098687342e-06
"Poche, Colin",7.437223640281273e-06,0,7.437223640281273e-06
"Peralta, Luis",7.42844303956526e-06,0,7.42844303956526e-06
"Graveman, Kendall",7.406167321106079e-06,0,7.406167321106079e-06
"Fujinami, Shintaro",7.396803551240022e-06,0,7.396803551240022e-06
"Brown, McCade",7.362472554063568e-06,0,7.362472554063568e-06
"Castillo, Diego",7.348602256026228e-06,0,7.348602256026228e-06
"Hernández, Enrique",7.220772718695595e-06,0,7.220772718695595e-06
"McDaniels, Garrett",7.0190417264561256e-06,0,7.0190417264561256e-06
"Shaw, Bryan",7.005666411435924e-06,0,7.005666411435924e-06
"Santos, Gregory",6.964119762416668e-06,0,6.964119762416668e-06
"Scott, Tayler",6.905564308251977e-06,0,6.905564308251977e-06
"McDermott, Chayce",6.859404030126011e-06,0,6.859404030126011e-06
"Mey, Luis",6.826180640737691e-06,0,6.826180640737691e-06
"Pearson, Nate",6.809020137802263e-06,0,6.809020137802263e-06
"Roa, Christian",6.763638014783968e-06,0,6.763638014783968e-06
"Smith, Hagen",6.5990505942308395e-06,0,6.5990505942308395e-06
"Schultz, Noah",6.535044578142495e-06,0,6.535044578142495e-06
"Adams, Travis",6.520297232838228e-06,0,6.520297232838228e-06
"Miller, Erik",6.395408178696311e-06,0,6.395408178696311e-06
"Long, Sam",6.3792284989290025e-06,0,6.3792284989290025e-06
"Montero, Rafael",6.358890386192929e-06,0,6.358890386192929e-06
"Benjamin, Wes",6.332859647960636e-06,0,6.332859647960636e-06
"Karinchak, James",6.184131797468911e-06,0,6.184131797468911e-06
"Rolison, Ryan",6.1503962837219946e-06,0,6.1503962837219946e-06
"McKenzie, Triston",6.145304306217192e-06,0,6.145304306217192e-06
"Adams, Austin",6.137090790582308e-06,0,6.137090790582308e-06
"Smith, Dylan",6.0891347046544435e-06,0,6.0891347046544435e-06
"Aldegheri, Sam",6.067354334884947e-06,0,6.067354334884947e-06
"Assad, Javier",6.055188546358595e-06,0,6.055188546358595e-06
"Kopech, Michael",6.022912934024492e-06,0,6.022912934024492e-06
"Loutos, Ryan",5.938144273687984e-06,0,5.938144273687984e-06
"Woodford, Jake",5.899931558283175e-06,0,5.899931558283175e-06
"Houck, Tanner",5.892343838145753e-06,0,5.892343838145753e-06
"Mederos, Victor",5.865846966446919e-06,0,5.865846966446919e-06
"Petty, Chase",5.845122456684333e-06,0,5.845122456684333e-06
"Bello, Brayan",5.830973177781048e-06,0,5.830973177781048e-06
"Dollander, Chase",5.806637786137084e-06,0,5.806637786137084e-06
"Tidwell, Blade",5.724545289966048e-06,0,5.724545289966048e-06
"Bauers, Jake",5.7238566126089905e-06,0,5.7238566126089905e-06
"Gil, Luis",5.642358684198479e-06,0,5.642358684198479e-06
"Sabrowski, Erik",5.571104088988499e-06,0,5.571104088988499e-06
"Díaz, Yilber",5.555853768003728e-06,0,5.555853768003728e-06
"Hernández, Daysbel",5.553659920509413e-06,0,5.553659920509413e-06
"Lovelady, Richard",5.550470744051278e-06,0,5.550470744051278e-06
"Acton, Garrett",5.54261246203146e-06,0,5.54261246203146e-06
"de Geus, Brett",5.522885426809255e-06,0,5.522885426809255e-06
"De los Santos, Yerry",5.4989259130169714e-06,0,5.4989259130169714e-06
"Herz, DJ",5.485017559383999e-06,0,5.485017559383999e-06
"Shook, TJ",5.472622016543842e-06,0,5.472622016543842e-06
"Alexander, Scott",5.4475326385077776e-06,0,5.4475326385077776e-06
"Nuñez, Juan",5.425448791360584e-06,0,5.425448791360584e-06
"Swanson, Erik",5.421925144232485e-06,0,5.421925144232485e-06
"Quintana, Jose",5.403673756295056e-06,0,5.403673756295056e-06
"Castellano, Eiberson",5.39807397821048e-06,0,5.39807397821048e-06
"Berti, Jon",5.354463017834153e-06,0,5.354463017834153e-06
"Sanoja, Javier",5.3538782099137535e-06,0,5.3538782099137535e-06
"Moore, Andrew",5.344661248351181e-06,0,5.344661248351181e-06
"Senzatela, Antonio",5.343075945341069e-06,0,5.343075945341069e-06
"Clevinger, Mike",5.342279780905485e-06,0,5.342279780905485e-06
"Perdomo, Angel",5.316341254107722e-06,0,5.316341254107722e-06
"Castro, Miguel",5.287204232519967e-06,0,5.287204232519967e-06
"Ferguson, Tyler",5.284050258796582e-06,0,5.284050258796582e-06
"Askew, Keyshawn",5.26986047409027e-06,0,5.26986047409027e-06
"Rajcic, Max",5.269563438588343e-06,0,5.269563438588343e-06
"Jameson, Drey",5.2532780439317145e-06,0,5.2532780439317145e-06
"Hickman, Mason",5.23423196852538e-06,0,5.23423196852538e-06
"Hill, Rich",5.2198005675989205e-06,0,5.2198005675989205e-06
"Grammes, Conor",5.2145039967758994e-06,0,5.2145039967758994e-06
"Diaz, Indigo",5.1983061969614034e-06,0,5.1983061969614034e-06
"Chavez, Jesse",5.177787901048577e-06,0,5.177787901048577e-06
"Harlow, Josh",5.110292274721899e-06,0,5.110292274721899e-06
"Castillo, Luis F.",5.09572047310801e-06,0,5.09572047310801e-06
"Suarez, José",5.076228149947979e-06,0,5.076228149947979e-06
"Kriske, Brooks",5.066517789707042e-06,0,5.066517789707042e-06
"Ueckert, Cayne",5.058258700428849e-06,0,5.058258700428849e-06
"Wilcox, Cole",5.013223472554272e-06,0,5.013223472554272e-06
"Hudson, Bryan",4.948527041776412e-06,0,4.948527041776412e-06
"Basso, Brady",4.948197897348292e-06,0,4.948197897348292e-06
"Ellerts, Magnus",4.9340605947741855e-06,0,4.9340605947741855e-06
"Bride, Jonah",4.930692841228586e-06,0,4.930692841228586e-06
"Muñoz, Rolddy",4.9270816733068924e-06,0,4.9270816733068924e-06
"Martinez, Rodolfo",4.922799278009365e-06,0,4.922799278009365e-06
"Iriarte, Jairo",4.9161765603647164e-06,0,4.9161765603647164e-06
"Rodriguez, Chris",4.888841968999028e-06,0,4.888841968999028e-06
"Curry, Xzavion",4.885730429118016e-06,0,4.885730429118016e-06
"Thompson, Mason",4.878635012358377e-06,0,4.878635012358377e-06
"Lara, Andry",4.836702690977306e-06,0,4.836702690977306e-06
"Winans, Allan",4.8330129808616995e-06,0,4.8330129808616995e-06
"Ribalta, Orlando",4.825062766013991e-06,0,4.825062766013991e-06
"Hernández, Carlos",4.815566767573804e-06,0,4.815566767573804e-06
"Pestana, Leonardo",4.81373337327916e-06,0,4.81373337327916e-06
"Funderburk, Kody",4.799792248576659e-06,0,4.799792248576659e-06
"McCormick, Chas",4.7871295748165484e-06,0,4.7871295748165484e-06
"Aoyagi, Koyo",4.783736853217129e-06,0,4.783736853217129e-06
"Ottavino, Adam",4.769736909087796e-06,0,4.769736909087796e-06
"Pérez, Cionel",4.767377350121996e-06,0,4.767377350121996e-06
"Feltner, Ryan",4.767092447637054e-06,0,4.767092447637054e-06
"Rojas, Miguel",4.763433589449158e-06,0,4.763433589449158e-06
"Hartlieb, Geoff",4.754678512243035e-06,0,4.754678512243035e-06
"Meachem, Xavier",4.736123352547067e-06,0,4.736123352547067e-06
"Bloss, Jake",4.730665012777981e-06,0,4.730665012777981e-06
"Bragg, Kade",4.723869624465207e-06,0,4.723869624465207e-06
"Duran, Carlos",4.707731330608851e-06,0,4.707731330608851e-06
"Roycroft, Chris",4.693475827854977e-06,0,4.693475827854977e-06
"Manning, Matt",4.684218184269635e-06,0,4.684218184269635e-06
"Estes, Joey",4.675304501342298e-06,0,4.675304501342298e-06
"Stock, Robert",4.6590635830940195e-06,0,4.6590635830940195e-06
"Hatch, Thomas",4.652561347419512e-06,0,4.652561347419512e-06
"Abeyta, Blane",4.647488614582988e-06,0,4.647488614582988e-06
"Rangel, Alan",4.618403785100367e-06,0,4.618403785100367e-06
"Silseth, Chase",4.605079291375237e-06,0,4.605079291375237e-06
"Murphy, John",4.603083743399667e-06,0,4.603083743399667e-06
"Whisenhunt, Carson",4.602767332823829e-06,0,4.602767332823829e-06
"Gasser, Robert",4.585731421993455e-06,0,4.585731421993455e-06
"Sasaki, Roki",4.58547562870796e-06,0,4.58547562870796e-06
"Minacci, Camden",4.550079697042821e-06,0,4.550079697042821e-06
"Tyler, Kyle",4.534245332651352e-06,0,4.534245332651352e-06
"Hernandez, Nick",4.495257158955633e-06,0,4.495257158955633e-06
"Misiewicz, Anthony",4.494968484775522e-06,0,4.494968484775522e-06
"Collins, Bryce",4.492095343178208e-06,0,4.492095343178208e-06
"Zimmermann, Bruce",4.479057227963355e-06,0,4.479057227963355e-06
"Amendt, Kyle",4.475894168706503e-06,0,4.475894168706503e-06
"Mazur, Adam",4.472964863810162e-06,0,4.472964863810162e-06
"Hughes, Jonathan",4.4708783713418e-06,0,4.4708783713418e-06
"Taylor, Troy",4.469442013229613e-06,0,4.469442013229613e-06
"Bierman, Gabe",4.468709075244805e-06,0,4.468709075244805e-06
"Francisco, Carlos A.",4.4675403048799365e-06,0,4.4675403048799365e-06
"Sandlin, Nick",4.459562370231201e-06,0,4.459562370231201e-06
"Brewer, Colten",4.451490871409606e-06,0,4.451490871409606e-06
"Nikhazy, Doug",4.445725474737595e-06,0,4.445725474737595e-06
"Mateo, Jorge",4.4352387620896314e-06,0,4.4352387620896314e-06
"Dana, Caden",4.4262566142459985e-06,0,4.4262566142459985e-06
"Braun, Lucas",4.4171099251245316e-06,0,4.4171099251245316e-06
"Leibrandt, Brandon",4.414942015896604e-06,0,4.414942015896604e-06
"Barlow, Scott",4.409798949190155e-06,0,4.409798949190155e-06
"Davis, Austin",4.397716930538591e-06,0,4.397716930538591e-06
"Bryant, Tyler",4.397683294776477e-06,0,4.397683294776477e-06
"Merda, Hayden",4.3905967809308576e-06,0,4.3905967809308576e-06
"Gibson, Trey",4.3850258749211e-06,0,4.3850258749211e-06
"Bachman, Sam",4.384745633045649e-06,0,4.384745633045649e-06
"Nicolas, Kyle",4.3836376744088864e-06,0,4.3836376744088864e-06
"Weems, Jordan",4.376210146172226e-06,0,4.376210146172226e-06
"Ureña, José",4.373043427037496e-06,0,4.373043427037496e-06
"Otañez, Michel",4.371820847706009e-06,0,4.371820847706009e-06
"Stroman, Marcus",4.366580781352552e-06,0,4.366580781352552e-06
"Castaño, Blas",4.358547664513813e-06,0,4.358547664513813e-06
"Freeman, Caleb",4.341806126088127e-06,0,4.341806126088127e-06
"Davis, Noah",4.341181418077693e-06,0,4.341181418077693e-06
"Nelson, Kyle",4.327662739537622e-06,0,4.327662739537622e-06
"Higginbotham, Jake",4.3250801153232365e-06,0,4.3250801153232365e-06
"Dalquist, Andrew",4.323278692287249e-06,0,4.323278692287249e-06
"Daniel, Davis",4.308915240401196e-06,0,4.308915240401196e-06
"Bechtold, Andrew",4.3071219870837276e-06,0,4.3071219870837276e-06
"Gutierrez, Gerardo",4.3056643225908835e-06,0,4.3056643225908835e-06
"Whitley, Forrest",4.30133781137199e-06,0,4.30133781137199e-06
"Isea, Edgar",4.294730777983595e-06,0,4.294730777983595e-06
"Harbin, Ryan",4.286315727830469e-06,0,4.286315727830469e-06
"Kitchen, Austin",4.279092457080876e-06,0,4.279092457080876e-06
"Knowlton, Sam",4.271544610179586e-06,0,4.271544610179586e-06
"Faedo, Alex",4.267511907398204e-06,0,4.267511907398204e-06
"Holmes, Clay",4.265709430573133e-06,0,4.265709430573133e-06
"Murphy, Chris",4.263842082910755e-06,0,4.263842082910755e-06
"Darnell, Dugan",4.259002340496631e-06,0,4.259002340496631e-06
"Hendrix, Ryan",4.232868602275862e-06,0,4.232868602275862e-06
"Sweet, Devin",4.226111006217188e-06,0,4.226111006217188e-06
"Brentz, Jake",4.224681691670842e-06,0,4.224681691670842e-06
"Jeffrey, Madison",4.211798547262988e-06,0,4.211798547262988e-06
"Kent, Zak",4.2053864944919075e-06,0,4.2053864944919075e-06
"Tonkin, Michael",4.178816961316552e-06,0,4.178816961316552e-06
"Hall, DL",4.168312892260149e-06,0,4.168312892260149e-06
"Arias, Luarbert",4.163895153486855e-06,0,4.163895153486855e-06
"Walston, Blake",4.161543150587189e-06,0,4.161543150587189e-06
"Sanders, Cam",4.158589092220605e-06,0,4.158589092220605e-06
"Crouse, Hans",4.1455152024756135e-06,0,4.1455152024756135e-06
"Spiers, Carson",4.143605456688447e-06,0,4.143605456688447e-06
"Covey, Dylan",4.1102197856342194e-06,0,4.1102197856342194e-06
"Miley, Wade",4.105658439424934e-06,0,4.105658439424934e-06
"Pushard, Matt",4.104039713537585e-06,0,4.104039713537585e-06
"Karros, Jared",4.084004634721659e-06,0,4.084004634721659e-06
"Quijada, José",4.083360017308769e-06,0,4.083360017308769e-06
"Sommers, Drew",4.072101200631845e-06,0,4.072101200631845e-06
"Jiménez, Dany",4.069131668211821e-06,0,4.069131668211821e-06
"Morgan, Tyler",4.068024252130616e-06,0,4.068024252130616e-06
"Simon, Ben",4.065360753529755e-06,0,4.065360753529755e-06
"Jankowski, Travis",4.063251110832597e-06,0,4.063251110832597e-06
"Tate, Dillon",4.060969530187004e-06,0,4.060969530187004e-06
"Webb, Nate",4.047223069471144e-06,0,4.047223069471144e-06
"Garcia, Brandyn",4.0384535701516344e-06,0,4.0384535701516344e-06
"Leigh, Zac",4.037796980618506e-06,0,4.037796980618506e-06
"Gose, Anthony",4.0354502883526815e-06,0,4.0354502883526815e-06
"Mercedes, Juan",4.030777339691361e-06,0,4.030777339691361e-06
"Saucedo, Tayler",4.026336108021751e-06,0,4.026336108021751e-06
"López, Reynaldo",4.015824231642076e-06,0,4.015824231642076e-06
"Estanista, Jaydenn",4.0044529115709615e-06,0,4.0044529115709615e-06
"Lunsford-Shenkman, Wyatt",3.998907392616174e-06,0,3.998907392616174e-06
"Blalock, Bradley",3.993724432491803e-06,0,3.993724432491803e-06
"Gibson, Kyle",3.9895806902691895e-06,0,3.9895806902691895e-06
"Alcantara, Raúl",3.988169095840374e-06,0,3.988169095840374e-06
"Márquez, Germán",3.983575622189118e-06,0,3.983575622189118e-06
"Campbell, Isaiah",3.982979192979185e-06,0,3.982979192979185e-06
"Pilar, Anderson",3.976367112350986e-06,0,3.976367112350986e-06
"Agnos, Zach",3.972717614147563e-06,0,3.972717614147563e-06
"Ekness, Josh",3.971477442905957e-06,0,3.971477442905957e-06
"Balazovic, Jordan",3.966391109993231e-06,0,3.966391109993231e-06
"Hughes, Brandon",3.964554025335271e-06,0,3.964554025335271e-06
"Winckowski, Josh",3.947095054360094e-06,0,3.947095054360094e-06
"Lancaster, Jackson",3.946382064508958e-06,0,3.946382064508958e-06
"Rosario, Amed",3.9415051858743565e-06,0,3.9415051858743565e-06
"Jobe, Jackson",3.939287535417089e-06,0,3.939287535417089e-06
"Bradt, Tyler",3.939270587987585e-06,0,3.939270587987585e-06
"Madden, Ty",3.937566640388816e-06,0,3.937566640388816e-06
"Sánchez, Gary",3.923266793755566e-06,0,3.923266793755566e-06
"Jackson, Alex",3.921659463547498e-06,0,3.921659463547498e-06
"Faherty, Jake",3.919035159219665e-06,0,3.919035159219665e-06
"Strzelecki, Peter",3.910703995205974e-06,0,3.910703995205974e-06
"Hicks, James",3.907522739124331e-06,0,3.907522739124331e-06
"Kuncl, Trevor",3.901998882992095e-06,0,3.901998882992095e-06
"Heineman, Tyler",3.894210808767668e-06,0,3.894210808767668e-06
"Yastrzemski, Mike",3.8842482856698884e-06,0,3.8842482856698884e-06
"Ford, Grant",3.877688908472842e-06,0,3.877688908472842e-06
"Smith, Burch",3.876569981579625e-06,0,3.876569981579625e-06
"Martinez, Xavier",3.873889571517883e-06,0,3.873889571517883e-06
"Rivera, Emmanuel",3.87363171708512e-06,0,3.87363171708512e-06
"Kelly, Michael",3.86089785527842e-06,0,3.86089785527842e-06
"Abreu, Albert",3.86062302692688e-06,0,3.86062302692688e-06
"Zulueta, Yosver",3.850405495012814e-06,0,3.850405495012814e-06
"Burgos, Juan",3.849016086988527e-06,0,3.849016086988527e-06
"Morton, Charlie",3.844839570431718e-06,0,3.844839570431718e-06
"Gilbert, Geoffrey",3.835980584499571e-06,0,3.835980584499571e-06
"Mastrobuoni, Miles",3.834402041794783e-06,0,3.834402041794783e-06
"Hunt, K.C.",3.8220461009304665e-06,0,3.8220461009304665e-06
"Carey, Jack",3.812040460166401e-06,0,3.812040460166401e-06
"Arguelles, Anthony",3.8083868464807198e-06,0,3.8083868464807198e-06
"Hartman, Jack",3.803639978191084e-06,0,3.803639978191084e-06
"Diekman, Jake",3.8022308271189665e-06,0,3.8022308271189665e-06
"Austin, Cade",3.7994158593492575e-06,0,3.7994158593492575e-06
"Zuñiga, Guillo",3.7852170758161095e-06,0,3.7852170758161095e-06
"Shugart, Chase",3.7844362506722724e-06,0,3.7844362506722724e-06
"Parker, Mitchell",3.779119864440309e-06,0,3.779119864440309e-06
"Krehbiel, Joey",3.776081722916224e-06,0,3.776081722916224e-06
"Knowles, Antonio",3.7676790669325566e-06,0,3.7676790669325566e-06
"Lee, Korey",3.7671792350572627e-06,0,3.7671792350572627e-06
"Jose, Bernard",3.7595751911474747e-06,0,3.7595751911474747e-06
"De León, Luis",3.7506910775630034e-06,0,3.7506910775630034e-06
"Eder, Jake",3.7474385639871908e-06,0,3.7474385639871908e-06
"Craig, Luke",3.7390570526366575e-06,0,3.7390570526366575e-06
"Yabbour, Joseph",3.738331209239889e-06,0,3.738331209239889e-06
"Dunn, Justin",3.7325257243615064e-06,0,3.7325257243615064e-06
"Harrington, Thomas",3.730952868444737e-06,0,3.730952868444737e-06
"Stebens, Isaac",3.7211214985851046e-06,0,3.7211214985851046e-06
"Warren, Austin",3.7177731602046756e-06,0,3.7177731602046756e-06
"Jennings, Ryan",3.709275187989074e-06,0,3.709275187989074e-06
"Komar, Brandon",3.705068005396639e-06,0,3.705068005396639e-06
"Hernandez, Allan",3.7025972617172946e-06,0,3.7025972617172946e-06
"Gonsolin, Tony",3.701924335666632e-06,0,3.701924335666632e-06
"Holderman, Colin",3.678076528692552e-06,0,3.678076528692552e-06
"Sims, Landon",3.6729717402258285e-06,0,3.6729717402258285e-06
"Herberholz, Christian",3.6641337756869814e-06,0,3.6641337756869814e-06
"Ogasawara, Shinnosuke",3.661651394289116e-06,0,3.661651394289116e-06
"Bowman, Kaleb",3.6606693992043298e-06,0,3.6606693992043298e-06
"Rainey, Tanner",3.65598342192068e-06,0,3.65598342192068e-06
"Little, Luke",3.645943329299709e-06,0,3.645943329299709e-06
"Pressly, Ryan",3.63440803377425e-06,0,3.63440803377425e-06
"Harris, Trent",3.6326441580956347e-06,0,3.6326441580956347e-06
"Vespi, Nick",3.627804751437012e-06,0,3.627804751437012e-06
"Dipoto, Jonah",3.6236010955746256e-06,0,3.6236010955746256e-06
"Seig, Hayden",3.6214906542444886e-06,0,3.6214906542444886e-06
"Erla, Mason",3.6077380805196156e-06,0,3.6077380805196156e-06
"Bergin, Jesse",3.6077083237587793e-06,0,3.6077083237587793e-06
"Anderson, Ryan",3.60553769999567e-06,0,3.60553769999567e-06
"O'Loughlin, Jack",3.60147219123323e-06,0,3.60147219123323e-06
"Petit, RJ",3.575770574723513e-06,0,3.575770574723513e-06
"Sandridge, Jayvien",3.5703378070291248e-06,0,3.5703378070291248e-06
"Mantiply, Joe",3.5693900397271723e-06,0,3.5693900397271723e-06
"Rodriguez, Carlos",3.561598636127639e-06,0,3.561598636127639e-06
"Helvey, Clay",3.557260929475669e-06,0,3.557260929475669e-06
"Criswell, Cooper",3.5517280712363354e-06,0,3.5517280712363354e-06
"Poteet, Cody",3.54934834926132e-06,0,3.54934834926132e-06
"Adames, Jose",3.546556435202876e-06,0,3.546556435202876e-06
"Owens, Tyler",3.539376106414799e-06,0,3.539376106414799e-06
"Buchanan, David",3.53150054069053e-06,0,3.53150054069053e-06
"Zhuang, Chen Zhong-Ao",3.525574234151365e-06,0,3.525574234151365e-06
"Brian, Will",3.5149195473607224e-06,0,3.5149195473607224e-06
"Rooney, John",3.514261763620276e-06,0,3.514261763620276e-06
"Little, Jack",3.514061765575422e-06,0,3.514061765575422e-06
"Ahlstrom, Robby",3.5113999204196892e-06,0,3.5113999204196892e-06
"La Sorsa, Joe",3.5070298091753143e-06,0,3.5070298091753143e-06
"Bickford, Phil",3.504181421489438e-06,0,3.504181421489438e-06
"Vernon, Austin",3.5017922592284076e-06,0,3.5017922592284076e-06
"Piña, Robinson",3.5008443972009035e-06,0,3.5008443972009035e-06
"Brown, Aaron",3.497094564754553e-06,0,3.497094564754553e-06
"Matzek, Tyler",3.4877302505313306e-06,0,3.4877302505313306e-06
"Rodriguez, Grayson",3.48722632280504e-06,0,3.48722632280504e-06
"Brieske, Beau",3.4861288579771155e-06,0,3.4861288579771155e-06
"Rodriguez, Julio",3.4782573594412748e-06,0,3.4782573594412748e-06
"Marinaccio, Ron",3.4733803925873154e-06,0,3.4733803925873154e-06
"Robert, Daniel",3.4717335145127035e-06,0,3.4717335145127035e-06
"Pintaro, Jonathan",3.468272167896584e-06,0,3.468272167896584e-06
"Denoyer, Noah",3.466852426590445e-06,0,3.466852426590445e-06
"Stanek, Ryne",3.4621714829214683e-06,0,3.4621714829214683e-06
"Morehouse, Zane",3.4489492754713724e-06,0,3.4489492754713724e-06
"Orellana, Douglas",3.4290871058954735e-06,0,3.4290871058954735e-06
"Hummel, Cooper",3.427990996779525e-06,0,3.427990996779525e-06
"Juenger, Hayden",3.4187375069823946e-06,0,3.4187375069823946e-06
"Turnbull, Spencer",3.416463196332287e-06,0,3.416463196332287e-06
"Stripling, Ross",3.4124376888002776e-06,0,3.4124376888002776e-06
"Missaki, Daniel",3.410564080850851e-06,0,3.410564080850851e-06
"Tamarez, Misael",3.4087989473648276e-06,0,3.4087989473648276e-06
"Dees, Bailey",3.405721040391995e-06,0,3.405721040391995e-06
"Dobnak, Randy",3.3976848187577653e-06,0,3.3976848187577653e-06
"Benschoter, Sam",3.3956149203222957e-06,0,3.3956149203222957e-06
"Burns, Tanner",3.390228332118733e-06,0,3.390228332118733e-06
"DeVito, Ricky",3.3881159181358117e-06,0,3.3881159181358117e-06
"Routzahn, Ethan",3.3733089265227006e-06,0,3.3733089265227006e-06
"Triolo, Jared",3.371204547051707e-06,0,3.371204547051707e-06
"Hence, Tink",3.37116338487239e-06,0,3.37116338487239e-06
"Urquidy, José",3.365715104667579e-06,0,3.365715104667579e-06
"Walkinshaw, Jake",3.364069328802996e-06,0,3.364069328802996e-06
"Cranton, Hunter",3.363106692718646e-06,0,3.363106692718646e-06
"Richardson, Alonzo",3.362868085748589e-06,0,3.362868085748589e-06
"Acosta, Daison",3.351479767893113e-06,0,3.351479767893113e-06
"Caballero, José",3.34857646433453e-06,0,3.34857646433453e-06
"Reyes, Jean",3.3469232070208867e-06,0,3.3469232070208867e-06
"Soriano, George",3.3454606455346072e-06,0,3.3454606455346072e-06
"Walsh, Michael",3.3448705118335395e-06,0,3.3448705118335395e-06
"Hjerpe, Cooper",3.3394050554716097e-06,0,3.3394050554716097e-06
"Nido, Tomás",3.3344450084341412e-06,0,3.3344450084341412e-06
"Cuenca, Angel",3.3325094151767417e-06,0,3.3325094151767417e-06
"Barnes, Zach",3.3285129598747234e-06,0,3.3285129598747234e-06
"Solesky, Chase",3.3280474014116445e-06,0,3.3280474014116445e-06
"Kuhl, Chad",3.3274232936970084e-06,0,3.3274232936970084e-06
"Wade, Tyler",3.3274232936970003e-06,0,3.3274232936970003e-06
"Neighbors, Tyson",3.326849758265229e-06,0,3.326849758265229e-06
"Adler, Eric",3.325054501300491e-06,0,3.325054501300491e-06
"Lopez, Nicky",3.3247639079418125e-06,0,3.3247639079418125e-06
"Ramirez, Kelvin",3.3223884672296356e-06,0,3.3223884672296356e-06
"Sellinger, Jack",3.318648763079373e-06,0,3.318648763079373e-06
"Pannone, Thomas",3.3158824299851205e-06,0,3.3158824299851205e-06
"Cabrera, Jean",3.3137889865409305e-06,0,3.3137889865409305e-06
"Watson, Troy",3.3104985045900635e-06,0,3.3104985045900635e-06
"Palisch, Jake",3.3095873143396513e-06,0,3.3095873143396513e-06
"Cienfuegos, Miguel",3.305331087814401e-06,0,3.305331087814401e-06
"Richardson, Lyon",3.2994865430730074e-06,0,3.2994865430730074e-06
"Brito, Jhony",3.2990182960030078e-06,0,3.2990182960030078e-06
"Francis, Bowden",3.2964993089880103e-06,0,3.2964993089880103e-06
"Salazar, César",3.293364620346056e-06,0,3.293364620346056e-06
"Vasquez, Samuel",3.291519910887362e-06,0,3.291519910887362e-06
"Estrada, Lazaro",3.2906954437354336e-06,0,3.2906954437354336e-06
"Church, Marc",3.2893530727081177e-06,0,3.2893530727081177e-06
"Peraza, Oswald",3.2852352778859256e-06,0,3.2852352778859256e-06
"Stankiewicz, John",3.282101900804219e-06,0,3.282101900804219e-06
"Gibaut, Ian",3.281713361845751e-06,0,3.281713361845751e-06
"McGuire, Reese",3.279382820572566e-06,0,3.279382820572566e-06
"Ríos, Yacksel",3.2779638625392997e-06,0,3.2779638625392997e-06
"Barnhart, Tucker",3.2752588855827943e-06,0,3.2752588855827943e-06
"Vázquez, Luis",3.273922533726342e-06,0,3.273922533726342e-06
"Hoeing, Bryan",3.2722279656856913e-06,0,3.2722279656856913e-06
"Heid, Dylan",3.2663743373326893e-06,0,3.2663743373326893e-06
"Och, Ryan",3.2662920111456976e-06,0,3.2662920111456976e-06
"Hanner, Bradley",3.2638891232965736e-06,0,3.2638891232965736e-06
"Moore, Matt",3.2622612315479115e-06,0,3.2622612315479115e-06
"Maile, Luke",3.2616838913493564e-06,0,3.2616838913493564e-06
"Kelly, Casey",3.2614759591154876e-06,0,3.2614759591154876e-06
"Young, Jared",3.2612842772102137e-06,0,3.2612842772102137e-06
"Torrens, Luis",3.2598966487770723e-06,0,3.2598966487770723e-06
"Dodson, Tanner",3.259766349402206e-06,0,3.259766349402206e-06
"Gillaspie, Logan",3.2590501069836466e-06,0,3.2590501069836466e-06
"Rogers, Jake",3.255272613731289e-06,0,3.255272613731289e-06
"Burleson, Alec",3.2506886586256234e-06,0,3.2506886586256234e-06
"Juarez, Daniel",3.2501171758776525e-06,0,3.2501171758776525e-06
"Shawver, Evan",3.2457029805126535e-06,0,3.2457029805126535e-06
"Barnett, Mason",3.2404977303808812e-06,0,3.2404977303808812e-06
"Green, Mason",3.239324175025184e-06,0,3.239324175025184e-06
"Franklin, Zach",3.2370239205280294e-06,0,3.2370239205280294e-06
"Weiman, Blake",3.233940965051062e-06,0,3.233940965051062e-06
"Jimenez, Yeuris",3.228301952463503e-06,0,3.228301952463503e-06
"Sears, Ben",3.2277344926159062e-06,0,3.2277344926159062e-06
"Menendez, Antonio",3.226633593130139e-06,0,3.226633593130139e-06
"McGarry, Griff",3.225759503464147e-06,0,3.225759503464147e-06
"Ward, Thaddeus",3.2257132715392053e-06,0,3.2257132715392053e-06
"Miller, Ryan",3.225432705185831e-06,0,3.225432705185831e-06
"Workman, Logan",3.224931429389347e-06,0,3.224931429389347e-06
"McKendry, Evan",3.2233668018432138e-06,0,3.2233668018432138e-06
"Danner, Hagen",3.2231573548359953e-06,0,3.2231573548359953e-06
"Pereda, Jhonny",3.221663433129903e-06,0,3.221663433129903e-06
"Rivas, Leo",3.2205530553362947e-06,0,3.2205530553362947e-06
"Bruján, Vidal",3.2191263863489573e-06,0,3.2191263863489573e-06
"Varland, Gus",3.2158693044168177e-06,0,3.2158693044168177e-06
"McLaughlin, Mark",3.211960527739331e-06,0,3.211960527739331e-06
"Fuentes, Didier",3.201913715935366e-06,0,3.201913715935366e-06
"Perez, Railin",3.2005005672786947e-06,0,3.2005005672786947e-06
"Bergner, Austin",3.198586959076104e-06,0,3.198586959076104e-06
"Guante, Wander",3.1983675549485337e-06,0,3.1983675549485337e-06
"Boehm, Gage",3.1982685030507065e-06,0,3.1982685030507065e-06
"Peguero, Elvis",3.1976510724775e-06,0,3.1976510724775e-06
"Castro, Kervin",3.1973017838117084e-06,0,3.1973017838117084e-06
"Farmer, Buck",3.1919331102871056e-06,0,3.1919331102871056e-06
"Pham, Alex",3.1913857573066932e-06,0,3.1913857573066932e-06
"Hughes, Gabriel",3.189762638393428e-06,0,3.189762638393428e-06
"Merryweather, Julian",3.189624210532681e-06,0,3.189624210532681e-06
"Gowdy, Kevin",3.1861806234491534e-06,0,3.1861806234491534e-06
"Herget, Kevin",3.1834908065010645e-06,0,3.1834908065010645e-06
"Toro, Abraham",3.177840876267723e-06,0,3.177840876267723e-06
"Ullola, Miguel",3.1771609975520293e-06,0,3.1771609975520293e-06
"Blewett, Scott",3.168424807087235e-06,0,3.168424807087235e-06
"Nittoli, Vinny",3.1648914203750664e-06,0,3.1648914203750664e-06
"Tellez, Rowdy",3.1644365932771862e-06,0,3.1644365932771862e-06
"Bryant, Zach",3.1635291018885857e-06,0,3.1635291018885857e-06
"Baum, Tyler",3.158919701586829e-06,0,3.158919701586829e-06
"Cruz, Yovanny",3.1529599791677e-06,0,3.1529599791677e-06
"Schomberg, Will",3.1491485133910257e-06,0,3.1491485133910257e-06
"Emanuels, Stevie",3.1443117200165314e-06,0,3.1443117200165314e-06
"Magno, Andrew",3.1414273454658885e-06,0,3.1414273454658885e-06
"Mercado, Michael",3.139109058700726e-06,0,3.139109058700726e-06
"Henley, Blair",3.135481436096067e-06,0,3.135481436096067e-06
"Pacheco, Luis",3.1214264058456043e-06,0,3.1214264058456043e-06
"Dale, Elijah",3.1209853812609498e-06,0,3.1209853812609498e-06
"Bash, Andrew",3.118160784194686e-06,0,3.118160784194686e-06
"Waites, Cole",3.1165593746763323e-06,0,3.1165593746763323e-06
"Fausnaught, Braeden",3.1147391309042317e-06,0,3.1147391309042317e-06
"Hunley, Sean",3.1124568256426416e-06,0,3.1124568256426416e-06
"Leftwich, Jack",3.111864914300905e-06,0,3.111864914300905e-06
"Trevino, Jose",3.1107856045796147e-06,0,3.1107856045796147e-06
"Olson, Emmett",3.1025503055379225e-06,0,3.1025503055379225e-06
"Hamel, Dom",3.0990424269697924e-06,0,3.0990424269697924e-06
"Gerber, Joey",3.0967675811981652e-06,0,3.0967675811981652e-06
"Hendriks, Liam",3.0945435120899024e-06,0,3.0945435120899024e-06
"Cruz, Nicolas",3.0886497444645006e-06,0,3.0886497444645006e-06
"Bido, Osvaldo",3.0870281489680615e-06,0,3.0870281489680615e-06
"Harris, Hayden",3.084511890897777e-06,0,3.084511890897777e-06
"Burke, Sean",3.081415686581007e-06,0,3.081415686581007e-06
"Hoffmann, Andrew",3.0736043720664102e-06,0,3.0736043720664102e-06
"Romero, Enny",3.069253163699784e-06,0,3.069253163699784e-06
"Martinez, Seth",3.0614130693742783e-06,0,3.0614130693742783e-06
"Gervase, Paul",3.05353198306483e-06,0,3.05353198306483e-06
"Lockhart, Lael",3.0508139496048533e-06,0,3.0508139496048533e-06
"Kiest, Tanner",3.0437349198465157e-06,0,3.0437349198465157e-06
"Yan, Jefry",3.043258677738058e-06,0,3.043258677738058e-06
"Hebbert, Duque",3.040010779050518e-06,0,3.040010779050518e-06
"Foster, Cameron",3.0380757761332484e-06,0,3.0380757761332484e-06
"Nuñez, Edwin",3.0341207018678538e-06,0,3.0341207018678538e-06
"Garcia, Victor",3.0329643628884322e-06,0,3.0329643628884322e-06
"Morris, Kade",3.0322992848137214e-06,0,3.0322992848137214e-06
"Seymour, Carson",3.032037395021593e-06,0,3.032037395021593e-06
"Arias, Michael",3.0319414948136337e-06,0,3.0319414948136337e-06
"Díaz, Miguel",3.026714243537856e-06,0,3.026714243537856e-06
"Keating, Matt",3.0216874791970684e-06,0,3.0216874791970684e-06
"Walker, Josh",3.0207945952873592e-06,0,3.0207945952873592e-06
"Heuer, Codi",3.0204257957149847e-06,0,3.0204257957149847e-06
"Stashak, Cody",3.014359254454166e-06,0,3.014359254454166e-06
"Miller, Tyson",3.00804059388831e-06,0,3.00804059388831e-06
"Schanaman, Shay",3.007805811956477e-06,0,3.007805811956477e-06
"Yoho, Craig",3.0060596210920202e-06,0,3.0060596210920202e-06
"Dashwood, Jack",3.00581831160039e-06,0,3.00581831160039e-06
"Briceno, Endrys",3.0033242716082723e-06,0,3.0033242716082723e-06
"Carrillo, Alex",3.000084229964166e-06,0,3.000084229964166e-06
"Wynne, Randy",2.999349089901627e-06,0,2.999349089901627e-06
"Rivera, Yaqui",2.9992843036073715e-06,0,2.9992843036073715e-06
"Thomas, Connor",2.9946829615642466e-06,0,2.9946829615642466e-06
"Fox, Phil",2.9924853761665348e-06,0,2.9924853761665348e-06
"Cohen, Harrison",2.98855358850966e-06,0,2.98855358850966e-06
"Mills, Zane",2.9857848365259362e-06,0,2.9857848365259362e-06
"Flexen, Chris",2.9836591071280433e-06,0,2.9836591071280433e-06
"Pope, Austin",2.9723690279232122e-06,0,2.9723690279232122e-06
"Cuas, Jose",2.9696096394858927e-06,0,2.9696096394858927e-06
"Scalzo Jr., Frankie",2.964904546045081e-06,0,2.964904546045081e-06
"Heasley, Jonathan",2.9578290717931887e-06,0,2.9578290717931887e-06
"Busenitz, Alan",2.9573427308606637e-06,0,2.9573427308606637e-06
"Young, Jack",2.9559138646966772e-06,0,2.9559138646966772e-06
"Jones, Nick",2.9553913278667494e-06,0,2.9553913278667494e-06
"Pop, Zach",2.9510856835824155e-06,0,2.9510856835824155e-06
"Frías, Luis",2.9444811773419037e-06,0,2.9444811773419037e-06
"Finley, Jackson",2.9434416887975337e-06,0,2.9434416887975337e-06
"Kudrna, Ben",2.938556399643042e-06,0,2.938556399643042e-06
"Sanmartin, Reiver",2.938271432896126e-06,0,2.938271432896126e-06
"Torres, Alejandro",2.9382490620481695e-06,0,2.9382490620481695e-06
"Raquet, Nick",2.9324545121768304e-06,0,2.9324545121768304e-06
"Raeth, Stefan",2.9290271907268047e-06,0,2.9290271907268047e-06
"González, Victor",2.922670001106143e-06,0,2.922670001106143e-06
"Miller, Simon",2.9185742374400763e-06,0,2.9185742374400763e-06
"Cerantola, Eric",2.9146951061867204e-06,0,2.9146951061867204e-06
"Messinger, Zach",2.9121392541915213e-06,0,2.9121392541915213e-06
"Ash, Konnor",2.9117418387192978e-06,0,2.9117418387192978e-06
"Smith, Adam",2.9049678078415983e-06,0,2.9049678078415983e-06
"Copen, Patrick",2.9026251398436895e-06,0,2.9026251398436895e-06
"Corniell, Jose",2.8903876532760517e-06,0,2.8903876532760517e-06
"Cuevas, Jonny",2.8866692916294047e-06,0,2.8866692916294047e-06
"Kuhnel, Joel",2.880751851597053e-06,0,2.880751851597053e-06
"Schoenle, Garrett",2.8803680468494075e-06,0,2.8803680468494075e-06
"Naughton, Tim",2.878830189604002e-06,0,2.878830189604002e-06
"Nastrini, Nick",2.8746231584632304e-06,0,2.8746231584632304e-06
"Padilla, Nicholas",2.8711230372478113e-06,0,2.8711230372478113e-06
"Klein, Will",2.868694826660511e-06,0,2.868694826660511e-06
"Amalfi, Alex",2.864808262427788e-06,0,2.864808262427788e-06
"Hurtado, Joel",2.8575650437256124e-06,0,2.8575650437256124e-06
"Contreras, Luis",2.856410032945704e-06,0,2.856410032945704e-06
"Lange, Alex",2.8556033160926053e-06,0,2.8556033160926053e-06
"Suero, Wander",2.8516340167080692e-06,0,2.8516340167080692e-06
"Cronin, Declan",2.851265186133236e-06,0,2.851265186133236e-06
"Yeager, Justin",2.8349655604788684e-06,0,2.8349655604788684e-06
"Ruiz, José",2.8316506499303843e-06,0,2.8316506499303843e-06
"Watson, Danny",2.82890832904939e-06,0,2.82890832904939e-06
"Woods, Jaden",2.827594989181437e-06,0,2.827594989181437e-06
"Coleman, Dylan",2.825149798836244e-06,0,2.825149798836244e-06
"Dallas, Micah",2.823329477324249e-06,0,2.823329477324249e-06
"Drohan, Shane",2.821551383414461e-06,0,2.821551383414461e-06
"Domingo, Vicarte",2.8104843880623714e-06,0,2.8104843880623714e-06
"Hedges, Austin",2.8102880665907027e-06,0,2.8102880665907027e-06
"Tinoco, Jesus",2.806527555519948e-06,0,2.806527555519948e-06
"Nowlin, Jaylen",2.80546295907312e-06,0,2.80546295907312e-06
"Harper, Landon",2.79735873665652e-06,0,2.79735873665652e-06
"Rustad, Carter",2.7952553657429893e-06,0,2.7952553657429893e-06
"Walters, Andrew",2.795242676608033e-06,0,2.795242676608033e-06
"McMillon, John",2.7912795893786566e-06,0,2.7912795893786566e-06
"Brito, Raul",2.787731672139026e-06,0,2.787731672139026e-06
"Ayers, Cole",2.7835996617186904e-06,0,2.7835996617186904e-06
"Kavadas, Niko",2.7803048533059348e-06,0,2.7803048533059348e-06
"Brigham, Jeff",2.778937338343633e-06,0,2.778937338343633e-06
"Brebbia, John",2.774991387916329e-06,0,2.774991387916329e-06
"Sproat, Brandon",2.7747906565735066e-06,0,2.7747906565735066e-06
"Montgomery, Jordan",2.7715775961237684e-06,0,2.7715775961237684e-06
"Keener, Seth",2.7616775070531496e-06,0,2.7616775070531496e-06
"Gomez, Cesar",2.751082456139082e-06,0,2.751082456139082e-06
"Guilfoil, Tyler",2.7442529815913964e-06,0,2.7442529815913964e-06
"Willingham, Amos",2.741573438678296e-06,0,2.741573438678296e-06
"Jozwiak, Chandler",2.739774849999185e-06,0,2.739774849999185e-06
"Sosa, Listher",2.737850342037859e-06,0,2.737850342037859e-06
"Veneziano, Anthony",2.7350674148290373e-06,0,2.7350674148290373e-06
"Morgan, Eli",2.731530625324619e-06,0,2.731530625324619e-06
"López, Jorge",2.731298018714965e-06,0,2.731298018714965e-06
"Tavera, Carlos",2.730448945924519e-06,0,2.730448945924519e-06
"Rodríguez, Yariel",2.7295621811416815e-06,0,2.7295621811416815e-06
"Murphy, Shane",2.722915015389636e-06,0,2.722915015389636e-06
"Velasquez, Vince",2.717169058291198e-06,0,2.717169058291198e-06
"Horn, Bailey",2.7155819778418136e-06,0,2.7155819778418136e-06
"Wells, Levi",2.711957397874708e-06,0,2.711957397874708e-06
"Stanavich, Dale",2.711384474486308e-06,0,2.711384474486308e-06
"Maciejewski, Josh",2.709893005375407e-06,0,2.709893005375407e-06
"Medina, Adonis",2.6997156861305342e-06,0,2.6997156861305342e-06
"White, Brendan",2.695560964302264e-06,0,2.695560964302264e-06
"Irvin, Jake",2.6943326461874325e-06,0,2.6943326461874325e-06
"Stratton, Hunter",2.691120572330335e-06,0,2.691120572330335e-06
"Cruz, Omar",2.688608887252855e-06,0,2.688608887252855e-06
"Winn, Cole",2.682111267182096e-06,0,2.682111267182096e-06
"Rodriguez, Bradgley",2.680091650435539e-06,0,2.680091650435539e-06
"Anderson, Justin",2.677675398880907e-06,0,2.677675398880907e-06
"Ramos, Wilkin",2.673236939074184e-06,0,2.673236939074184e-06
"Johnson, Colton",2.670940239416839e-06,0,2.670940239416839e-06
"Merkel, Nick",2.668558719492754e-06,0,2.668558719492754e-06
"Gomez, Miguel",2.6675043078161704e-06,0,2.6675043078161704e-06
"Edwards Jr., Carl",2.653230399448615e-06,0,2.653230399448615e-06
"Misiaszek, Andrew",2.6418867959746754e-06,0,2.6418867959746754e-06
"Weems, Avery",2.6398612590810916e-06,0,2.6398612590810916e-06
"Backhus, Kyle",2.63300455121304e-06,0,2.63300455121304e-06
"Salazar, Eduardo",2.62940041986217e-06,0,2.62940041986217e-06
"Thompson, Zach",2.625846292337139e-06,0,2.625846292337139e-06
"Peña, Carlos",2.624603262864456e-06,0,2.624603262864456e-06
"Wolfram, Grant",2.621010178870165e-06,0,2.621010178870165e-06
"France, J.P.",2.6083144577126786e-06,0,2.6083144577126786e-06
"Hollowell, Gavin",2.6060915233062915e-06,0,2.6060915233062915e-06
"Strickland, Hunter",2.595131507355279e-06,0,2.595131507355279e-06
"Kravetz, Evan",2.5923005258399016e-06,0,2.5923005258399016e-06
"Troye, Christopher",2.589608693822673e-06,0,2.589608693822673e-06
"Mushinski, Parker",2.58844250408195e-06,0,2.58844250408195e-06
"Bosiokovic, Jacob",2.585968690496241e-06,0,2.585968690496241e-06
"Morán, Jovani",2.5824450624249546e-06,0,2.5824450624249546e-06
"Cortes, Nestor",2.5758887774019815e-06,0,2.5758887774019815e-06
"Schultz, Thomas",2.573176953486994e-06,0,2.573176953486994e-06
"Joyce, Ben",2.5731170960521554e-06,0,2.5731170960521554e-06
"Soroka, Michael",2.5717848378080847e-06,0,2.5717848378080847e-06
"Bernardino, Brennan",2.5710139570988307e-06,0,2.5710139570988307e-06
"Griswold, Rob",2.567046418454155e-06,0,2.567046418454155e-06
"Root, Bayden",2.560259171240013e-06,0,2.560259171240013e-06
"Mosqueda, Oddanier",2.5602331133830226e-06,0,2.5602331133830226e-06
"Alvarez, Nelson L.",2.557651586472428e-06,0,2.557651586472428e-06
"Castillo, José",2.5394651269774984e-06,0,2.5394651269774984e-06
"Muñoz, Roddery",2.5318010266475073e-06,0,2.5318010266475073e-06
"Fernández, Junior",2.523173669851428e-06,0,2.523173669851428e-06
"Fleury, Jose",2.522145046461269e-06,0,2.522145046461269e-06
"Castro, Manuel",2.507915675462556e-06,0,2.507915675462556e-06
"Jones, Stephen",2.498584798046492e-06,0,2.498584798046492e-06
"Harper, Daniel",2.4933358068406052e-06,0,2.4933358068406052e-06
"Laskey, Adam",2.4913210282276124e-06,0,2.4913210282276124e-06
"Mills, Wyatt",2.4731446187269228e-06,0,2.4731446187269228e-06
"Hoffman, Nolan",2.4708885986043867e-06,0,2.4708885986043867e-06
"Sisk, Evan",2.4702365518523724e-06,0,2.4702365518523724e-06
"Seabold, Connor",2.4667361247148613e-06,0,2.4667361247148613e-06
"Plymell, Chase",2.4663045068461165e-06,0,2.4663045068461165e-06
"Fellows, Drake",2.464392082354756e-06,0,2.464392082354756e-06
"Schoff, Tyler",2.4643057306181414e-06,0,2.4643057306181414e-06
"González, Luis",2.4526612364178755e-06,0,2.4526612364178755e-06
"Alford, Peyton",2.4511830578018727e-06,0,2.4511830578018727e-06
"Cooper, Riley",2.4458391245313726e-06,0,2.4458391245313726e-06
"Fleming, Josh",2.4436134001987005e-06,0,2.4436134001987005e-06
"Buttó, José",2.4406893551175383e-06,0,2.4406893551175383e-06
"Yean, Eddy",2.4354548714233984e-06,0,2.4354548714233984e-06
"Gillispie, Connor",2.4351538800225425e-06,0,2.4351538800225425e-06
"Jimenez, Antonio",2.4330965402155646e-06,0,2.4330965402155646e-06
"Watson, Ryan",2.4286190770197918e-06,0,2.4286190770197918e-06
"Hernandez, Jose E.",2.4204623473564106e-06,0,2.4204623473564106e-06
"Sánchez, Ali",2.417876022286897e-06,0,2.417876022286897e-06
"Wosinski, Jacob",2.4118787536598934e-06,0,2.4118787536598934e-06
"Noriega, Cruz",2.4108545273066467e-06,0,2.4108545273066467e-06
"Hartwig, Grant",2.4075116436888815e-06,0,2.4075116436888815e-06
"Flynn, Michael",2.4049653942050733e-06,0,2.4049653942050733e-06
"Kowar, Jackson",2.402824405699076e-06,0,2.402824405699076e-06
"Jimenez, Marco",2.402468612874708e-06,0,2.402468612874708e-06
"Stuart, Baron",2.4024686128747046e-06,0,2.4024686128747046e-06
"Robberse, Sem",2.3965360015608543e-06,0,2.3965360015608543e-06
"Lonsway, Seth",2.3941783303425234e-06,0,2.3941783303425234e-06
"Cornielly, Joshua",2.3888886634757362e-06,0,2.3888886634757362e-06
"Bolton, Cody",2.3880140018788675e-06,0,2.3880140018788675e-06
"Rodriguez, Dionys",2.3865850720225647e-06,0,2.3865850720225647e-06
"Dombkowski, Nick",2.3845495833034133e-06,0,2.3845495833034133e-06
"Trivino, Lou",2.383969836693366e-06,0,2.383969836693366e-06
"Evans, Logan",2.383005553034906e-06,0,2.383005553034906e-06
"Dallas, Jack",2.3825114418030926e-06,0,2.3825114418030926e-06
"Liñan, Sean Paul",2.3814814385918268e-06,0,2.3814814385918268e-06
"Maldonado, Anthony",2.3809490209174865e-06,0,2.3809490209174865e-06
"Weatherly, Sam",2.3802501305679157e-06,0,2.3802501305679157e-06
"Law, Derek",2.379609721550466e-06,0,2.379609721550466e-06
"Webb, Ryan",2.379505533487042e-06,0,2.379505533487042e-06
"Rozek, Aaron",2.376137641628586e-06,0,2.376137641628586e-06
"Mayer, Gunner",2.375321730183125e-06,0,2.375321730183125e-06
"Zobac, Steven",2.3750513126444327e-06,0,2.3750513126444327e-06
"Darrell-Hicks, Michael",2.3730494947836835e-06,0,2.3730494947836835e-06
"Campos, Chris",2.3708860049898546e-06,0,2.3708860049898546e-06
"Wall, Cory",2.369749178142619e-06,0,2.369749178142619e-06
"Linarez, Valentin",2.3689617190843758e-06,0,2.3689617190843758e-06
"Morrill, Hueston",2.3680496524283447e-06,0,2.3680496524283447e-06
"White, Owen",2.3675670976838516e-06,0,2.3675670976838516e-06
"Stallings, Jacob",2.365990109038726e-06,0,2.365990109038726e-06
"Murphy, Luke",2.363845196447555e-06,0,2.363845196447555e-06
"Boyer, Logan",2.3621347749785983e-06,0,2.3621347749785983e-06
"Burr, Ryan",2.36045945918048e-06,0,2.36045945918048e-06
"Diamond, Derek",2.350690455880469e-06,0,2.350690455880469e-06
"García, Deivi",2.350330844304199e-06,0,2.350330844304199e-06
"Ventura, Jordany",2.3486761539586285e-06,0,2.3486761539586285e-06
"Santos, Junior",2.344276719516892e-06,0,2.344276719516892e-06
"Ogando, Gerald",2.3417403316195773e-06,0,2.3417403316195773e-06
"Arias, Wander",2.340833366421155e-06,0,2.340833366421155e-06
"Gambrell, Grant",2.3345192439899967e-06,0,2.3345192439899967e-06
"Cuevas, Michael",2.3307608955479167e-06,0,2.3307608955479167e-06
"Davidson, Logan",2.3297977971141204e-06,0,2.3297977971141204e-06
"Myrick, Tyler",2.329014618661165e-06,0,2.329014618661165e-06
"Rodríguez, José",2.32821494122059e-06,0,2.32821494122059e-06
"Goss, JJ",2.3271743587764534e-06,0,2.3271743587764534e-06
"Moll, Sam",2.3230212148904054e-06,0,2.3230212148904054e-06
"Parsons, Hunter",2.3200962535888546e-06,0,2.3200962535888546e-06
"Hjelle, Sean",2.319987078939719e-06,0,2.319987078939719e-06
"Kingsbury, Jimmy",2.3198133965084503e-06,0,2.3198133965084503e-06
"Overton, Connor",2.3185801628393016e-06,0,2.3185801628393016e-06
"Halligan, Patrick",2.3149864273181763e-06,0,2.3149864273181763e-06
"Pena, Francis",2.3133000795317503e-06,0,2.3133000795317503e-06
"Driver, Jay",2.31330007953175e-06,0,2.31330007953175e-06
"Garza, Justin",2.3127173063302296e-06,0,2.3127173063302296e-06
"Marrero, Andrew",2.3110908858554424e-06,0,2.3110908858554424e-06
"Robertson, Nick",2.3108725879161834e-06,0,2.3108725879161834e-06
"Wallace, Jacob",2.3085344018647603e-06,0,2.3085344018647603e-06
"Romero, Ivran",2.307613940689927e-06,0,2.307613940689927e-06
"Feliz, Neftalí",2.3066293120727103e-06,0,2.3066293120727103e-06
"Jacobs, Zach",2.3062679749231125e-06,0,2.3062679749231125e-06
"Speas, Alex",2.2990858230379654e-06,0,2.2990858230379654e-06
"Kahnle, Tommy",2.297249828590841e-06,0,2.297249828590841e-06
"Joyce, Jimmy",2.2906103294679063e-06,0,2.2906103294679063e-06
"Miller, Bobby",2.289667713257053e-06,0,2.289667713257053e-06
"Crawford, Brooks",2.28863671028428e-06,0,2.28863671028428e-06
"Leal, David",2.2841567709375843e-06,0,2.2841567709375843e-06
"Fermin, José",2.279419625567086e-06,0,2.279419625567086e-06
"Reid-Foley, Sean",2.2790502099183485e-06,0,2.2790502099183485e-06
"Simonelli, Anthony",2.272754676139833e-06,0,2.272754676139833e-06
"Whorff, Jarret",2.2711212436842123e-06,0,2.2711212436842123e-06
"Fondtain, T.J.",2.270682317516333e-06,0,2.270682317516333e-06
"Taveras, Leonardo",2.2646805235692695e-06,0,2.2646805235692695e-06
"De León, José",2.2628935302445672e-06,0,2.2628935302445672e-06
"Chafin, Andrew",2.2613334933627e-06,0,2.2613334933627e-06
"González, Wikelman",2.2609790287627915e-06,0,2.2609790287627915e-06
"Gonzalez, Domingo",2.260232408359922e-06,0,2.260232408359922e-06
"Waddell, Brandon",2.258055729200044e-06,0,2.258055729200044e-06
"Reyzelman, Eric",2.2565458468033887e-06,0,2.2565458468033887e-06
"Kingery, Scott",2.2502570236829135e-06,0,2.2502570236829135e-06
"Denholm, Trenton",2.2488999135845863e-06,0,2.2488999135845863e-06
"Brand, Jonathan",2.2456147523823387e-06,0,2.2456147523823387e-06
"Cranz, Robert",2.2411898862515224e-06,0,2.2411898862515224e-06
"Burgos, Raymond",2.237842814133719e-06,0,2.237842814133719e-06
"Barnes, Jacob",2.2241557827902874e-06,0,2.2241557827902874e-06
"Vargas, Luis",2.2180506725006378e-06,0,2.2180506725006378e-06
"Costello, Chase",2.2171671510306745e-06,0,2.2171671510306745e-06
"Kempner, William",2.2163022504730037e-06,0,2.2163022504730037e-06
"Ingram, Kolton",2.2139704788461873e-06,0,2.2139704788461873e-06
"Ynoa, Huascar",2.2117732394397204e-06,0,2.2117732394397204e-06
"Moreno, Luis",2.210007902291366e-06,0,2.210007902291366e-06
"VanWey, Logan",2.204642722561099e-06,0,2.204642722561099e-06
"Alvarez, Andrew",2.2027395341239672e-06,0,2.2027395341239672e-06
"Toussaint, Touki",2.2013550986244985e-06,0,2.2013550986244985e-06
"Capra, Vinny",2.185025098898703e-06,0,2.185025098898703e-06
"Bowden, Ben",2.183779865681245e-06,0,2.183779865681245e-06
"Barlow, Joe",2.181749813938964e-06,0,2.181749813938964e-06
"Silva, William",2.1817154385897265e-06,0,2.1817154385897265e-06
"Johnson, Preston",2.181202693303197e-06,0,2.181202693303197e-06
"Montes De Oca, Christian",2.1796328098186164e-06,0,2.1796328098186164e-06
"Wynyard, Kai",2.1782803598710925e-06,0,2.1782803598710925e-06
"Mata, Bryan",2.173487158900741e-06,0,2.173487158900741e-06
"Gray, Jon",2.164814932391651e-06,0,2.164814932391651e-06
"Gastelum, Luis",2.1637453883604206e-06,0,2.1637453883604206e-06
"Cabrera, Génesis",2.1613718679364177e-06,0,2.1613718679364177e-06
"Richards, Trevor",2.161123962297294e-06,0,2.161123962297294e-06
"Beilenson, Charlie",2.1477155754561853e-06,0,2.1477155754561853e-06
"Bayless, Jarod",2.1452209622859056e-06,0,2.1452209622859056e-06
"Ruffcorn, Jason",2.144350963831691e-06,0,2.144350963831691e-06
"Anderson, Jack",2.1440625385828165e-06,0,2.1440625385828165e-06
"McCambley, Zach",2.136447971745293e-06,0,2.136447971745293e-06
"Abner, Philip",2.130808517714603e-06,0,2.130808517714603e-06
"Jump, Gage",2.1300098150245894e-06,0,2.1300098150245894e-06
"Lively, Ben",2.128760417047342e-06,0,2.128760417047342e-06
"Rinehart, Logan",2.127994214856404e-06,0,2.127994214856404e-06
"Harris, Ben",2.126773635595161e-06,0,2.126773635595161e-06
"Tomkins, Landon",2.123059460524808e-06,0,2.123059460524808e-06
"Torres Jr., Lenny",2.1187126565502367e-06,0,2.1187126565502367e-06
"Coffey, Adisyn",2.1154935395750247e-06,0,2.1154935395750247e-06
"Morris, Andrew",2.1120213756207273e-06,0,2.1120213756207273e-06
"Urena, Walbert",2.1082507878949726e-06,0,2.1082507878949726e-06
"Jensen, Ryan",2.1041765441035732e-06,0,2.1041765441035732e-06
"Kopps, Kevin",2.103566491005856e-06,0,2.103566491005856e-06
"Angelo, Roman",2.103457348860976e-06,0,2.103457348860976e-06
"Jay, Tyler",2.0983805598421333e-06,0,2.0983805598421333e-06
"Pennington, Walter",2.0982621753451494e-06,0,2.0982621753451494e-06
"White, Josh",2.0981108175778434e-06,0,2.0981108175778434e-06
"Young, Alex",2.0820062011656217e-06,0,2.0820062011656217e-06
"Wegielnik, Robert",2.074683341105099e-06,0,2.074683341105099e-06
"Cosgrove, Tom",2.073931138421467e-06,0,2.073931138421467e-06
"Effross, Scott",2.0730777707048374e-06,0,2.0730777707048374e-06
"Reynolds, Sean",2.0730045408853293e-06,0,2.0730045408853293e-06
"Hawkins, Dakota",2.065000474378396e-06,0,2.065000474378396e-06
"Snelsire, Hayden",2.0604345580592597e-06,0,2.0604345580592597e-06
"Strowd, Kade",2.059885491644536e-06,0,2.059885491644536e-06
"Boyle, Sean",2.057348994473749e-06,0,2.057348994473749e-06
"Geraldo, José",2.047473545035286e-06,0,2.047473545035286e-06
"Teng, Kai-Wei",2.046939810022624e-06,0,2.046939810022624e-06
"Bradford, Cody",2.0423557509898227e-06,0,2.0423557509898227e-06
"Anderson, Nick",2.0288012732958303e-06,0,2.0288012732958303e-06
"Gallegos, Giovanny",2.018450324737542e-06,0,2.018450324737542e-06
"Ort, Kaleb",2.016998541872978e-06,0,2.016998541872978e-06
"Chargois, JT",2.015863738326048e-06,0,2.015863738326048e-06
"Tarnok, Freddy",2.010567998378977e-06,0,2.010567998378977e-06
"Strickland, Samuel",2.0102504560272384e-06,0,2.0102504560272384e-06
"Blubaugh, AJ",2.005495096619305e-06,0,2.005495096619305e-06
"Clark, Chris",1.9976701616596727e-06,0,1.9976701616596727e-06
"Cusick, Ryan",1.982175134040196e-06,0,1.982175134040196e-06
"Money, Blake",1.982114603501392e-06,0,1.982114603501392e-06
"Natera Jr., Samy",1.9759777983558893e-06,0,1.9759777983558893e-06
"Rodning, Brody",1.9718210668454387e-06,0,1.9718210668454387e-06
"Ryan, Ryder",1.9710737152692118e-06,0,1.9710737152692118e-06
"Pardinho, Eric",1.959406202745221e-06,0,1.959406202745221e-06
"Rutledge, Jackson",1.957753989533754e-06,0,1.957753989533754e-06
"Adcock, Ty",1.956693445548772e-06,0,1.956693445548772e-06
"Roberts, Ethan",1.942765776862361e-06,0,1.942765776862361e-06
"Guenther, Sean",1.9340478888238354e-06,0,1.9340478888238354e-06
"Pallette, Peyton",1.9293975601872165e-06,0,1.9293975601872165e-06
"McWilliams, Sam",1.922863711965031e-06,0,1.922863711965031e-06
"Fulton, Dax",1.920392117110997e-06,0,1.920392117110997e-06
"Klassen, George",1.908344539164505e-06,0,1.908344539164505e-06
"Perkins, Jack",1.9045691511531621e-06,0,1.9045691511531621e-06
"Perez, Samuel",1.8947752171209172e-06,0,1.8947752171209172e-06
"Phillips, Evan",1.8915724186427817e-06,0,1.8915724186427817e-06
"Jarvis, Bryce",1.8883265860121914e-06,0,1.8883265860121914e-06
"Garkow, Nate",1.887425938350607e-06,0,1.887425938350607e-06
"Adon, Joan",1.8855992254250427e-06,0,1.8855992254250427e-06
"Burdi, Nick",1.8836538076992269e-06,0,1.8836538076992269e-06
"Neely, Jack",1.8640804225220628e-06,0,1.8640804225220628e-06
"Mathews, Quinn",1.8524156151656765e-06,0,1.8524156151656765e-06
"Alvarez, Jhosmer",1.8520193134361185e-06,0,1.8520193134361185e-06
"Gómez, Yoendrys",1.846839317168175e-06,0,1.846839317168175e-06
"Pasqualotto, Paulshawn",1.8442942681497438e-06,0,1.8442942681497438e-06
"Holman, Grant",1.837690849629779e-06,0,1.837690849629779e-06
"Martin, Trevor",1.8104250323402936e-06,0,1.8104250323402936e-06
"Jackson, Luke",1.804103142672144e-06,0,1.804103142672144e-06
"Mayza, Tim",1.796302223317084e-06,0,1.796302223317084e-06
"Chivilli, Angel",1.792195093709263e-06,0,1.792195093709263e-06
"Cole, Gerrit",1.791463862968818e-06,0,1.791463862968818e-06
"Gomez, Michael",1.788634004479458e-06,0,1.788634004479458e-06
"Shreve, Chasen",1.7862237220402652e-06,0,1.7862237220402652e-06
"Williams, Luke",1.7840548052371712e-06,0,1.7840548052371712e-06
"Hernández, Jonathan",1.7837378799439314e-06,0,1.7837378799439314e-06
"Walker, Taijuan",1.783104366633245e-06,0,1.783104366633245e-06
"McSteen, Jake",1.7776041596807406e-06,0,1.7776041596807406e-06
"Saalfrank, Andrew",1.7538106148008976e-06,0,1.7538106148008976e-06
"Waguespack, Jacob",1.7422911073639343e-06,0,1.7422911073639343e-06
"Thompson, Keegan",1.7401593917056717e-06,0,1.7401593917056717e-06
"Fulmer, Carson",1.7337435013705608e-06,0,1.7337435013705608e-06
"Booser, Cam",1.732764879143204e-06,0,1.732764879143204e-06
"Vargas, Carlos",1.728944390638495e-06,0,1.728944390638495e-06
"Cavalli, Cade",1.7264276610033163e-06,0,1.7264276610033163e-06
"Hahn, Jesse",1.7254573832857969e-06,0,1.7254573832857969e-06
"Barnhart, Zane",1.7250755436990422e-06,0,1.7250755436990422e-06
"Farris, Mitch",1.7212311936122715e-06,0,1.7212311936122715e-06
"Oviedo, Johan",1.7119619147012296e-06,0,1.7119619147012296e-06
"Devenski, Chris",1.697123605716641e-06,0,1.697123605716641e-06
"Lucas, Easton",1.6879286125474827e-06,0,1.6879286125474827e-06
"Krook, Matt",1.680616276317259e-06,0,1.680616276317259e-06
"Brazobán, Huascar",1.6443674571825302e-06,0,1.6443674571825302e-06
"Holub, Blake",1.6265041949100014e-06,0,1.6265041949100014e-06
"Peralta, Sammy",1.6173550590572542e-06,0,1.6173550590572542e-06
"Ortiz, Luis L.",1.6155378524491588e-06,0,1.6155378524491588e-06
"Murray, Jayden",1.6082165123370326e-06,0,1.6082165123370326e-06
"Guzman, Carlos",1.6027401159056098e-06,0,1.6027401159056098e-06
"Jones, Jared",1.60177155626465e-06,0,1.60177155626465e-06
"Garcia, Luis",1.600875964206223e-06,0,1.600875964206223e-06
"Justice, Evan",1.5988554875101707e-06,0,1.5988554875101707e-06
"Murfee, Penn",1.5897668610480803e-06,0,1.5897668610480803e-06
"Maeda, Kenta",1.581700846557128e-06,0,1.581700846557128e-06
"Ramírez, Erasmo",1.5749185764720927e-06,0,1.5749185764720927e-06
"Gilbreath, Lucas",1.5681980495566649e-06,0,1.5681980495566649e-06
"McFarland, T.J.",1.5654411484791818e-06,0,1.5654411484791818e-06
"Adams, Mason",1.5615865443837304e-06,0,1.5615865443837304e-06
"Garabito, Gerson",1.55758728686927e-06,0,1.55758728686927e-06
"Ragsdale, Carson",1.5569628682477252e-06,0,1.5569628682477252e-06
"Carlson, Sam",1.5551045398048064e-06,0,1.5551045398048064e-06
"Jacques, Joe",1.5400833889970422e-06,0,1.5400833889970422e-06
"Brubaker, JT",1.5387902572089434e-06,0,1.5387902572089434e-06
"Fernández, Julian",1.535821979393354e-06,0,1.535821979393354e-06
"Hiraldo, Yaramil",1.532086959212757e-06,0,1.532086959212757e-06
"McClanahan, Shane",1.529255512503759e-06,0,1.529255512503759e-06
"Sinclair, Jack",1.5131487700111519e-06,0,1.5131487700111519e-06
"Rock, Joe",1.4734273814330626e-06,0,1.4734273814330626e-06
"Enright, Nic",1.469867724054847e-06,0,1.469867724054847e-06
"Contreras, Roansy",1.4636662117775892e-06,0,1.4636662117775892e-06
"Winn, Keaton",1.4615478360126208e-06,0,1.4615478360126208e-06
"Maton, Jacob",1.4569060454675745e-06,0,1.4569060454675745e-06
"Belgrave, Nigel",1.4566925354248017e-06,0,1.4566925354248017e-06
"Barco, Hunter",1.445275598710503e-06,0,1.445275598710503e-06
"Davis, Tyler",1.4275330848079788e-06,0,1.4275330848079788e-06
"Middendorf, Ryan",1.410979997450666e-06,0,1.410979997450666e-06
"McLoughlin, Trey",1.4089701993114692e-06,0,1.4089701993114692e-06
"Armstrong, Sam",1.3877243381277466e-06,0,1.3877243381277466e-06
"Scholtens, Jesse",1.3708213475396344e-06,0,1.3708213475396344e-06
"Sanchez, Wilmy",1.369854257995499e-06,0,1.369854257995499e-06
"Hoglund, Gunnar",1.3593416457154602e-06,0,1.3593416457154602e-06
"Díaz, Jhonathan",1.3586184630262957e-06,0,1.3586184630262957e-06
"Teodo, Emiliano",1.351341114708235e-06,0,1.351341114708235e-06
"Avila, Luinder",1.3275380307885846e-06,0,1.3275380307885846e-06
"Halvorsen, Seth",1.3205057660858898e-06,0,1.3205057660858898e-06
"Cellucci, Brendan",1.3165158259801253e-06,0,1.3165158259801253e-06
"Bielak, Brandon",1.315483592563213e-06,0,1.315483592563213e-06
"Adams, Cooper",1.2949067253803138e-06,0,1.2949067253803138e-06
"Leclerc, José",1.2917240201497143e-06,0,1.2917240201497143e-06
"Wiles, Nathan",1.2752942358340444e-06,0,1.2752942358340444e-06
"Beeter, Clayton",1.2388229119356848e-06,0,1.2388229119356848e-06
"Fruit, Zach",1.2338771785816897e-06,0,1.2338771785816897e-06
"Gage, Matt",1.2218440796397585e-06,0,1.2218440796397585e-06
"Rodríguez, Wilking",1.2216006487765015e-06,0,1.2216006487765015e-06
"Heaney, Andrew",1.216609696147251e-06,0,1.216609696147251e-06
"Tolle, Payton",1.2109010424349337e-06,0,1.2109010424349337e-06
"Stephenson, Robert",1.1835855839235311e-06,0,1.1835855839235311e-06
"Rice, Jake",1.1835344535038077e-06,0,1.1835344535038077e-06
"Black, Mason",1.1808601459933877e-06,0,1.1808601459933877e-06
"Chirino, Harold",1.1778569926883037e-06,0,1.1778569926883037e-06
"Roberts, Austin",1.1595521841263232e-06,0,1.1595521841263232e-06
"Kimbrel, Craig",1.1474242151069994e-06,0,1.1474242151069994e-06
"Moran, Brian",1.1345555078626742e-06,0,1.1345555078626742e-06
"Ginkel, Kevin",1.1238268382674217e-06,0,1.1238268382674217e-06
"Van Belle, Brian",1.1171030671204429e-06,0,1.1171030671204429e-06
"DeSclafani, Anthony",1.1166266910839653e-06,0,1.1166266910839653e-06
"Peoples, Ben",1.1048361991460504e-06,0,1.1048361991460504e-06
"Stallings, Garrett",1.0991718016847805e-06,0,1.0991718016847805e-06
"Lynch IV, Daniel",1.0771008746722685e-06,0,1.0771008746722685e-06
"Roby, Tekoah",1.0432469435924902e-06,0,1.0432469435924902e-06
"Boyle, Joe",1.036625665532258e-06,0,1.036625665532258e-06
"Phillips, Connor",1.0275851989684424e-06,0,1.0275851989684424e-06
"Espada, Jose",1.023915833274467e-06,0,1.023915833274467e-06
"Peguero, Joel",1.0171169376655927e-06,0,1.0171169376655927e-06
"O'Brien, Riley",1.0166053941774388e-06,0,1.0166053941774388e-06
"Brzykcy, Zach",1.0079534287658471e-06,0,1.0079534287658471e-06
"Gomber, Austin",1.0039046887730434e-06,0,1.0039046887730434e-06
"Stoudt, Levi",9.880120841800685e-07,0,9.880120841800685e-07
"Mena, Cristian",9.82669621880722e-07,0,9.82669621880722e-07
"Morillo, Juan",9.73855185290206e-07,0,9.73855185290206e-07
"Ross, Joe",9.630015597557626e-07,0,9.630015597557626e-07
"Kilian, Caleb",9.515004715078572e-07,0,9.515004715078572e-07
"Carrasco, Carlos",9.249132874740671e-07,0,9.249132874740671e-07
"Ferris, Jackson",9.193212813821858e-07,0,9.193212813821858e-07
"Bigge, Hunter",9.166774722873777e-07,0,9.166774722873777e-07
"Moreta, Dauri",8.865546456510207e-07,0,8.865546456510207e-07
"Foley, Jason",8.540373477006645e-07,0,8.540373477006645e-07
"Neris, Héctor",8.301545593973288e-07,0,8.301545593973288e-07
"McGough, Scott",7.955859699898339e-07,0,7.955859699898339e-07
"Feyereisen, J.P.",7.834386782970248e-07,0,7.834386782970248e-07
"Martin, Corbin",7.805670588016466e-07,0,7.805670588016466e-07
"Johnson, Seth",7.665138436852096e-07,0,7.665138436852096e-07
"Lazar, Max",7.644779284718991e-07,0,7.644779284718991e-07
"Núñez, Dedniel",7.63296687025819e-07,0,7.63296687025819e-07
"Granillo, Andre",7.493159814605545e-07,0,7.493159814605545e-07
"Graceffo, Gordon",7.451403828664141e-07,0,7.451403828664141e-07
"Matsui, Yuki",7.32223096164267e-07,0,7.32223096164267e-07
"McDonald, Trevor",6.926497907927727e-07,0,6.926497907927727e-07
"Thornton, Trent",6.706905781695904e-07,0,6.706905781695904e-07
"Gibson, Cade",6.612870484400249e-07,0,6.612870484400249e-07
"Blackburn, Paul",6.149228002222101e-07,0,6.149228002222101e-07
"Weigel, Patrick",5.606261184407799e-07,0,5.606261184407799e-07
"Lawrence, Justin",5.3601837989968e-07,0,5.3601837989968e-07
"Loáisiga, Jonathan",5.260047474099178e-07,0,5.260047474099178e-07
"Smith-Shawver, AJ",5.130270630370561e-07,0,5.130270630370561e-07
"Cano, Yennier",5.07563508778163e-07,0,5.07563508778163e-07
"Dubin, Shawn",4.874947770563035e-07,0,4.874947770563035e-07
"Morgan, David",4.759499535660667e-07,0,4.759499535660667e-07
"May, Dustin",4.7297861068329865e-07,0,4.7297861068329865e-07
"Fulmer, Michael",4.619677587738784e-07,0,4.619677587738784e-07
"Zastryzny, Rob",4.319673313972008e-07,0,4.319673313972008e-07
"Fitts, Richard",4.3037330662658207e-07,0,4.3037330662658207e-07
"Falter, Bailey",4.1729158148645337e-07,0,4.1729158148645337e-07
"Poulin, PJ",3.927554349036545e-07,0,3.927554349036545e-07
"Pilkington, Konnor",3.775910569941598e-07,0,3.775910569941598e-07
"Morales, Luis",3.7503538631911415e-07,0,3.7503538631911415e-07
"Harris, Hogan",3.51422159685941e-07,0,3.51422159685941e-07
"Borucki, Ryan",3.0982467920914973e-07,0,3.0982467920914973e-07
"Zuber, Tyler",3.041365282906258e-07,0,3.041365282906258e-07
"Montas, Frankie",2.7422372248502396e-07,0,2.7422372248502396e-07
"Javier, Cristian",2.706483958280608e-07,0,2.706483958280608e-07
"Knack, Landon",2.0409236931306665e-07,0,2.0409236931306665e-07
"Tong, Jonah",2.0147750668316292e-07,0,2.0147750668316292e-07
"Henriquez, Edgardo",1.954577567964293e-07,0,1.954577567964293e-07
"Dunning, Dane",1.832122518262199e-07,0,1.832122518262199e-07
"Sauer, Matt",1.3645222632348218e-07,0,1.3645222632348218e-07
"Hamilton, Ian",1.14366856781572e-07,0,1.14366856781572e-07
"Holmes, Grant",1.112202133295869e-07,0,1.112202133295869e-07
"Lawrence, Casey",7.941369035492271e-08,0,7.941369035492271e-08
"Soto, Gregory",6.042493467104009e-08,0,6.042493467104009e-08
"Dion, Will",5.086956431725448e-08,0,5.086956431725448e-08
"Henry, Tommy",4.7075514521746105e-08,0,4.7075514521746105e-08
"King, John",4.516201798924558e-08,0,4.516201798924558e-08
"Abel, Mick",-3.666668226268991e-08,-1,0.9999999633333178
"Pallante, Andre",-4.9315050933804145e-08,-1,0.9999999506849491
"McCaughan, Darren",-5.3581749721933545e-08,-1,0.9999999464182503
"Lao, Sauryn",-6.016721499917095e-08,-1,0.999999939832785
"Maxwell, Zach",-7.263082323014692e-08,-1,0.9999999273691768
"Murphy, Patrick",-8.905060744496352e-08,-1,0.9999999109493926
"Bowman, Matt",-9.876390268957994e-08,-1,0.9999999012360973
"Mejia, Juan",-1.4975105680298283e-07,-1,0.9999998502489432
"Ramírez, Yohan",-1.5374596924571558e-07,-1,0.9999998462540307
"Hodge, Porter",-2.20235340684314e-07,-1,0.9999997797646594
"Gilbert, Tyler",-2.3030532385648444e-07,-1,0.9999997696946762
"Simpson, Josh",-2.4060403343569166e-07,-1,0.9999997593959665
"Bummer, Aaron",-2.5377879601263547e-07,-1,0.999999746221204
"Ferguson, Caleb",-2.651770223640338e-07,-1,0.9999997348229777
"Curvelo, Luis",-2.679877155492687e-07,-1,0.9999997320122844
"Bellozo, Valente",-2.8143020041046246e-07,-1,0.9999997185697996
"Birdsong, Hayden",-2.866313539965469e-07,-1,0.999999713368646
"Stratton, Chris",-2.905182556216215e-07,-1,0.9999997094817443
"Anderson, Shaun",-3.348687542238206e-07,-1,0.9999996651312458
"Shuster, Jared",-3.377342764107493e-07,-1,0.9999996622657236
"Waldrep, Hurston",-3.61659231900423e-07,-1,0.9999996383407681
"Laweryson, Cody",-3.621925274646208e-07,-1,0.9999996378074726
"Alexander, Jason",-3.6306394757661206e-07,-1,0.9999996369360524
"Robertson, David",-3.8185725048525844e-07,-1,0.9999996181427495
"García, Yimi",-4.257288609101814e-07,-1,0.9999995742711391
"Raley, Brooks",-4.807136791029449e-07,-1,0.9999995192863209
"Rodríguez, Elvin",-4.981024121853853e-07,-1,0.9999995018975878
"Monteverde, Patrick",-5.035410142188415e-07,-1,0.9999994964589858
"Rocker, Kumar",-5.425190401198133e-07,-1,0.9999994574809599
"Hill, Jaden",-5.57856606404115e-07,-1,0.9999994421433936
"Rashi, Taylor",-5.60271591814476e-07,-1,0.9999994397284082
"Alcala, Jorge",-6.187514057532333e-07,-1,0.9999993812485942
"Orze, Eric",-6.587343993642379e-07,-1,0.9999993412656006
"Snider, Collin",-6.642399138579018e-07,-1,0.9999993357600861
"Fernandez, Ryan",-6.71506436654365e-07,-1,0.9999993284935633
"Slaten, Justin",-7.180120721010166e-07,-1,0.9999992819879279
"Blanco, Ronel",-7.404733205932217e-07,-1,0.9999992595266795
"Molina, Anthony",-7.446827414177983e-07,-1,0.9999992553172585
"Young, Brandon",-7.628167136381588e-07,-1,0.9999992371832863
"Hancock, Emerson",-8.137111617295061e-07,-1,0.9999991862888382
"Wilson, Steven",-8.151306465308201e-07,-1,0.9999991848693535
"Petersen, Michael",-8.400876558964302e-07,-1,0.9999991599123441
"Cruz, Steven",-8.443161422602097e-07,-1,0.9999991556838578
"McGee, Easton",-8.448851961280137e-07,-1,0.9999991551148039
"Weissert, Greg",-8.640068694040422e-07,-1,0.9999991359931306
"Sewald, Paul",-8.896542921347477e-07,-1,0.9999991103457079
"Weathers, Ryan",-9.440314807334194e-07,-1,0.9999990559685192
"Yates, Kirby",-9.853368540953265e-07,-1,0.9999990146631459
"Rogers, Taylor",-9.914147637018875e-07,-1,0.9999990085852363
"García, Luis",-1.0036921994947515e-06,-1,0.9999989963078005
"Lucchesi, Joey",-1.0049440958987497e-06,-1,0.9999989950559041
"Yesavage, Trey",-1.0136969978272614e-06,-1,0.9999989863030022
"Selby, Colin",-1.1146379499409384e-06,-1,0.9999988853620501
"Banda, Anthony",-1.1302174288191733e-06,-1,0.9999988697825711
"Young, Danny",-1.1645673194125952e-06,-1,0.9999988354326805
"Dobbins, Hunter",-1.2082372066296682e-06,-1,0.9999987917627934
"Legumina, Casey",-1.2174133309277953e-06,-1,0.9999987825866691
"Payamps, Joel",-1.2827769431135195e-06,-1,0.9999987172230569
"Puk, A.J.",-1.2867864496622199e-06,-1,0.9999987132135504
"Zeferjahn, Ryan",-1.2888956840006019e-06,-1,0.999998711104316
"Bruihl, Justin",-1.3094988109213673e-06,-1,0.9999986905011891
"Martinez, Justin",-1.3538529921496582e-06,-1,0.9999986461470078
"Bender, Anthony",-1.3844832397099342e-06,-1,0.9999986155167603
"Wicks, Jordan",-1.4259468482002732e-06,-1,0.9999985740531518
"Bowlan, Jonathan",-1.444281890032204e-06,-1,0.9999985557181099
"Alvarado, Elvis",-1.4744372620512411e-06,-1,0.9999985255627379
"Crismatt, Nabil",-1.5310806519176192e-06,-1,0.9999984689193481
"Beck, Tristan",-1.563869281454435e-06,-1,0.9999984361307186
"Henderson, Logan",-1.5693192686629902e-06,-1,0.9999984306807314
"Smith, Shane",-1.6021864966461926e-06,-1,0.9999983978135033
"Ashcraft, Graham",-1.6323813505688738e-06,-1,0.9999983676186495
"Steele, Justin",-1.6656907314603014e-06,-1,0.9999983343092685
"Hart, Kyle",-1.7007473891821654e-06,-1,0.9999982992526109
"Soriano, José",-1.7116784239780866e-06,-1,0.999998288321576
"Curtiss, John",-1.7385684001954047e-06,-1,0.9999982614315998
"Cannon, Jonathan",-1.7647655651216775e-06,-1,0.9999982352344349
"Johnson, Ryan",-1.7804451978911613e-06,-1,0.9999982195548021
"Phillips, Tyler",-1.868389809758221e-06,-1,0.9999981316101902
"Ohl, Pierson",-1.9083798220544325e-06,-1,0.9999980916201779
"Suárez, Albert",-1.9931858088070725e-06,-1,0.9999980068141912
"Gipson-Long, Sawyer",-2.0138068575796216e-06,-1,0.9999979861931424
"Wells, Tyler",-2.0618306355577214e-06,-1,0.9999979381693644
"Brasier, Ryan",-2.1641002654147134e-06,-1,0.9999978358997346
"Minter, A.J.",-2.16501371708711e-06,-1,0.9999978349862829
"Peralta, Wandy",-2.210291280767253e-06,-1,0.9999977897087192
"Treinen, Blake",-2.2154035362699626e-06,-1,0.9999977845964637
"Domínguez, Seranthony",-2.2471260730086673e-06,-1,0.999997752873927
"Cox, Austin",-2.250612679530063e-06,-1,0.9999977493873204
"Myers, Tobias",-2.2658133001454516e-06,-1,0.9999977341866999
"Schultz, Paxton",-2.278198435904428e-06,-1,0.9999977218015641
"Topa, Justin",-2.2861368918888875e-06,-1,0.9999977138631081
"Allen, Logan",-2.3168732000429115e-06,-1,0.9999976831267999
"Martin, Davis",-2.365708277203283e-06,-1,0.9999976342917228
"Senga, Kodai",-2.3856747125611242e-06,-1,0.9999976143252874
"Akin, Keegan",-2.3926806372744136e-06,-1,0.9999976073193627
"Chandler, Bubba",-2.4377880542783124e-06,-1,0.9999975622119457
"Sulser, Cole",-2.4581779213993475e-06,-1,0.9999975418220786
"Severino, Luis",-2.4649063529463913e-06,-1,0.9999975350936471
"Vodnik, Victor",-2.483624679620418e-06,-1,0.9999975163753204
"Wesneski, Hayden",-2.4941420779045287e-06,-1,0.9999975058579221
"Mahle, Tyler",-2.552856010267725e-06,-1,0.9999974471439897
"Kershaw, Clayton",-2.569731312502058e-06,-1,0.9999974302686875
"Miller, Bryce",-2.5976324754002392e-06,-1,0.9999974023675245
"Thompson, Ryan",-2.6040905058332563e-06,-1,0.9999973959094942
"Festa, David",-2.6206951385445678e-06,-1,0.9999973793048614
"Bradley, Taj",-2.645880257599587e-06,-1,0.9999973541197424
"Fairbanks, Pete",-2.6577956844283105e-06,-1,0.9999973422043156
"Romano, Jordan",-2.713539267171595e-06,-1,0.9999972864607328
"Pérez, Martín",-2.7161979663509554e-06,-1,0.9999972838020337
"Melton, Troy",-2.7521069852896354e-06,-1,0.9999972478930147
"Kelly, Zack",-2.75421096465385e-06,-1,0.9999972457890354
"Harvey, Hunter",-2.786390419676983e-06,-1,0.9999972136095803
"Coulombe, Danny",-2.8709650480466177e-06,-1,0.999997129034952
"Hagenman, Justin",-2.9653622803082636e-06,-1,0.9999970346377197
"Nance, Tommy",-3.0211331777203767e-06,-1,0.9999969788668223
"Mattson, Isaac",-3.048443058536228e-06,-1,0.9999969515569415
"Estévez, Carlos",-3.0733864150569304e-06,-1,0.999996926613585
"Headrick, Brent",-3.075824697818706e-06,-1,0.9999969241753022
"Bergert, Ryan",-3.085547258232418e-06,-1,0.9999969144527417
"Montero, Keider",-3.1147250659210253e-06,-1,0.9999968852749341
"Lord, Brad",-3.145369773208587e-06,-1,0.9999968546302268
"Beeks, Jalen",-3.157917409443171e-06,-1,0.9999968420825905
"Latz, Jacob",-3.17338055881176e-06,-1,0.9999968266194412
"Fisher, Braydon",-3.1996818980561327e-06,-1,0.9999968003181019
"Stewart, Brock",-3.2036960813819737e-06,-1,0.9999967963039186
"Enns, Dietrich",-3.2201348695384267e-06,-1,0.9999967798651305
"Santillan, Tony",-3.226461602531561e-06,-1,0.9999967735383974
"Horton, Cade",-3.371900332852878e-06,-1,0.9999966280996672
"Kolek, Stephen",-3.3735348056986848e-06,-1,0.9999966264651943
"Festa, Matt",-3.394667908654418e-06,-1,0.9999966053320913
"Early, Connelly",-3.463874106646787e-06,-1,0.9999965361258933
"Hurter, Brant",-3.468912072043233e-06,-1,0.999996531087928
"Bautista, Félix",-3.4742497883414325e-06,-1,0.9999965257502117
"Schmidt, Clarke",-3.4890326247444667e-06,-1,0.9999965109673753
"Hanifee, Brenan",-3.561220399545209e-06,-1,0.9999964387796004
"Faucher, Calvin",-3.5737662968943776e-06,-1,0.9999964262337031
"Darvish, Yu",-3.579706175489235e-06,-1,0.9999964202938245
"Junis, Jakob",-3.606112192123337e-06,-1,0.9999963938878079
"Bivens, Spencer",-3.6277047371800675e-06,-1,0.9999963722952628
"Kinley, Tyler",-3.658313475359863e-06,-1,0.9999963416865246
"Dodd, Dylan",-3.739256281276745e-06,-1,0.9999962607437187
"Harrison, Kyle",-3.777001713605724e-06,-1,0.9999962229982864
"Williams, Gavin",-3.845018556147506e-06,-1,0.9999961549814439
"Lee, Chase",-3.859216896149198e-06,-1,0.9999961407831038
"Rodríguez, Manuel",-3.896413544255069e-06,-1,0.9999961035864557
"Anderson, Tyler",-3.925059569866828e-06,-1,0.9999960749404301
"Green, Chad",-3.9395474055698525e-06,-1,0.9999960604525945
"Kerkering, Orion",-4.000166079210951e-06,-1,0.9999959998339207
"Alcantara, Sandy",-4.067236956075892e-06,-1,0.9999959327630439
"Doval, Camilo",-4.07446168828608e-06,-1,0.9999959255383117
"Bird, Jake",-4.239394614527656e-06,-1,0.9999957606053854
"Anderson, Grant",-4.347577265448198e-06,-1,0.9999956524227346
"Hill, Tim",-4.423042822412252e-06,-1,0.9999955769571776
"Ashby, Aaron",-4.44107137213515e-06,-1,0.9999955589286279
"Bieber, Shane",-4.47187604746514e-06,-1,0.9999955281239525
"Adam, Jason",-4.508426302895132e-06,-1,0.9999954915736972
"King, Michael",-4.5514703535903615e-06,-1,0.9999954485296464
"Giolito, Lucas",-4.6816386210289325e-06,-1,0.999995318361379
"Woods Richardson, Simeon",-4.706405963078737e-06,-1,0.9999952935940369
"Boushley, Caleb",-4.732859917576083e-06,-1,0.9999952671400825
"Houser, Adrian",-4.8124009904366915e-06,-1,0.9999951875990095
"Eflin, Zach",-4.827424991059489e-06,-1,0.9999951725750089
"Kranick, Max",-4.836992290139226e-06,-1,0.9999951630077099
"Gusto, Ryan",-4.865944424091856e-06,-1,0.9999951340555759
"Civale, Aaron",-4.891950413798221e-06,-1,0.9999951080495862
"Bachar, Lake",-4.90957111794366e-06,-1,0.999995090428882
"Sterner, Justin",-4.968554044884672e-06,-1,0.9999950314459551
"Mears, Nick",-4.985595059178687e-06,-1,0.9999950144049409
"Brash, Matt",-5.007332426953954e-06,-1,0.9999949926675731
"Baz, Shane",-5.013557962200063e-06,-1,0.9999949864420378
"Olson, Reese",-5.080764785960495e-06,-1,0.999994919235214
"Montgomery, Mason",-5.102726727669361e-06,-1,0.9999948972732723
"Messick, Parker",-5.126474854753152e-06,-1,0.9999948735251453
"Leiter, Jack",-5.136331169634694e-06,-1,0.9999948636688304
"Burns, Chase",-5.198250136595407e-06,-1,0.9999948017498634
"Yarbrough, Ryan",-5.2035774015667024e-06,-1,0.9999947964225985
"Seymour, Ian",-5.218657232991347e-06,-1,0.999994781342767
"Megill, Tylor",-5.223674632689932e-06,-1,0.9999947763253673
"McLean, Nolan",-5.231174625413921e-06,-1,0.9999947688253746
"Allard, Kolby",-5.2368149464495596e-06,-1,0.9999947631850535
"De Los Santos, Enyel",-5.2415584385949874e-06,-1,0.9999947584415614
"Webb, Jacob",-5.264369874351449e-06,-1,0.9999947356301256
"Quantrill, Cal",-5.294982785490892e-06,-1,0.9999947050172145
"Peterson, David",-5.305375544016984e-06,-1,0.999994694624456
"Bradish, Kyle",-5.3345909356198345e-06,-1,0.9999946654090643
"Burnes, Corbin",-5.370695489997626e-06,-1,0.99999462930451
"Zerpa, Angel",-5.4058929177626064e-06,-1,0.9999945941070822
"Svanson, Matt",-5.441091308195431e-06,-1,0.9999945589086918
"Lopez, Jacob",-5.457293394618211e-06,-1,0.9999945427066054
"Garrett, Reed",-5.515706136408633e-06,-1,0.9999944842938636
"Leiter Jr., Mark",-5.575620856891852e-06,-1,0.9999944243791431
"Romero, JoJo",-5.585853194225491e-06,-1,0.9999944141468058
"Erceg, Lucas",-5.6126408903459335e-06,-1,0.9999943873591096
"Wentz, Joey",-5.614644121447667e-06,-1,0.9999943853558786
"Garcia, Rico",-5.62436458944016e-06,-1,0.9999943756354106
"Schlittler, Cam",-5.714603902264914e-06,-1,0.9999942853960977
"Spence, Mitch",-5.738415257140408e-06,-1,0.9999942615847428
"Pomeranz, Drew",-5.74146597657104e-06,-1,0.9999942585340235
"Wilson, Justin",-5.7970987140746365e-06,-1,0.9999942029012859
"Milner, Hoby",-5.868051688187186e-06,-1,0.9999941319483118
"McGreevy, Michael",-5.982234507123649e-06,-1,0.9999940177654929
"Little, Brendon",-5.9855470704365536e-06,-1,0.9999940144529296
"Casparius, Ben",-6.0209164413719475e-06,-1,0.9999939790835586
"Ashcraft, Braxton",-6.04182716068237e-06,-1,0.9999939581728393
"Glasnow, Tyler",-6.0985425986683495e-06,-1,0.9999939014574013
"Clarke, Taylor",-6.10111224206245e-06,-1,0.9999938988877579
"Suter, Brent",-6.151897183271111e-06,-1,0.9999938481028168
"Roupp, Landen",-6.2872081760440454e-06,-1,0.9999937127918239
"Fluharty, Mason",-6.316102989508163e-06,-1,0.9999936838970105
"Finnegan, Kyle",-6.3207730908578836e-06,-1,0.9999936792269092
"Clase, Emmanuel",-6.341842309569743e-06,-1,0.9999936581576905
"Johnson, Pierce",-6.432827168412e-06,-1,0.9999935671728316
"Santana, Dennis",-6.558326365075e-06,-1,0.9999934416736349
"Holton, Tyler",-6.645431051786572e-06,-1,0.9999933545689482
"Strider, Spencer",-6.649649236372994e-06,-1,0.9999933503507636
"Walker, Ryan",-6.67885556227164e-06,-1,0.9999933211444377
"Ginn, J.T.",-6.6791694474312645e-06,-1,0.9999933208305526
"Meyer, Max",-6.7368897273067025e-06,-1,0.9999932631102727
"Kelly, Kevin",-6.864812431112688e-06,-1,0.9999931351875689
"Brogdon, Connor",-6.9143162618983755e-06,-1,0.9999930856837381
"Bassitt, Chris",-6.93633499547768e-06,-1,0.9999930636650045
"Cantillo, Joey",-6.943497021083516e-06,-1,0.9999930565029789
"Weaver, Luke",-6.969600855642052e-06,-1,0.9999930303991443
"Cabrera, Edward",-7.0079778966186686e-06,-1,0.9999929920221033
"Jansen, Kenley",-7.0610104267421e-06,-1,0.9999929389895733
"Gordon, Tanner",-7.088117761671687e-06,-1,0.9999929118822384
"Mlodzinski, Carmen",-7.103551690490526e-06,-1,0.9999928964483095
"Burke, Brock",-7.114909770277254e-06,-1,0.9999928850902298
"Englert, Mason",-7.174255585319226e-06,-1,0.9999928257444147
"Berríos, José",-7.254333091740605e-06,-1,0.9999927456669082
"Garcia, Robert",-7.322827743649859e-06,-1,0.9999926771722564
"Pepiot, Ryan",-7.3267744021730564e-06,-1,0.9999926732255978
"Singer, Brady",-7.373759959275695e-06,-1,0.9999926262400407
"Hoffman, Jeff",-7.382545275843381e-06,-1,0.9999926174547241
"Canning, Griffin",-7.3872203425827575e-06,-1,0.9999926127796575
"Helsley, Ryan",-7.46753533906588e-06,-1,0.9999925324646609
"Maton, Phil",-7.471791548928409e-06,-1,0.9999925282084511
"Taylor, Grant",-7.624974033306943e-06,-1,0.9999923750259667
"Corbin, Patrick",-7.669880862120885e-06,-1,0.9999923301191379
"Leasure, Jordan",-7.67325875568703e-06,-1,0.9999923267412443
"Schreiber, John",-7.707582540776721e-06,-1,0.9999922924174592
"Herget, Jimmy",-7.714609378731489e-06,-1,0.9999922853906212
"Eisert, Brandon",-7.740438581911398e-06,-1,0.9999922595614181
"Newcomb, Sean",-7.76862575528911e-06,-1,0.9999922313742448
"Sousa, Bennett",-7.839178506961414e-06,-1,0.999992160821493
"Cruz, Fernando",-7.867043697012215e-06,-1,0.999992132956303
"Elder, Bryce",-7.889451787194417e-06,-1,0.9999921105482128
"Sands, Cole",-7.920967529001885e-06,-1,0.999992079032471
"Lugo, Seth",-8.025600638999351e-06,-1,0.999991974399361
"Sugano, Tomoyuki",-8.037038648360577e-06,-1,0.9999919629613516
"Hendricks, Kyle",-8.132445777721207e-06,-1,0.9999918675542223
"Alexander, Tyler",-8.151332570967637e-06,-1,0.9999918486674291
"Gallen, Zac",-8.183192590423077e-06,-1,0.9999918168074096
"Pagán, Emilio",-8.190193453094733e-06,-1,0.9999918098065469
"Strahm, Matt",-8.245896005132744e-06,-1,0.9999917541039949
"Matthews, Zebby",-8.246827415754668e-06,-1,0.9999917531725843
"Koenig, Jared",-8.45015740166874e-06,-1,0.9999915498425983
"Snell, Blake",-8.495085074162461e-06,-1,0.9999915049149258
"Alvarado, José",-8.50680149212426e-06,-1,0.9999914931985079
"Palencia, Daniel",-8.55520974874005e-06,-1,0.9999914447902513
"Woodruff, Brandon",-8.559624798357078e-06,-1,0.9999914403752016
"Armstrong, Shawn",-8.621854274490832e-06,-1,0.9999913781457255
"Sears, JP",-8.69824849192777e-06,-1,0.9999913017515081
"Priester, Quinn",-8.733486063315618e-06,-1,0.9999912665139367
"Muñoz, Andrés",-8.752309619647217e-06,-1,0.9999912476903804
"Scherzer, Max",-8.789336917926936e-06,-1,0.999991210663082
"Gordon, Colton",-8.89137981351839e-06,-1,0.9999911086201865
"Cameron, Noah",-8.923013009317825e-06,-1,0.9999910769869906
"Misiorowski, Jacob",-8.96809838886999e-06,-1,0.9999910319016111
"Burrows, Mike",-8.986283021675306e-06,-1,0.9999910137169783
"Leahy, Kyle",-9.065121874365111e-06,-1,0.9999909348781256
"Keller, Brad",-9.069957844060767e-06,-1,0.9999909300421559
"Rea, Colin",-9.167867307573347e-06,-1,0.9999908321326925
"Springs, Jeffrey",-9.228751074107939e-06,-1,0.9999907712489259
"Uribe, Abner",-9.330228943418018e-06,-1,0.9999906697710566
"López, Pablo",-9.54267943031719e-06,-1,0.9999904573205697
"Megill, Trevor",-9.62305055160676e-06,-1,0.9999903769494484
"Scott, Tanner",-9.671804087556676e-06,-1,0.9999903281959125
"Varland, Louis",-9.689130727139708e-06,-1,0.9999903108692728
"Sheehan, Emmet",-9.762822842980761e-06,-1,0.9999902371771571
"Matz, Steven",-9.96149769312056e-06,-1,0.9999900385023068
"Thielbar, Caleb",-1.0142283886742175e-05,-1,0.9999898577161133
"Cecconi, Slade",-1.0150628171585826e-05,-1,0.9999898493718284
"Williams, Trevor",-1.0295954255290636e-05,-1,0.9999897040457447
"King, Bryan",-1.033550333470715e-05,-1,0.9999896644966653
"Martin, Chris",-1.0366333047752197e-05,-1,0.9999896336669523
"Uceta, Edwin",-1.0505007218088745e-05,-1,0.9999894949927819
"Miller, Shelby",-1.0543745300160504e-05,-1,0.9999894562546998
"Mikolas, Miles",-1.0557833165301027e-05,-1,0.9999894421668347
"Manaea, Sean",-1.0608616728570305e-05,-1,0.9999893913832715
"Paddack, Chris",-1.0710370185582284e-05,-1,0.9999892896298144
"Vesia, Alex",-1.0756290218971449e-05,-1,0.999989243709781
"Keller, Mitch",-1.086911880973937e-05,-1,0.9999891308811902
"Ohtani, Shohei",-1.0893623077293867e-05,-1,0.9999891063769227
"Nola, Aaron",-1.0899207741991795e-05,-1,0.999989100792258
"Hader, Josh",-1.1134762058916872e-05,-1,0.9999888652379411
"Wrobleski, Justin",-1.1185724571399555e-05,-1,0.9999888142754286
"Liberatore, Matthew",-1.1225774713043371e-05,-1,0.999988774225287
"Povich, Cade",-1.1252196602059548e-05,-1,0.999988747803398
"Gaddis, Hunter",-1.1254011953750433e-05,-1,0.9999887459880462
"Walter, Brandon",-1.127364333008559e-05,-1,0.9999887263566699
"Iglesias, Raisel",-1.13074740547668e-05,-1,0.9999886925259452
"Wacha, Michael",-1.1351002482298157e-05,-1,0.9999886489975177
"Rogers, Tyler",-1.1449006466743072e-05,-1,0.9999885509935332
"Rodríguez, Randy",-1.1661299946717672e-05,-1,0.9999883387000533
"Suarez, Robert",-1.1860552644162065e-05,-1,0.9999881394473559
"Martinez, Nick",-1.1921090694751534e-05,-1,0.9999880789093053
"Bazardo, Eduard",-1.1923616819220132e-05,-1,0.9999880763831808
"Nelson, Ryne",-1.2183324208319796e-05,-1,0.9999878166757917
"Lorenzen, Michael",-1.2323636063848127e-05,-1,0.9999876763639362
"Cleavinger, Garrett",-1.2336029635009097e-05,-1,0.999987663970365
"Kremer, Dean",-1.2337622028296825e-05,-1,0.9999876623779717
"Henriquez, Ronny",-1.2389343830775606e-05,-1,0.9999876106561693
"Vest, Will",-1.253843835955318e-05,-1,0.9999874615616404
"Kittredge, Andrew",-1.2655205714064545e-05,-1,0.999987344794286
"Dreyer, Jack",-1.2680913944372769e-05,-1,0.9999873190860556
"Ferrer, Jose A.",-1.2782662467883371e-05,-1,0.9999872173375322
"Díaz, Edwin",-1.294836315439209e-05,-1,0.9999870516368456
"Verlander, Justin",-1.3074059709127442e-05,-1,0.9999869259402909
"Rasmussen, Drew",-1.3094174192015786e-05,-1,0.999986905825808
"Abreu, Bryan",-1.3291693457429295e-05,-1,0.9999867083065426
"Rogers, Trevor",-1.333140085524514e-05,-1,0.9999866685991448
"Pérez, Eury",-1.3468575178367536e-05,-1,0.9999865314248216
"Valdez, Framber",-1.35358944568425e-05,-1,0.9999864641055431
"Bibee, Tanner",-1.3723140400549709e-05,-1,0.9999862768595994
"Bubic, Kris",-1.3831128729400348e-05,-1,0.9999861688712706
"Warren, Will",-1.391054343349751e-05,-1,0.9999860894565665
"Baker, Bryan",-1.420488194235421e-05,-1,0.9999857951180576
"Banks, Tanner",-1.4253640220410332e-05,-1,0.9999857463597795
"Kikuchi, Yusei",-1.4315153940127087e-05,-1,0.9999856848460599
"Williams, Devin",-1.432983208459616e-05,-1,0.9999856701679154
"Whitlock, Garrett",-1.4369407006928891e-05,-1,0.9999856305929931
"Mize, Casey",-1.4413508141851005e-05,-1,0.9999855864918582
"Junk, Janson",-1.4442541997689854e-05,-1,0.9999855574580023
"Ober, Bailey",-1.4543823886716777e-05,-1,0.9999854561761132
"Rodriguez, Eduardo",-1.4631924110294603e-05,-1,0.9999853680758897
"Estrada, Jeremiah",-1.4968604455328677e-05,-1,0.9999850313955446
"Detmers, Reid",-1.5001939586731462e-05,-1,0.9999849980604133
"Rodón, Carlos",-1.5189403714629487e-05,-1,0.9999848105962854
"Duran, Jhoan",-1.561168339427951e-05,-1,0.9999843883166057
"Smith, Cade",-1.5783460538911068e-05,-1,0.9999842165394611
"Ragans, Cole",-1.5811126228160596e-05,-1,0.9999841888737718
"Okert, Steven",-1.6145167081122177e-05,-1,0.9999838548329189
"Gore, MacKenzie",-1.6218193492519394e-05,-1,0.9999837818065075
"Castillo, Luis",-1.6244789834211566e-05,-1,0.9999837552101658
"Brown, Ben",-1.636334778504318e-05,-1,0.9999836366522149
"Pfaadt, Brandon",-1.6380061990818023e-05,-1,0.9999836199380092
"Kirby, George",-1.644026267952732e-05,-1,0.9999835597373204
"Lauer, Eric",-1.6539236867258218e-05,-1,0.9999834607631327
"Freeland, Kyle",-1.6633757961081616e-05,-1,0.9999833662420389
"Morejon, Adrian",-1.665545367459779e-05,-1,0.9999833445463254
"Lee, Dylan",-1.6951161719719316e-05,-1,0.9999830488382803
"Boyd, Matthew",-1.7005220354215134e-05,-1,0.9999829947796458
"Miller, Mason",-1.7054180045265558e-05,-1,0.9999829458199547
"Patrick, Chad",-1.736312439908539e-05,-1,0.999982636875601
"Littell, Zack",-1.7845401739785508e-05,-1,0.9999821545982602
"Ray, Robbie",-1.7929546414656927e-05,-1,0.9999820704535853
"Taillon, Jameson",-1.7961700035797314e-05,-1,0.9999820382999642
"Abbott, Andrew",-1.816752459818559e-05,-1,0.9999818324754018
"Speier, Gabe",-1.8301598308065167e-05,-1,0.9999816984016919
"Bednar, David",-1.8640181571666114e-05,-1,0.9999813598184283
"Yamamoto, Yoshinobu",-1.8821304161277157e-05,-1,0.9999811786958387
"Flaherty, Jack",-1.895655546944945e-05,-1,0.9999810434445305
"Fried, Max",-1.9077280379570405e-05,-1,0.9999809227196205
"Eovaldi, Nathan",-1.9141209031363238e-05,-1,0.9999808587909687
"Chapman, Aroldis",-2.0001497608643327e-05,-1,0.9999799985023914
"Kelly, Merrill",-2.014997070259553e-05,-1,0.9999798500292975
"Imanaga, Shota",-2.0463335290884667e-05,-1,0.9999795366647091
"Jax, Griffin",-2.0738702257087778e-05,-1,0.999979261297743
"Suárez, Ranger",-2.088401957571219e-05,-1,0.9999791159804243
"Lodolo, Nick",-2.1414901092719384e-05,-1,0.9999785850989072
"Peralta, Freddy",-2.2102396881645207e-05,-1,0.9999778976031184
"Schwellenbach, Spencer",-2.2142690175345995e-05,-1,0.9999778573098247
"Brown, Hunter",-2.259835964050313e-05,-1,0.9999774016403595
"Sale, Chris",-2.290674129689379e-05,-1,0.9999770932587031
"Gausman, Kevin",-2.3632587428764547e-05,-1,0.9999763674125712
"Greene, Hunter",-2.5324963346721435e-05,-1,0.9999746750366533
"Pivetta, Nick",-2.6765086399235733e-05,-1,0.9999732349136008
"Luzardo, Jesús",-2.6796331164736058e-05,-1,0.9999732036688352
"Woo, Bryan",-2.7393616345823317e-05,-1,0.9999726063836542
"Ryan, Joe",-2.7990257455102272e-05,-1,0.9999720097425449
"Wheeler, Zack",-2.837738207751088e-05,-1,0.9999716226179225
"Cease, Dylan",-2.8653670913189694e-05,-1,0.9999713463290868
"deGrom, Jacob",-2.890723316420791e-05,-1,0.9999710927668358
"Gilbert, Logan",-2.92054346444631e-05,-1,0.9999707945653555
"Webb, Logan",-3.241451500484691e-05,-1,0.9999675854849952
"Sánchez, Cristopher",-3.341848353297123e-05,-1,0.999966581516467
"Gray, Sonny",-3.3678101219042566e-05,-1,0.999966321898781
"Skenes, Paul",-3.439723114315836e-05,-1,0.9999656027688568
"Crochet, Garrett",-4.069545608468462e-05,-1,0.9999593045439154
"Skubal, Tarik",-4.722738009297021e-05,-1,0.999952772619907
